! WAMCES: dynamic model of the European power system, static network and operating point.
! Generated by tools/wamces_to_ramses.py from the published CSV tables and powerflow_sol.mat.
! Impedances converted from per unit on 100 MVA: LINE in ohms, TRANSFO in percent on 100 MVA.
! Do not add per-record comments: RAMSES holds them in a fixed buffer that a file this size overflows.

BUS CH1 380 83.8600 -11.9494 0. 0. ;
BUS CH2 380 108.0800 -15.4006 0. 0. ;
BUS CH3 380 66.7800 -9.5156 0. 0. ;
BUS CH4 380 84.5600 -12.0491 0. 0. ;
BUS CH5 380 55.9300 -7.9696 0. 0. ;
BUS DE6 380 53.7600 -7.6604 0. 0. ;
BUS DE7 380 90.5100 -12.8970 0. 0. ;
BUS DE8 380 87.6400 -12.4880 0. 0. ;
BUS CH9 380 106.4000 -15.1612 0. 0. ;
BUS CH10 220 27.9300 -3.9798 0. 0. ;
BUS CH11 380 122.2900 -17.4254 0. 0. ;
BUS CH12 220 36.0500 -5.1368 0. 0. ;
BUS CH13 380 73.0800 -10.4133 0. 0. ;
BUS CH14 380 87.4300 -12.4581 0. 0. ;
BUS CH15 380 56.2100 -8.0095 0. 0. ;
BUS CH16 380 90.3700 -12.8770 0. 0. ;
BUS CH17 220 28.2100 -4.0197 0. 0. ;
BUS CH18 380 55.0900 -7.8499 0. 0. ;
BUS DE19 380 48.4400 -6.9023 0. 0. ;
BUS DE20 380 53.3400 -7.6005 0. 0. ;
BUS DE21 380 65.8000 -9.3760 0. 0. ;
BUS DE22 220 17.9200 -2.5535 0. 0. ;
BUS DE23 380 92.4700 -13.1763 0. 0. ;
BUS DE24 220 30.1700 -4.2990 0. 0. ;
BUS DE25 380 77.9100 -11.1016 0. 0. ;
BUS DE26 220 29.1900 -4.1593 0. 0. ;
BUS CH27 220 24.3600 -3.4711 0. 0. ;
BUS CH28 380 103.1800 -14.7024 0. 0. ;
BUS CH29 380 21.2800 -3.0322 0. 0. ;
BUS CH30 220 40.7400 -5.8051 0. 0. ;
BUS CH31 220 38.7800 -5.5259 0. 0. ;
BUS CH32 220 36.8200 -5.2466 0. 0. ;
BUS CH33 380 31.6400 -4.5085 0. 0. ;
BUS CH34 220 24.3600 -3.4711 0. 0. ;
BUS FR35 380 97.0900 -13.8346 0. 0. ;
BUS FR36 380 101.6400 -14.4829 0. 0. ;
BUS CH37 380 84.2100 -11.9993 0. 0. ;
BUS CH38 380 58.0300 -8.2688 0. 0. ;
BUS CH39 380 27.1600 -3.8701 0. 0. ;
BUS CH40 380 76.9300 -10.9619 0. 0. ;
BUS CH41 380 100.1000 -14.2635 0. 0. ;
BUS CH42 380 104.1600 -14.8420 0. 0. ;
BUS CH43 380 82.1100 -11.7000 0. 0. ;
BUS CH44 220 30.1000 -4.2890 0. 0. ;
BUS CH45 220 22.4700 -3.2018 0. 0. ;
BUS FR46 380 96.3900 -13.7348 0. 0. ;
BUS FR47 380 109.6900 -15.6300 0. 0. ;
BUS DE48 380 90.7900 -12.9369 0. 0. ;
BUS DE49 220 21.9100 -3.1220 0. 0. ;
BUS DE50 220 16.1000 -2.2941 0. 0. ;
BUS DE51 380 92.8200 -13.2261 0. 0. ;
BUS DE52 380 112.3500 -16.0090 0. 0. ;
BUS DE53 220 32.2700 -4.5982 0. 0. ;
BUS DE54 380 77.8400 -11.0916 0. 0. ;
BUS DE55 380 135.1000 -19.2507 0. 0. ;
BUS CH56 220 32.9700 -4.6980 0. 0. ;
BUS CH57 220 24.8500 -3.5409 0. 0. ;
BUS CH58 380 95.9700 -13.6750 0. 0. ;
BUS CH59 380 8.4700 -1.2069 0. 0. ;
BUS CH60 220 34.3700 -4.8975 0. 0. ;
BUS CH61 380 12.1800 -1.7356 0. 0. ;
BUS CH62 220 41.1600 -5.8650 0. 0. ;
BUS CH63 220 35.9800 -5.1269 0. 0. ;
BUS CH64 220 41.6500 -5.9348 0. 0. ;
BUS CH65 220 38.3600 -5.4660 0. 0. ;
BUS CH66 380 110.4600 -15.7397 0. 0. ;
BUS CH67 220 10.5700 -1.5061 0. 0. ;
BUS CH68 220 25.6900 -3.6606 0. 0. ;
BUS CH69 220 10.7800 -1.5361 0. 0. ;
BUS FR70 380 73.1500 -10.4233 0. 0. ;
BUS FR71 220 33.8800 -4.8276 0. 0. ;
BUS CH72 380 72.1700 -10.2837 0. 0. ;
BUS CH73 380 57.3300 -8.1691 0. 0. ;
BUS CH74 380 18.4800 -2.6333 0. 0. ;
BUS CH75 380 11.2000 -1.5959 0. 0. ;
BUS CH76 380 96.4600 -13.7448 0. 0. ;
BUS CH77 220 34.7200 -4.9473 0. 0. ;
BUS CH78 380 76.1600 -10.8522 0. 0. ;
BUS CH79 220 25.5500 -3.6407 0. 0. ;
BUS FR80 220 32.1300 -4.5783 0. 0. ;
BUS FR81 380 121.0300 -17.2458 0. 0. ;
BUS FR82 380 100.1000 -14.2635 0. 0. ;
BUS FR83 380 96.1100 -13.6949 0. 0. ;
BUS FR84 220 36.5400 -5.2067 0. 0. ;
BUS DE85 380 105.5600 -15.0415 0. 0. ;
BUS DE86 380 105.7000 -15.0614 0. 0. ;
BUS DE87 380 94.9200 -13.5254 0. 0. ;
BUS DE88 220 30.2400 -4.3090 0. 0. ;
BUS DE89 220 37.0300 -5.2765 0. 0. ;
BUS FR90 220 34.7200 -4.9473 0. 0. ;
BUS DE91 380 144.4100 -20.5773 0. 0. ;
BUS DE92 220 33.0400 -4.7079 0. 0. ;
BUS DE93 220 32.9000 -4.6880 0. 0. ;
BUS DE94 380 71.0500 -10.1241 0. 0. ;
BUS DE95 380 134.8900 -19.2208 0. 0. ;
BUS DE96 380 142.4500 -20.2980 0. 0. ;
BUS AT97 380 75.8800 -10.8123 0. 0. ;
BUS CH98 380 91.9100 -13.0965 0. 0. ;
BUS CH99 220 31.9900 -4.5583 0. 0. ;
BUS CH100 380 11.1300 -1.5859 0. 0. ;
BUS CH101 380 6.4400 -0.9177 0. 0. ;
BUS CH102 220 31.3600 -4.4686 0. 0. ;
BUS CH103 220 14.7000 -2.0946 0. 0. ;
BUS CH104 380 9.6600 -1.3765 0. 0. ;
BUS CH105 380 23.1000 -3.2916 0. 0. ;
BUS CH106 220 4.0600 -0.5785 0. 0. ;
BUS CH107 220 44.8000 -6.3837 0. 0. ;
BUS CH108 220 45.5000 -6.4834 0. 0. ;
BUS CH109 380 107.5900 -15.3307 0. 0. ;
BUS CH110 220 6.2300 -0.8877 0. 0. ;
BUS CH111 220 7.6300 -1.0872 0. 0. ;
BUS CH112 220 9.6600 -1.3765 0. 0. ;
BUS CH113 220 24.0800 -3.4312 0. 0. ;
BUS CH114 220 5.3900 -0.7680 0. 0. ;
BUS CH115 220 13.3000 -1.8951 0. 0. ;
BUS CH116 220 18.8300 -2.6831 0. 0. ;
BUS FR117 380 107.3800 -15.3008 0. 0. ;
BUS FR118 220 24.3600 -3.4711 0. 0. ;
BUS FR119 220 26.9500 -3.8402 0. 0. ;
BUS FR120 220 25.0600 -3.5709 0. 0. ;
BUS FR121 220 32.3400 -4.6082 0. 0. ;
BUS FR122 220 31.5700 -4.4985 0. 0. ;
BUS CH123 380 72.3800 -10.3136 0. 0. ;
BUS CH124 380 7.2100 -1.0274 0. 0. ;
BUS CH125 220 6.1600 -0.8778 0. 0. ;
BUS CH126 380 28.9100 -4.1195 0. 0. ;
BUS CH127 220 3.7100 -0.5286 0. 0. ;
BUS CH128 380 94.0800 -13.4057 0. 0. ;
BUS CH129 220 32.1300 -4.5783 0. 0. ;
BUS CH130 220 35.8400 -5.1069 0. 0. ;
BUS FR131 220 32.3400 -4.6082 0. 0. ;
BUS FR132 220 35.0000 -4.9872 0. 0. ;
BUS FR133 220 30.8700 -4.3987 0. 0. ;
BUS FR134 220 33.8800 -4.8276 0. 0. ;
BUS FR135 380 66.6400 -9.4957 0. 0. ;
BUS FR136 380 162.8200 -23.2006 0. 0. ;
BUS FR137 380 74.0600 -10.5530 0. 0. ;
BUS FR138 220 32.0600 -4.5683 0. 0. ;
BUS DE139 380 111.1600 -15.8394 0. 0. ;
BUS DE140 380 120.0500 -17.1062 0. 0. ;
BUS DE141 380 107.5200 -15.3208 0. 0. ;
BUS DE142 220 34.3000 -4.8875 0. 0. ;
BUS DE143 220 33.6000 -4.7877 0. 0. ;
BUS DE144 220 41.8600 -5.9647 0. 0. ;
BUS DE145 220 39.7600 -5.6655 0. 0. ;
BUS FR146 220 31.9900 -4.5583 0. 0. ;
BUS FR147 220 34.0200 -4.8476 0. 0. ;
BUS FR148 220 54.2500 -7.7302 0. 0. ;
BUS DE149 380 80.1500 -11.4208 0. 0. ;
BUS AT150 380 52.5000 -7.4808 0. 0. ;
BUS DE151 380 137.8300 -19.6397 0. 0. ;
BUS DE152 380 106.8900 -15.2310 0. 0. ;
BUS DE153 220 47.4600 -6.7627 0. 0. ;
BUS AT154 380 104.5100 -14.8919 0. 0. ;
BUS CH155 380 84.0000 -11.9694 0. 0. ;
BUS CH156 220 49.1400 -7.0021 0. 0. ;
BUS CH157 380 44.0300 -6.2739 0. 0. ;
BUS CH158 380 33.0400 -4.7079 0. 0. ;
BUS CH159 380 11.2000 -1.5959 0. 0. ;
BUS CH160 380 8.6100 -1.2269 0. 0. ;
BUS CH161 380 99.5400 -14.1837 0. 0. ;
BUS CH162 220 3.2200 -0.4588 0. 0. ;
BUS CH163 220 7.7000 -1.0972 0. 0. ;
BUS CH164 220 3.2200 -0.4588 0. 0. ;
BUS CH165 220 5.8100 -0.8279 0. 0. ;
BUS CH166 220 5.7400 -0.8179 0. 0. ;
BUS CH167 220 23.0300 -3.2816 0. 0. ;
BUS CH168 380 29.0500 -4.1394 0. 0. ;
BUS CH169 220 11.2700 -1.6059 0. 0. ;
BUS CH170 220 11.5500 -1.6458 0. 0. ;
BUS CH171 220 32.0600 -4.5683 0. 0. ;
BUS CH172 220 2.9400 -0.4189 0. 0. ;
BUS CH173 220 6.5100 -0.9276 0. 0. ;
BUS CH174 220 27.3700 -3.9000 0. 0. ;
BUS CH175 220 22.1900 -3.1619 0. 0. ;
BUS FR176 380 96.8800 -13.8047 0. 0. ;
BUS FR177 380 126.4900 -18.0238 0. 0. ;
BUS FR178 380 126.0700 -17.9640 0. 0. ;
BUS FR179 380 102.1300 -14.5527 0. 0. ;
BUS FR180 380 122.8500 -17.5052 0. 0. ;
BUS FR181 220 35.7700 -5.0969 0. 0. ;
BUS FR182 220 18.6900 -2.6632 0. 0. ;
BUS FR183 220 28.6300 -4.0796 0. 0. ;
BUS FR184 220 29.6100 -4.2192 0. 0. ;
BUS FR185 220 34.9300 -4.9773 0. 0. ;
BUS CH186 380 72.3800 -10.3136 0. 0. ;
BUS CH187 380 8.9600 -1.2767 0. 0. ;
BUS CH188 220 4.9000 -0.6982 0. 0. ;
BUS CH189 380 35.8400 -5.1069 0. 0. ;
BUS CH190 220 4.1300 -0.5885 0. 0. ;
BUS CH191 220 35.8400 -5.1069 0. 0. ;
BUS FR192 220 37.8700 -5.3962 0. 0. ;
BUS FR193 220 34.0900 -4.8576 0. 0. ;
BUS FR194 380 72.5900 -10.3435 0. 0. ;
BUS FR195 380 148.1200 -21.1060 0. 0. ;
BUS FR196 380 68.3200 -9.7351 0. 0. ;
BUS FR197 220 24.7100 -3.5210 0. 0. ;
BUS FR198 220 26.8100 -3.8202 0. 0. ;
BUS DE199 380 100.4500 -14.3133 0. 0. ;
BUS DE200 380 80.5000 -11.4706 0. 0. ;
BUS DE201 380 115.5000 -16.4579 0. 0. ;
BUS DE202 380 153.7900 -21.9139 0. 0. ;
BUS DE203 380 109.5500 -15.6100 0. 0. ;
BUS DE204 380 87.7100 -12.4980 0. 0. ;
BUS DE205 380 114.8000 -16.3581 0. 0. ;
BUS DE206 220 31.7800 -4.5284 0. 0. ;
BUS DE207 220 44.3800 -6.3238 0. 0. ;
BUS DE208 220 34.3700 -4.8975 0. 0. ;
BUS FR209 220 35.0000 -4.9872 0. 0. ;
BUS FR210 220 55.6500 -7.9297 0. 0. ;
BUS DE211 380 84.2100 -11.9993 0. 0. ;
BUS AT212 380 28.7700 -4.0995 0. 0. ;
BUS AT213 220 17.5000 -2.4936 0. 0. ;
BUS DE214 380 138.2500 -19.6996 0. 0. ;
BUS DE215 380 133.9100 -19.0811 0. 0. ;
BUS DE216 380 72.8700 -10.3834 0. 0. ;
BUS DE217 220 42.4200 -6.0445 0. 0. ;
BUS DE218 220 51.2400 -7.3013 0. 0. ;
BUS CH219 220 28.0000 -3.9898 0. 0. ;
BUS CH220 380 24.3600 -3.4711 0. 0. ;
BUS IT221 380 181.2300 -25.8239 0. 0. ;
BUS CH222 220 3.7100 -0.5286 0. 0. ;
BUS CH223 380 17.7100 -2.5235 0. 0. ;
BUS CH224 380 107.4500 -15.3108 0. 0. ;
BUS CH225 220 3.4300 -0.4887 0. 0. ;
BUS CH226 220 4.8300 -0.6882 0. 0. ;
BUS CH227 380 33.8100 -4.8177 0. 0. ;
BUS CH228 220 12.3900 -1.7655 0. 0. ;
BUS CH229 220 19.1800 -2.7330 0. 0. ;
BUS CH230 220 11.8300 -1.6857 0. 0. ;
BUS CH231 220 27.9300 -3.9798 0. 0. ;
BUS CH232 220 3.9900 -0.5685 0. 0. ;
BUS CH233 220 2.7300 -0.3890 0. 0. ;
BUS FR234 380 50.9600 -7.2614 0. 0. ;
BUS FR235 380 35.2800 -5.0271 0. 0. ;
BUS FR236 380 36.6100 -5.2166 0. 0. ;
BUS FR237 380 37.8000 -5.3862 0. 0. ;
BUS FR238 380 33.3900 -4.7578 0. 0. ;
BUS FR239 380 43.8900 -6.2540 0. 0. ;
BUS FR240 220 42.1400 -6.0046 0. 0. ;
BUS FR241 380 94.0100 -13.3957 0. 0. ;
BUS FR242 380 139.3000 -19.8492 0. 0. ;
BUS CH243 380 76.7200 -10.9320 0. 0. ;
BUS CH244 380 92.8900 -13.2361 0. 0. ;
BUS FR245 380 109.4800 -15.6001 0. 0. ;
BUS FR246 220 40.9500 -5.8351 0. 0. ;
BUS CH247 220 25.5500 -3.6407 0. 0. ;
BUS FR248 220 17.0100 -2.4238 0. 0. ;
BUS FR249 220 49.6300 -7.0719 0. 0. ;
BUS FR250 220 37.8700 -5.3962 0. 0. ;
BUS FR251 220 35.1400 -5.0072 0. 0. ;
BUS FR252 220 32.0600 -4.5683 0. 0. ;
BUS FR253 220 28.8400 -4.1095 0. 0. ;
BUS FR254 220 30.2400 -4.3090 0. 0. ;
BUS FR255 220 16.1700 -2.3041 0. 0. ;
BUS IT256 380 6.7200 -0.9575 0. 0. ;
BUS CH257 380 8.7500 -1.2468 0. 0. ;
BUS CH258 380 48.7200 -6.9422 0. 0. ;
BUS CH259 220 5.5300 -0.7880 0. 0. ;
BUS CH260 220 6.2300 -0.8877 0. 0. ;
BUS CH261 220 38.2900 -5.4560 0. 0. ;
BUS FR262 380 91.4900 -13.0366 0. 0. ;
BUS FR263 380 43.9600 -6.2640 0. 0. ;
BUS FR264 220 24.2200 -3.4512 0. 0. ;
BUS FR265 380 46.9000 -6.6829 0. 0. ;
BUS FR266 220 49.3500 -7.0320 0. 0. ;
BUS FR267 380 59.0800 -8.4184 0. 0. ;
BUS FR268 220 13.1600 -1.8752 0. 0. ;
BUS FR269 220 23.3100 -3.3215 0. 0. ;
BUS FR270 220 18.4800 -2.6333 0. 0. ;
BUS FR271 220 20.6500 -2.9425 0. 0. ;
BUS FR272 220 22.4000 -3.1918 0. 0. ;
BUS DE273 380 146.0200 -20.8067 0. 0. ;
BUS DE274 380 78.7500 -11.2213 0. 0. ;
BUS DE275 380 84.9800 -12.1090 0. 0. ;
BUS DE276 380 114.5200 -16.3182 0. 0. ;
BUS DE277 380 91.9800 -13.1064 0. 0. ;
BUS DE278 380 66.9200 -9.5356 0. 0. ;
BUS DE279 220 41.1600 -5.8650 0. 0. ;
BUS DE280 220 29.2600 -4.1693 0. 0. ;
BUS DE281 220 33.1800 -4.7279 0. 0. ;
BUS FR282 220 62.6500 -8.9271 0. 0. ;
BUS FR283 220 62.2300 -8.8673 0. 0. ;
BUS FR284 220 59.0800 -8.4184 0. 0. ;
BUS FR285 220 56.7000 -8.0793 0. 0. ;
BUS AT286 380 45.7800 -6.5233 0. 0. ;
BUS CH287 380 10.2200 -1.4563 0. 0. ;
BUS AT288 220 6.6500 -0.9476 0. 0. ;
BUS AT289 220 15.7500 -2.2443 0. 0. ;
BUS DE290 380 153.5100 -21.8740 0. 0. ;
BUS DE291 380 142.4500 -20.2980 0. 0. ;
BUS DE292 380 72.5900 -10.3435 0. 0. ;
BUS DE293 380 72.1000 -10.2737 0. 0. ;
BUS DE294 380 84.2800 -12.0092 0. 0. ;
BUS DE295 380 127.1900 -18.1236 0. 0. ;
BUS IT296 380 199.7800 -28.4671 0. 0. ;
BUS CH297 220 5.3900 -0.7680 0. 0. ;
BUS CH298 380 17.5000 -2.4936 0. 0. ;
BUS CH299 380 10.7100 -1.5261 0. 0. ;
BUS CH300 220 35.8400 -5.1069 0. 0. ;
BUS CH301 220 4.7600 -0.6783 0. 0. ;
BUS CH302 220 5.2500 -0.7481 0. 0. ;
BUS CH303 380 58.9400 -8.3985 0. 0. ;
BUS CH304 220 20.7200 -2.9524 0. 0. ;
BUS CH305 220 16.6600 -2.3739 0. 0. ;
BUS IT306 220 7.2100 -1.0274 0. 0. ;
BUS IT307 220 7.0700 -1.0074 0. 0. ;
BUS CH308 220 19.6700 -2.8028 0. 0. ;
BUS CH309 220 3.1500 -0.4489 0. 0. ;
BUS FR310 380 53.9000 -7.6803 0. 0. ;
BUS IT311 380 200.7600 -28.6068 0. 0. ;
BUS FR312 380 25.5500 -3.6407 0. 0. ;
BUS FR313 380 43.1900 -6.1542 0. 0. ;
BUS FR314 380 348.2500 -49.6229 0. 0. ;
BUS FR315 380 64.4000 -9.1765 0. 0. ;
BUS FR316 380 91.4200 -13.0266 0. 0. ;
BUS FR317 380 50.9600 -7.2614 0. 0. ;
BUS FR318 220 12.6000 -1.7954 0. 0. ;
BUS FR319 380 31.9200 -4.5484 0. 0. ;
BUS FR320 220 11.1300 -1.5859 0. 0. ;
BUS FR321 380 148.8900 -21.2157 0. 0. ;
BUS FR322 220 14.6300 -2.0847 0. 0. ;
BUS FR323 220 7.5600 -1.0772 0. 0. ;
BUS FR324 220 65.3100 -9.3062 0. 0. ;
BUS FR325 220 51.4500 -7.3312 0. 0. ;
BUS FR326 220 51.0300 -7.2714 0. 0. ;
BUS IT327 380 215.3200 -30.6814 0. 0. ;
BUS FR328 380 50.6800 -7.2215 0. 0. ;
BUS FR329 380 143.9900 -20.5175 0. 0. ;
BUS FR330 380 88.3400 -12.5878 0. 0. ;
BUS FR331 220 31.3600 -4.4686 0. 0. ;
BUS FR332 380 180.1800 -25.6743 0. 0. ;
BUS CH333 380 63.6300 -9.0668 0. 0. ;
BUS FR334 220 47.1100 -6.7128 0. 0. ;
BUS FR335 220 48.3000 -6.8824 0. 0. ;
BUS FR336 220 33.3200 -4.7478 0. 0. ;
BUS FR337 220 16.8700 -2.4038 0. 0. ;
BUS FR338 220 12.5300 -1.7854 0. 0. ;
BUS FR339 220 14.6300 -2.0847 0. 0. ;
BUS FR340 220 49.4900 -7.0519 0. 0. ;
BUS FR341 220 47.3200 -6.7427 0. 0. ;
BUS FR342 220 49.6300 -7.0719 0. 0. ;
BUS FR343 220 53.0600 -7.5606 0. 0. ;
BUS FR344 220 49.4900 -7.0519 0. 0. ;
BUS FR345 220 17.7100 -2.5235 0. 0. ;
BUS FR346 220 17.9900 -2.5634 0. 0. ;
BUS FR347 220 16.0300 -2.2842 0. 0. ;
BUS FR348 220 13.1600 -1.8752 0. 0. ;
BUS IT349 220 2.2400 -0.3192 0. 0. ;
BUS IT350 380 49.1400 -7.0021 0. 0. ;
BUS CH351 220 16.2400 -2.3141 0. 0. ;
BUS CH352 220 9.5900 -1.3665 0. 0. ;
BUS CH353 220 37.8000 -5.3862 0. 0. ;
BUS FR354 380 104.3000 -14.8619 0. 0. ;
BUS FR355 380 116.9700 -16.6673 0. 0. ;
BUS FR356 380 86.8700 -12.3783 0. 0. ;
BUS DE357 380 69.0200 -9.8348 0. 0. ;
BUS FR358 220 30.5200 -4.3489 0. 0. ;
BUS FR359 220 14.6300 -2.0847 0. 0. ;
BUS FR360 220 26.1800 -3.7304 0. 0. ;
BUS FR361 220 19.2500 -2.7430 0. 0. ;
BUS FR362 220 29.8900 -4.2591 0. 0. ;
BUS FR363 380 36.3300 -5.1767 0. 0. ;
BUS FR364 220 56.7000 -8.0793 0. 0. ;
BUS FR365 220 47.8800 -6.8225 0. 0. ;
BUS FR366 220 15.7500 -2.2443 0. 0. ;
BUS FR367 220 23.2400 -3.3115 0. 0. ;
BUS FR368 220 23.0300 -3.2816 0. 0. ;
BUS FR369 220 18.8300 -2.6831 0. 0. ;
BUS DE370 380 158.7600 -22.6221 0. 0. ;
BUS DE371 380 94.7800 -13.5054 0. 0. ;
BUS DE372 220 48.6500 -6.9322 0. 0. ;
BUS DE373 220 26.2500 -3.7404 0. 0. ;
BUS DE374 380 82.1100 -11.7000 0. 0. ;
BUS DE375 380 123.5500 -17.6049 0. 0. ;
BUS DE376 380 101.0100 -14.3931 0. 0. ;
BUS DE377 380 84.7700 -12.0791 0. 0. ;
BUS DE378 380 81.0600 -11.5504 0. 0. ;
BUS DE379 220 35.2100 -5.0172 0. 0. ;
BUS DE380 380 99.4700 -14.1737 0. 0. ;
BUS FR381 220 57.3300 -8.1691 0. 0. ;
BUS FR382 220 60.2000 -8.5780 0. 0. ;
BUS FR383 220 63.1400 -8.9970 0. 0. ;
BUS FR384 220 62.5100 -8.9072 0. 0. ;
BUS DE385 380 69.9300 -9.9645 0. 0. ;
BUS AT386 380 39.8300 -5.6755 0. 0. ;
BUS AT387 220 15.2600 -2.1744 0. 0. ;
BUS DE388 380 91.4200 -13.0266 0. 0. ;
BUS DE389 220 24.0100 -3.4212 0. 0. ;
BUS DE390 380 92.6800 -13.2062 0. 0. ;
BUS DE391 380 109.9700 -15.6699 0. 0. ;
BUS IT392 380 198.6600 -28.3075 0. 0. ;
BUS IT393 380 208.1800 -29.6640 0. 0. ;
BUS IT394 380 185.2200 -26.3924 0. 0. ;
BUS IT395 380 186.0600 -26.5121 0. 0. ;
BUS CH396 220 5.7400 -0.8179 0. 0. ;
BUS IT397 380 27.7200 -3.9499 0. 0. ;
BUS CH398 220 4.9700 -0.7082 0. 0. ;
BUS CH399 220 3.9900 -0.5685 0. 0. ;
BUS CH400 380 68.3900 -9.7450 0. 0. ;
BUS FR401 220 19.6700 -2.8028 0. 0. ;
BUS IT402 220 11.9700 -1.7056 0. 0. ;
BUS IT403 220 6.6500 -0.9476 0. 0. ;
BUS CH404 220 21.2100 -3.0223 0. 0. ;
BUS IT405 380 86.5200 -12.3284 0. 0. ;
BUS IT406 380 183.4700 -26.1431 0. 0. ;
BUS IT407 380 271.9500 -38.7508 0. 0. ;
BUS IT408 380 209.5800 -29.8635 0. 0. ;
BUS IT409 220 66.9200 -9.5356 0. 0. ;
BUS FR410 380 15.2600 -2.1744 0. 0. ;
BUS FR411 380 43.5400 -6.2041 0. 0. ;
BUS FR412 380 442.6800 -63.0785 0. 0. ;
BUS FR413 380 59.8500 -8.5282 0. 0. ;
BUS FR414 220 21.4900 -3.0622 0. 0. ;
BUS FR415 380 508.0600 -72.3946 0. 0. ;
BUS FR416 380 146.8600 -20.9264 0. 0. ;
BUS FR417 380 45.7800 -6.5233 0. 0. ;
BUS FR418 380 449.4700 -64.0460 0. 0. ;
BUS FR419 220 30.4500 -4.3389 0. 0. ;
BUS FR420 220 13.5100 -1.9251 0. 0. ;
BUS FR421 220 16.2400 -2.3141 0. 0. ;
BUS FR422 220 12.8100 -1.8253 0. 0. ;
BUS FR423 220 14.4200 -2.0547 0. 0. ;
BUS FR424 380 58.1000 -8.2788 0. 0. ;
BUS FR425 220 16.3800 -2.3340 0. 0. ;
BUS FR426 220 14.8400 -2.1146 0. 0. ;
BUS FR427 220 11.4800 -1.6358 0. 0. ;
BUS FR428 220 18.6900 -2.6632 0. 0. ;
BUS FR429 380 149.5900 -21.3154 0. 0. ;
BUS FR430 220 14.3500 -2.0448 0. 0. ;
BUS FR431 220 14.7700 -2.1046 0. 0. ;
BUS FR432 220 18.6200 -2.6532 0. 0. ;
BUS FR433 220 6.3000 -0.8977 0. 0. ;
BUS FR434 220 68.2500 -9.7251 0. 0. ;
BUS IT435 380 86.0300 -12.2586 0. 0. ;
BUS IT436 380 59.2200 -8.4384 0. 0. ;
BUS FR437 380 101.6400 -14.4829 0. 0. ;
BUS FR438 380 76.9300 -10.9619 0. 0. ;
BUS FR439 380 202.5100 -28.8561 0. 0. ;
BUS FR440 220 29.4700 -4.1992 0. 0. ;
BUS FR441 220 26.8100 -3.8202 0. 0. ;
BUS FR442 220 32.6200 -4.6481 0. 0. ;
BUS FR443 380 106.9600 -15.2410 0. 0. ;
BUS FR444 380 188.6500 -26.8812 0. 0. ;
BUS FR445 220 60.0600 -8.5581 0. 0. ;
BUS CH446 380 69.5100 -9.9046 0. 0. ;
BUS FR447 220 19.6000 -2.7928 0. 0. ;
BUS FR448 220 8.8900 -1.2668 0. 0. ;
BUS FR449 220 6.4400 -0.9177 0. 0. ;
BUS FR450 220 49.8400 -7.1018 0. 0. ;
BUS FR451 380 142.0300 -20.2382 0. 0. ;
BUS FR452 220 51.7300 -7.3711 0. 0. ;
BUS FR453 220 60.2000 -8.5780 0. 0. ;
BUS FR454 220 18.2000 -2.5934 0. 0. ;
BUS IT455 220 4.4100 -0.6284 0. 0. ;
BUS IT456 380 28.4200 -4.0496 0. 0. ;
BUS IT457 380 113.3300 -16.1487 0. 0. ;
BUS IT458 380 108.6400 -15.4804 0. 0. ;
BUS CH459 220 38.5700 -5.4959 0. 0. ;
BUS CH460 220 6.3000 -0.8977 0. 0. ;
BUS CH461 220 12.6700 -1.8054 0. 0. ;
BUS FR462 380 90.9300 -12.9568 0. 0. ;
BUS FR463 380 105.5600 -15.0415 0. 0. ;
BUS FR464 380 36.9600 -5.2665 0. 0. ;
BUS FR465 220 28.9800 -4.1294 0. 0. ;
BUS DE466 380 64.9600 -9.2563 0. 0. ;
BUS DE467 220 23.0300 -3.2816 0. 0. ;
BUS FR468 220 35.2100 -5.0172 0. 0. ;
BUS FR469 220 28.7700 -4.0995 0. 0. ;
BUS FR470 220 27.8600 -3.9698 0. 0. ;
BUS FR471 220 29.5400 -4.2092 0. 0. ;
BUS FR472 220 10.8500 -1.5460 0. 0. ;
BUS FR473 220 14.1400 -2.0148 0. 0. ;
BUS FR474 220 11.4800 -1.6358 0. 0. ;
BUS FR475 220 28.7700 -4.0995 0. 0. ;
BUS FR476 220 28.9800 -4.1294 0. 0. ;
BUS FR477 380 68.1800 -9.7151 0. 0. ;
BUS FR478 220 14.8400 -2.1146 0. 0. ;
BUS FR479 220 18.2700 -2.6033 0. 0. ;
BUS FR480 220 22.1900 -3.1619 0. 0. ;
BUS DE481 380 150.8500 -21.4950 0. 0. ;
BUS DE482 380 132.2300 -18.8418 0. 0. ;
BUS DE483 380 91.2100 -12.9967 0. 0. ;
BUS DE484 220 31.5700 -4.4985 0. 0. ;
BUS DE485 220 29.9600 -4.2691 0. 0. ;
BUS DE486 220 27.3000 -3.8900 0. 0. ;
BUS DE487 380 69.6500 -9.9246 0. 0. ;
BUS DE488 380 120.4700 -17.1660 0. 0. ;
BUS DE489 380 70.4900 -10.0443 0. 0. ;
BUS DE490 380 91.4900 -13.0366 0. 0. ;
BUS FR491 220 41.3000 -5.8849 0. 0. ;
BUS FR492 220 70.0000 -9.9745 0. 0. ;
BUS DE493 380 105.4200 -15.0215 0. 0. ;
BUS DE494 380 59.3600 -8.4583 0. 0. ;
BUS AT495 220 13.3000 -1.8951 0. 0. ;
BUS AT496 220 18.9700 -2.7031 0. 0. ;
BUS AT497 220 4.9000 -0.6982 0. 0. ;
BUS DE498 380 97.2300 -13.8545 0. 0. ;
BUS DE499 380 80.8500 -11.5205 0. 0. ;
BUS DE500 220 26.7400 -3.8102 0. 0. ;
BUS IT501 380 123.2700 -17.5650 0. 0. ;
BUS IT502 380 203.5600 -29.0057 0. 0. ;
BUS IT503 380 198.7300 -28.3175 0. 0. ;
BUS IT504 220 69.3700 -9.8847 0. 0. ;
BUS IT505 220 61.7400 -8.7975 0. 0. ;
BUS IT506 380 187.6000 -26.7316 0. 0. ;
BUS CH507 220 5.6000 -0.7980 0. 0. ;
BUS IT508 380 18.3400 -2.6133 0. 0. ;
BUS IT509 380 94.9900 -13.5353 0. 0. ;
BUS IT510 380 85.0500 -12.1190 0. 0. ;
BUS IT511 220 9.2400 -1.3166 0. 0. ;
BUS CH512 220 4.6900 -0.6683 0. 0. ;
BUS IT513 220 10.5000 -1.4962 0. 0. ;
BUS IT514 220 13.6500 -1.9450 0. 0. ;
BUS IT515 220 9.3100 -1.3266 0. 0. ;
BUS CH516 220 32.2700 -4.5982 0. 0. ;
BUS IT517 380 160.8600 -22.9213 0. 0. ;
BUS IT518 220 28.8400 -4.1095 0. 0. ;
BUS IT519 380 53.3400 -7.6005 0. 0. ;
BUS IT520 380 183.4700 -26.1431 0. 0. ;
BUS IT521 220 90.6500 -12.9169 0. 0. ;
BUS IT522 220 69.8600 -9.9545 0. 0. ;
BUS IT523 220 68.3200 -9.7351 0. 0. ;
BUS IT524 220 24.5000 -3.4911 0. 0. ;
BUS FR525 380 20.7200 -2.9524 0. 0. ;
BUS FR526 380 16.1000 -2.2941 0. 0. ;
BUS FR527 220 5.1100 -0.7281 0. 0. ;
BUS FR528 380 43.2600 -6.1642 0. 0. ;
BUS FR529 380 42.4900 -6.0545 0. 0. ;
BUS FR530 380 553.0000 -78.7982 0. 0. ;
BUS FR531 220 22.8900 -3.2616 0. 0. ;
BUS FR532 220 24.7100 -3.5210 0. 0. ;
BUS FR533 220 28.1400 -4.0097 0. 0. ;
BUS FR534 380 527.1000 -75.1077 0. 0. ;
BUS FR535 220 169.3300 -24.1282 0. 0. ;
BUS FR536 380 92.5400 -13.1862 0. 0. ;
BUS FR537 380 37.1000 -5.2865 0. 0. ;
BUS FR538 380 74.6900 -10.6427 0. 0. ;
BUS FR539 220 48.9300 -6.9721 0. 0. ;
BUS FR540 380 86.4500 -12.3185 0. 0. ;
BUS FR541 220 15.2600 -2.1744 0. 0. ;
BUS FR542 380 548.0300 -78.0900 0. 0. ;
BUS FR543 220 149.8000 -21.3453 0. 0. ;
BUS FR544 220 24.7100 -3.5210 0. 0. ;
BUS FR545 220 26.9500 -3.8402 0. 0. ;
BUS FR546 220 24.1500 -3.4412 0. 0. ;
BUS FR547 220 14.9100 -2.1246 0. 0. ;
BUS FR548 220 14.2100 -2.0248 0. 0. ;
BUS FR549 220 138.7400 -19.7694 0. 0. ;
BUS FR550 220 14.3500 -2.0448 0. 0. ;
BUS FR551 220 13.7200 -1.9550 0. 0. ;
BUS FR552 220 11.4100 -1.6258 0. 0. ;
BUS FR553 220 9.4500 -1.3466 0. 0. ;
BUS FR554 380 79.8700 -11.3809 0. 0. ;
BUS FR555 220 16.4500 -2.3440 0. 0. ;
BUS FR556 220 14.9800 -2.1345 0. 0. ;
BUS IT557 380 49.0000 -6.9821 0. 0. ;
BUS IT558 380 151.4800 -21.5847 0. 0. ;
BUS FR559 380 84.7000 -12.0691 0. 0. ;
BUS FR560 220 25.6200 -3.6507 0. 0. ;
BUS FR561 220 28.1400 -4.0097 0. 0. ;
BUS FR562 220 33.6700 -4.7977 0. 0. ;
BUS FR563 220 62.8600 -8.9571 0. 0. ;
BUS FR564 220 10.4300 -1.4862 0. 0. ;
BUS FR565 220 31.4300 -4.4785 0. 0. ;
BUS FR566 220 58.1000 -8.2788 0. 0. ;
BUS FR567 220 32.3400 -4.6082 0. 0. ;
BUS FR568 220 60.1300 -8.5681 0. 0. ;
BUS FR569 220 64.4700 -9.1865 0. 0. ;
BUS FR570 380 146.0200 -20.8067 0. 0. ;
BUS FR571 220 48.6500 -6.9322 0. 0. ;
BUS FR572 220 64.0500 -9.1266 0. 0. ;
BUS FR573 220 64.0500 -9.1266 0. 0. ;
BUS IT574 220 7.7700 -1.1072 0. 0. ;
BUS CH575 380 220.2200 -31.3797 0. 0. ;
BUS CH576 220 6.3000 -0.8977 0. 0. ;
BUS FR577 380 84.7000 -12.0691 0. 0. ;
BUS FR578 380 247.2400 -35.2298 0. 0. ;
BUS FR579 380 75.8100 -10.8023 0. 0. ;
BUS FR580 380 39.7600 -5.6655 0. 0. ;
BUS FR581 380 81.2000 -11.5704 0. 0. ;
BUS LU582 220 39.3400 -5.6056 0. 0. ;
BUS FR583 220 26.3900 -3.7604 0. 0. ;
BUS FR584 220 28.9100 -4.1195 0. 0. ;
BUS DE585 380 72.3100 -10.3036 0. 0. ;
BUS FR586 220 30.3100 -4.3189 0. 0. ;
BUS FR587 220 34.5100 -4.9174 0. 0. ;
BUS FR588 220 34.1600 -4.8675 0. 0. ;
BUS FR589 220 22.7500 -3.2417 0. 0. ;
BUS FR590 220 15.6100 -2.2243 0. 0. ;
BUS DE591 380 136.4300 -19.4402 0. 0. ;
BUS DE592 380 130.0600 -18.5325 0. 0. ;
BUS DE593 220 44.1000 -6.2839 0. 0. ;
BUS DE594 380 99.9600 -14.2435 0. 0. ;
BUS DE595 380 90.1600 -12.8471 0. 0. ;
BUS DE596 220 27.3700 -3.9000 0. 0. ;
BUS DE597 380 47.7400 -6.8026 0. 0. ;
BUS DE598 220 23.2400 -3.3115 0. 0. ;
BUS DE599 380 69.5800 -9.9146 0. 0. ;
BUS DE600 380 71.4000 -10.1739 0. 0. ;
BUS DE601 380 80.1500 -11.4208 0. 0. ;
BUS AT602 220 14.7000 -2.0946 0. 0. ;
BUS AT603 220 24.4300 -3.4811 0. 0. ;
BUS AT604 220 57.4000 -8.1791 0. 0. ;
BUS AT605 380 56.9100 -8.1092 0. 0. ;
BUS DE606 380 88.4800 -12.6077 0. 0. ;
BUS DE607 380 193.7600 -27.6093 0. 0. ;
BUS DE608 380 66.9200 -9.5356 0. 0. ;
BUS IT609 380 135.6600 -19.3305 0. 0. ;
BUS IT610 380 200.5500 -28.5768 0. 0. ;
BUS IT611 380 55.6500 -7.9297 0. 0. ;
BUS IT612 220 66.2200 -9.4358 0. 0. ;
BUS IT613 220 68.8100 -9.8049 0. 0. ;
BUS IT614 220 62.5100 -8.9072 0. 0. ;
BUS IT615 220 17.0100 -2.4238 0. 0. ;
BUS IT616 380 107.8700 -15.3706 0. 0. ;
BUS IT617 380 109.5500 -15.6100 0. 0. ;
BUS IT618 380 107.5900 -15.3307 0. 0. ;
BUS IT619 220 31.6400 -4.5085 0. 0. ;
BUS IT620 220 28.3500 -4.0397 0. 0. ;
BUS CH621 220 31.5700 -4.4985 0. 0. ;
BUS IT622 220 53.6200 -7.6404 0. 0. ;
BUS IT623 380 127.4000 -18.1535 0. 0. ;
BUS IT624 380 65.2400 -9.2962 0. 0. ;
BUS IT625 380 150.7800 -21.4850 0. 0. ;
BUS IT626 220 38.8500 -5.5358 0. 0. ;
BUS IT627 220 42.4900 -6.0545 0. 0. ;
BUS FR628 220 5.5300 -0.7880 0. 0. ;
BUS FR629 380 45.0100 -6.4136 0. 0. ;
BUS FR630 220 14.1400 -2.0148 0. 0. ;
BUS FR631 380 555.5900 -79.1673 0. 0. ;
BUS FR632 380 403.2000 -57.4529 0. 0. ;
BUS FR633 220 184.3100 -26.2628 0. 0. ;
BUS FR634 220 23.0300 -3.2816 0. 0. ;
BUS FR635 220 24.8500 -3.5409 0. 0. ;
BUS FR636 220 24.5000 -3.4911 0. 0. ;
BUS FR637 220 23.6600 -3.3714 0. 0. ;
BUS FR638 380 104.7200 -14.9218 0. 0. ;
BUS FR639 220 175.7000 -25.0359 0. 0. ;
BUS FR640 220 186.3400 -26.5520 0. 0. ;
BUS FR641 380 82.1800 -11.7100 0. 0. ;
BUS FR642 380 51.2400 -7.3013 0. 0. ;
BUS FR643 380 20.3700 -2.9026 0. 0. ;
BUS FR644 380 306.3200 -43.6482 0. 0. ;
BUS FR645 220 30.8700 -4.3987 0. 0. ;
BUS FR646 220 12.3900 -1.7655 0. 0. ;
BUS FR647 380 86.0300 -12.2586 0. 0. ;
BUS FR648 380 155.2600 -22.1234 0. 0. ;
BUS FR649 220 24.9200 -3.5509 0. 0. ;
BUS FR650 220 24.3600 -3.4711 0. 0. ;
BUS FR651 380 28.4200 -4.0496 0. 0. ;
BUS FR652 380 62.6500 -8.9271 0. 0. ;
BUS FR653 220 14.2100 -2.0248 0. 0. ;
BUS FR654 380 512.6100 -73.0430 0. 0. ;
BUS FR655 220 182.7000 -26.0333 0. 0. ;
BUS FR656 220 173.1100 -24.6668 0. 0. ;
BUS FR657 220 161.7700 -23.0510 0. 0. ;
BUS FR658 220 117.1800 -16.6972 0. 0. ;
BUS FR659 220 20.5800 -2.9325 0. 0. ;
BUS FR660 220 32.5500 -4.6381 0. 0. ;
BUS FR661 220 158.6200 -22.6021 0. 0. ;
BUS FR662 220 7.6300 -1.0872 0. 0. ;
BUS FR663 380 73.9900 -10.5430 0. 0. ;
BUS FR664 220 26.6000 -3.7903 0. 0. ;
BUS IT665 220 50.4700 -7.1916 0. 0. ;
BUS FR666 380 85.8900 -12.2387 0. 0. ;
BUS FR667 380 136.4300 -19.4402 0. 0. ;
BUS FR668 220 26.9500 -3.8402 0. 0. ;
BUS FR669 220 50.6100 -7.2115 0. 0. ;
BUS FR670 220 28.2100 -4.0197 0. 0. ;
BUS FR671 220 27.3000 -3.8900 0. 0. ;
BUS FR672 220 27.1600 -3.8701 0. 0. ;
BUS FR673 220 22.6100 -3.2218 0. 0. ;
BUS FR674 220 39.6900 -5.6555 0. 0. ;
BUS FR675 220 11.3400 -1.6159 0. 0. ;
BUS FR676 220 31.2200 -4.4486 0. 0. ;
BUS FR677 220 33.8800 -4.8276 0. 0. ;
BUS FR678 220 28.3500 -4.0397 0. 0. ;
BUS FR679 220 64.9600 -9.2563 0. 0. ;
BUS FR680 220 55.1600 -7.8599 0. 0. ;
BUS CH681 220 9.6600 -1.3765 0. 0. ;
BUS CH682 220 2.5200 -0.3591 0. 0. ;
BUS FR683 220 28.2100 -4.0197 0. 0. ;
BUS FR684 380 319.1300 -45.4736 0. 0. ;
BUS FR685 380 288.0500 -41.0449 0. 0. ;
BUS FR686 220 82.3900 -11.7399 0. 0. ;
BUS BE687 380 70.2800 -10.0144 0. 0. ;
BUS FR688 380 46.2700 -6.5931 0. 0. ;
BUS FR689 220 13.2300 -1.8852 0. 0. ;
BUS FR690 220 27.0900 -3.8601 0. 0. ;
BUS BE691 220 17.5700 -2.5036 0. 0. ;
BUS FR692 220 17.2900 -2.4637 0. 0. ;
BUS DE693 220 24.0800 -3.4312 0. 0. ;
BUS FR694 220 36.1900 -5.1568 0. 0. ;
BUS FR695 220 22.8900 -3.2616 0. 0. ;
BUS DE696 380 145.1800 -20.6870 0. 0. ;
BUS DE697 380 140.4200 -20.0088 0. 0. ;
BUS DE698 380 136.6400 -19.4701 0. 0. ;
BUS DE699 220 45.5000 -6.4834 0. 0. ;
BUS DE700 380 114.8000 -16.3581 0. 0. ;
BUS DE701 380 119.0700 -16.9666 0. 0. ;
BUS DE702 220 30.3800 -4.3289 0. 0. ;
BUS DE703 220 45.5700 -6.4934 0. 0. ;
BUS DE704 380 111.3000 -15.8594 0. 0. ;
BUS DE705 380 133.0700 -18.9614 0. 0. ;
BUS DE706 220 33.3200 -4.7478 0. 0. ;
BUS DE707 220 30.0300 -4.2790 0. 0. ;
BUS DE708 380 43.7500 -6.2340 0. 0. ;
BUS DE709 220 15.8900 -2.2642 0. 0. ;
BUS DE710 220 23.3800 -3.3315 0. 0. ;
BUS DE711 380 86.7300 -12.3584 0. 0. ;
BUS DE712 380 375.9000 -53.5628 0. 0. ;
BUS DE713 380 71.6800 -10.2138 0. 0. ;
BUS DE714 380 77.3500 -11.0218 0. 0. ;
BUS AT715 220 29.8200 -4.2491 0. 0. ;
BUS AT716 220 32.2700 -4.5982 0. 0. ;
BUS AT717 220 71.4700 -10.1839 0. 0. ;
BUS AT718 220 22.4000 -3.1918 0. 0. ;
BUS AT719 380 41.4400 -5.9049 0. 0. ;
BUS AT720 380 45.4300 -6.4734 0. 0. ;
BUS DE721 380 73.8500 -10.5231 0. 0. ;
BUS DE722 380 187.8100 -26.7615 0. 0. ;
BUS DE723 380 204.0500 -29.0756 0. 0. ;
BUS DE724 380 188.6500 -26.8812 0. 0. ;
BUS IT725 380 107.9400 -15.3806 0. 0. ;
BUS IT726 380 61.3900 -8.7476 0. 0. ;
BUS IT727 380 163.8700 -23.3502 0. 0. ;
BUS IT728 380 80.4300 -11.4607 0. 0. ;
BUS IT729 220 36.4700 -5.1967 0. 0. ;
BUS IT730 220 25.2000 -3.5908 0. 0. ;
BUS IT731 220 66.2200 -9.4358 0. 0. ;
BUS IT732 220 64.6100 -9.2064 0. 0. ;
BUS IT733 220 9.8700 -1.4064 0. 0. ;
BUS IT734 220 7.0000 -0.9974 0. 0. ;
BUS IT735 380 77.4200 -11.0318 0. 0. ;
BUS IT736 380 94.1500 -13.4156 0. 0. ;
BUS IT737 380 92.6800 -13.2062 0. 0. ;
BUS IT738 380 131.0400 -18.6722 0. 0. ;
BUS IT739 220 33.4600 -4.7678 0. 0. ;
BUS CH740 220 27.3700 -3.9000 0. 0. ;
BUS IT741 380 80.9900 -11.5404 0. 0. ;
BUS IT742 380 136.2900 -19.4203 0. 0. ;
BUS IT743 380 93.7300 -13.3558 0. 0. ;
BUS IT744 380 122.0100 -17.3855 0. 0. ;
BUS IT745 220 46.1300 -6.5732 0. 0. ;
BUS IT746 220 39.6900 -5.6555 0. 0. ;
BUS FR747 220 14.4200 -2.0547 0. 0. ;
BUS FR748 220 14.4200 -2.0547 0. 0. ;
BUS FR749 220 12.3200 -1.7555 0. 0. ;
BUS FR750 380 566.3000 -80.6934 0. 0. ;
BUS FR751 380 70.2800 -10.0144 0. 0. ;
BUS FR752 380 554.8900 -79.0675 0. 0. ;
BUS FR753 380 199.7800 -28.4671 0. 0. ;
BUS FR754 380 81.2700 -11.5803 0. 0. ;
BUS FR755 220 134.4000 -19.1510 0. 0. ;
BUS FR756 220 188.7900 -26.9011 0. 0. ;
BUS FR757 220 140.7700 -20.0586 0. 0. ;
BUS FR758 220 169.6100 -24.1681 0. 0. ;
BUS FR759 220 188.7900 -26.9011 0. 0. ;
BUS FR760 220 189.5600 -27.0108 0. 0. ;
BUS FR761 220 184.9400 -26.3525 0. 0. ;
BUS FR762 220 27.9300 -3.9798 0. 0. ;
BUS FR763 220 26.1800 -3.7304 0. 0. ;
BUS FR764 220 27.2300 -3.8801 0. 0. ;
BUS FR765 380 79.8700 -11.3809 0. 0. ;
BUS FR766 220 189.9800 -27.0707 0. 0. ;
BUS FR767 220 187.6000 -26.7316 0. 0. ;
BUS FR768 380 99.3300 -14.1538 0. 0. ;
BUS FR769 380 83.0200 -11.8297 0. 0. ;
BUS FR770 380 63.6300 -9.0668 0. 0. ;
BUS FR771 380 60.9700 -8.6878 0. 0. ;
BUS FR772 380 69.4400 -9.8947 0. 0. ;
BUS FR773 220 17.0800 -2.4338 0. 0. ;
BUS FR774 380 31.5000 -4.4885 0. 0. ;
BUS FR775 380 27.6500 -3.9399 0. 0. ;
BUS FR776 220 6.7900 -0.9675 0. 0. ;
BUS FR777 380 104.7900 -14.9318 0. 0. ;
BUS FR778 220 26.6700 -3.8003 0. 0. ;
BUS FR779 220 32.6900 -4.6581 0. 0. ;
BUS FR780 220 28.7700 -4.0995 0. 0. ;
BUS FR781 220 24.0100 -3.4212 0. 0. ;
BUS FR782 220 50.9600 -7.2614 0. 0. ;
BUS FR783 220 28.2100 -4.0197 0. 0. ;
BUS FR784 220 10.6400 -1.5161 0. 0. ;
BUS FR785 220 8.1900 -1.1670 0. 0. ;
BUS FR786 220 38.2200 -5.4461 0. 0. ;
BUS FR787 220 13.3700 -1.9051 0. 0. ;
BUS FR788 220 18.8300 -2.6831 0. 0. ;
BUS FR789 220 28.7000 -4.0895 0. 0. ;
BUS FR790 220 51.7300 -7.3711 0. 0. ;
BUS FR791 220 19.5300 -2.7829 0. 0. ;
BUS FR792 220 46.1300 -6.5732 0. 0. ;
BUS FR793 220 51.5200 -7.3412 0. 0. ;
BUS FR794 220 36.0500 -5.1368 0. 0. ;
BUS FR795 220 22.7500 -3.2417 0. 0. ;
BUS FR796 380 34.1600 -4.8675 0. 0. ;
BUS FR797 220 20.8600 -2.9724 0. 0. ;
BUS FR798 380 444.9900 -63.4076 0. 0. ;
BUS FR799 220 170.8700 -24.3477 0. 0. ;
BUS FR800 220 186.2000 -26.5321 0. 0. ;
BUS FR801 220 189.4900 -27.0009 0. 0. ;
BUS FR802 220 183.8900 -26.2029 0. 0. ;
BUS FR803 220 118.4400 -16.8768 0. 0. ;
BUS FR804 220 27.0900 -3.8601 0. 0. ;
BUS FR805 220 21.5600 -3.0721 0. 0. ;
BUS FR806 220 25.9000 -3.6906 0. 0. ;
BUS FR807 220 9.6600 -1.3765 0. 0. ;
BUS IT808 220 51.7300 -7.3711 0. 0. ;
BUS IT809 220 50.3300 -7.1716 0. 0. ;
BUS FR810 220 28.6300 -4.0796 0. 0. ;
BUS FR811 380 90.3000 -12.8671 0. 0. ;
BUS FR812 380 126.2100 -17.9840 0. 0. ;
BUS FR813 380 183.7500 -26.1830 0. 0. ;
BUS FR814 380 121.2400 -17.2758 0. 0. ;
BUS FR815 220 45.5000 -6.4834 0. 0. ;
BUS FR816 220 27.5800 -3.9299 0. 0. ;
BUS FR817 220 27.3700 -3.9000 0. 0. ;
BUS FR818 220 40.5300 -5.7752 0. 0. ;
BUS FR819 220 43.6100 -6.2141 0. 0. ;
BUS FR820 220 40.2500 -5.7353 0. 0. ;
BUS FR821 220 53.5500 -7.6305 0. 0. ;
BUS FR822 220 16.3800 -2.3340 0. 0. ;
BUS BE823 380 262.9200 -37.4641 0. 0. ;
BUS FR824 380 269.9900 -38.4715 0. 0. ;
BUS FR825 380 197.1200 -28.0881 0. 0. ;
BUS FR826 220 96.0400 -13.6850 0. 0. ;
BUS FR827 220 84.6300 -12.0591 0. 0. ;
BUS FR828 220 87.9900 -12.5379 0. 0. ;
BUS FR829 220 42.4200 -6.0445 0. 0. ;
BUS FR830 220 84.4200 -12.0292 0. 0. ;
BUS BE831 380 124.1800 -17.6947 0. 0. ;
BUS FR832 220 11.9700 -1.7056 0. 0. ;
BUS FR833 220 12.8100 -1.8253 0. 0. ;
BUS BE834 220 37.1000 -5.2865 0. 0. ;
BUS BE835 220 15.4000 -2.1944 0. 0. ;
BUS BE836 220 19.8800 -2.8327 0. 0. ;
BUS BE837 380 52.7800 -7.5207 0. 0. ;
BUS LU838 220 32.9000 -4.6880 0. 0. ;
BUS DE839 220 24.0100 -3.4212 0. 0. ;
BUS FR840 220 22.7500 -3.2417 0. 0. ;
BUS DE841 380 117.0400 -16.6773 0. 0. ;
BUS DE842 380 142.1000 -20.2482 0. 0. ;
BUS DE843 380 114.5900 -16.3282 0. 0. ;
BUS DE844 220 38.2900 -5.4560 0. 0. ;
BUS DE845 380 141.4700 -20.1584 0. 0. ;
BUS DE846 380 123.7600 -17.6348 0. 0. ;
BUS DE847 380 114.3800 -16.2983 0. 0. ;
BUS DE848 220 37.1000 -5.2865 0. 0. ;
BUS DE849 220 24.3600 -3.4711 0. 0. ;
BUS DE850 380 40.2500 -5.7353 0. 0. ;
BUS DE851 380 120.4700 -17.1660 0. 0. ;
BUS DE852 380 347.9700 -49.5830 0. 0. ;
BUS DE853 380 78.9600 -11.2512 0. 0. ;
BUS DE854 380 80.2200 -11.4307 0. 0. ;
BUS AT855 220 20.0200 -2.8527 0. 0. ;
BUS AT856 380 58.9400 -8.3985 0. 0. ;
BUS AT857 380 27.2300 -3.8801 0. 0. ;
BUS DE858 380 164.5700 -23.4500 0. 0. ;
BUS DE859 380 197.7500 -28.1778 0. 0. ;
BUS DE860 220 68.0400 -9.6952 0. 0. ;
BUS IT861 380 54.6000 -7.7801 0. 0. ;
BUS IT862 380 121.9400 -17.3755 0. 0. ;
BUS IT863 380 83.4400 -11.8896 0. 0. ;
BUS IT864 380 115.3600 -16.4379 0. 0. ;
BUS IT865 220 34.1600 -4.8675 0. 0. ;
BUS IT866 220 41.1600 -5.8650 0. 0. ;
BUS IT867 220 48.5800 -6.9223 0. 0. ;
BUS IT868 220 42.9800 -6.1243 0. 0. ;
BUS IT869 220 37.5900 -5.3563 0. 0. ;
BUS IT870 380 75.5300 -10.7624 0. 0. ;
BUS IT871 220 45.4300 -6.4734 0. 0. ;
BUS IT872 220 27.0200 -3.8501 0. 0. ;
BUS IT873 220 8.3300 -1.1870 0. 0. ;
BUS IT874 380 135.8700 -19.3604 0. 0. ;
BUS IT875 220 31.3600 -4.4686 0. 0. ;
BUS IT876 380 88.0600 -12.5479 0. 0. ;
BUS IT877 380 90.3000 -12.8671 0. 0. ;
BUS IT878 380 107.5900 -15.3307 0. 0. ;
BUS IT879 220 33.9500 -4.8376 0. 0. ;
BUS IT880 220 28.2100 -4.0197 0. 0. ;
BUS IT881 380 77.7700 -11.0816 0. 0. ;
BUS IT882 380 152.6700 -21.7543 0. 0. ;
BUS FR883 380 98.4900 -14.0341 0. 0. ;
BUS FR884 380 142.3800 -20.2881 0. 0. ;
BUS FR885 380 46.6900 -6.6530 0. 0. ;
BUS FR886 220 23.4500 -3.3414 0. 0. ;
BUS FR887 380 83.5100 -11.8995 0. 0. ;
BUS FR888 220 66.5700 -9.4857 0. 0. ;
BUS FR889 380 58.7300 -8.3686 0. 0. ;
BUS FR890 380 84.2100 -11.9993 0. 0. ;
BUS FR891 380 91.7700 -13.0765 0. 0. ;
BUS FR892 220 44.5900 -6.3537 0. 0. ;
BUS FR893 220 33.4600 -4.7678 0. 0. ;
BUS FR894 220 62.3700 -8.8872 0. 0. ;
BUS FR895 220 31.6400 -4.5085 0. 0. ;
BUS FR896 220 130.2000 -18.5525 0. 0. ;
BUS FR897 220 190.8200 -27.1904 0. 0. ;
BUS FR898 220 22.6100 -3.2218 0. 0. ;
BUS FR899 220 29.4700 -4.1992 0. 0. ;
BUS FR900 220 26.6000 -3.7903 0. 0. ;
BUS FR901 380 120.1200 -17.1162 0. 0. ;
BUS FR902 220 21.2100 -3.0223 0. 0. ;
BUS FR903 380 53.3400 -7.6005 0. 0. ;
BUS FR904 220 24.1500 -3.4412 0. 0. ;
BUS FR905 380 133.3500 -19.0013 0. 0. ;
BUS FR906 220 15.4000 -2.1944 0. 0. ;
BUS FR907 220 14.9100 -2.1246 0. 0. ;
BUS FR908 220 12.0400 -1.7156 0. 0. ;
BUS FR909 220 9.5200 -1.3565 0. 0. ;
BUS FR910 220 5.9500 -0.8478 0. 0. ;
BUS FR911 380 100.1000 -14.2635 0. 0. ;
BUS FR912 380 103.3900 -14.7323 0. 0. ;
BUS FR913 220 14.4900 -2.0647 0. 0. ;
BUS FR914 220 27.8600 -3.9698 0. 0. ;
BUS FR915 220 24.3600 -3.4711 0. 0. ;
BUS FR916 220 32.6900 -4.6581 0. 0. ;
BUS FR917 220 6.3000 -0.8977 0. 0. ;
BUS FR918 220 36.1200 -5.1468 0. 0. ;
BUS FR919 220 61.1100 -8.7077 0. 0. ;
BUS FR920 220 13.0200 -1.8552 0. 0. ;
BUS FR921 220 66.4300 -9.4658 0. 0. ;
BUS FR922 220 21.7700 -3.1021 0. 0. ;
BUS FR923 220 17.9200 -2.5535 0. 0. ;
BUS FR924 220 52.2900 -7.4509 0. 0. ;
BUS FR925 220 39.4800 -5.6256 0. 0. ;
BUS FR926 220 46.1300 -6.5732 0. 0. ;
BUS FR927 220 60.4800 -8.6179 0. 0. ;
BUS FR928 220 32.0600 -4.5683 0. 0. ;
BUS FR929 220 31.2900 -4.4586 0. 0. ;
BUS FR930 380 98.4900 -14.0341 0. 0. ;
BUS FR931 380 390.6000 -55.6575 0. 0. ;
BUS FR932 220 148.3300 -21.1359 0. 0. ;
BUS FR933 220 9.6600 -1.3765 0. 0. ;
BUS FR934 220 23.5900 -3.3614 0. 0. ;
BUS IT935 220 64.3300 -9.1665 0. 0. ;
BUS FR936 220 28.7700 -4.0995 0. 0. ;
BUS FR937 220 21.8400 -3.1120 0. 0. ;
BUS FR938 380 53.9000 -7.6803 0. 0. ;
BUS FR939 380 54.8800 -7.8200 0. 0. ;
BUS FR940 380 308.9800 -44.0273 0. 0. ;
BUS FR941 220 61.2500 -8.7277 0. 0. ;
BUS FR942 380 131.1100 -18.6822 0. 0. ;
BUS FR943 220 30.3800 -4.3289 0. 0. ;
BUS FR944 220 28.2800 -4.0297 0. 0. ;
BUS FR945 220 48.1600 -6.8624 0. 0. ;
BUS FR946 220 28.6300 -4.0796 0. 0. ;
BUS FR947 220 47.0400 -6.7028 0. 0. ;
BUS FR948 220 59.7100 -8.5082 0. 0. ;
BUS FR949 220 53.6900 -7.6504 0. 0. ;
BUS BE950 380 218.4000 -31.1203 0. 0. ;
BUS BE951 380 249.7600 -35.5889 0. 0. ;
BUS FR952 380 93.1700 -13.2760 0. 0. ;
BUS FR953 220 90.0200 -12.8272 0. 0. ;
BUS FR954 220 65.7300 -9.3660 0. 0. ;
BUS FR955 220 102.2700 -14.5727 0. 0. ;
BUS FR956 220 26.8800 -3.8302 0. 0. ;
BUS FR957 220 77.4900 -11.0417 0. 0. ;
BUS FR958 220 81.9700 -11.6801 0. 0. ;
BUS FR959 220 84.9100 -12.0990 0. 0. ;
BUS FR960 220 51.5900 -7.3512 0. 0. ;
BUS FR961 220 93.0300 -13.2561 0. 0. ;
BUS BE962 380 137.4100 -19.5799 0. 0. ;
BUS BE963 380 188.6500 -26.8812 0. 0. ;
BUS BE964 380 290.7100 -41.4239 0. 0. ;
BUS BE965 380 125.5100 -17.8842 0. 0. ;
BUS BE966 380 102.2000 -14.5627 0. 0. ;
BUS FR967 220 11.6200 -1.6558 0. 0. ;
BUS BE968 220 9.8000 -1.3964 0. 0. ;
BUS BE969 220 17.7100 -2.5235 0. 0. ;
BUS BE970 380 29.4700 -4.1992 0. 0. ;
BUS LU971 220 38.1500 -5.4361 0. 0. ;
BUS LU972 220 41.3700 -5.8949 0. 0. ;
BUS DE973 220 25.1300 -3.5808 0. 0. ;
BUS DE974 380 82.4600 -11.7499 0. 0. ;
BUS DE975 380 142.0300 -20.2382 0. 0. ;
BUS DE976 380 106.2600 -15.1412 0. 0. ;
BUS DE977 220 42.7700 -6.0944 0. 0. ;
BUS DE978 380 159.9500 -22.7916 0. 0. ;
BUS DE979 380 143.7100 -20.4776 0. 0. ;
BUS DE980 380 131.4600 -18.7320 0. 0. ;
BUS DE981 220 41.2300 -5.8750 0. 0. ;
BUS DE982 380 146.2300 -20.8366 0. 0. ;
BUS DE983 220 53.3400 -7.6005 0. 0. ;
BUS DE984 220 13.4400 -1.9151 0. 0. ;
BUS DE985 380 43.2600 -6.1642 0. 0. ;
BUS DE986 380 127.9600 -18.2333 0. 0. ;
BUS DE987 380 67.0600 -9.5555 0. 0. ;
BUS DE988 220 26.3200 -3.7504 0. 0. ;
BUS AT989 380 28.0700 -3.9998 0. 0. ;
BUS AT990 220 19.6700 -2.8028 0. 0. ;
BUS AT991 220 9.1000 -1.2967 0. 0. ;
BUS DE992 380 115.8500 -16.5077 0. 0. ;
BUS DE993 380 182.0700 -25.9436 0. 0. ;
BUS DE994 380 183.8900 -26.2029 0. 0. ;
BUS DE995 220 19.8100 -2.8228 0. 0. ;
BUS IT996 380 152.1800 -21.6845 0. 0. ;
BUS IT997 380 127.8200 -18.2134 0. 0. ;
BUS IT998 220 38.1500 -5.4361 0. 0. ;
BUS IT999 220 29.3300 -4.1793 0. 0. ;
BUS IT1000 220 41.7900 -5.9548 0. 0. ;
BUS IT1001 220 53.3400 -7.6005 0. 0. ;
BUS IT1002 220 44.5200 -6.3438 0. 0. ;
BUS IT1003 380 145.8100 -20.7768 0. 0. ;
BUS IT1004 220 36.8200 -5.2466 0. 0. ;
BUS IT1005 220 48.8600 -6.9622 0. 0. ;
BUS IT1006 380 112.7700 -16.0689 0. 0. ;
BUS IT1007 380 173.0400 -24.6569 0. 0. ;
BUS IT1008 380 159.1800 -22.6819 0. 0. ;
BUS IT1009 220 45.2900 -6.4535 0. 0. ;
BUS IT1010 380 106.6800 -15.2011 0. 0. ;
BUS IT1011 380 100.1000 -14.2635 0. 0. ;
BUS IT1012 220 45.5000 -6.4834 0. 0. ;
BUS IT1013 380 119.0000 -16.9566 0. 0. ;
BUS IT1014 380 133.4900 -19.0213 0. 0. ;
BUS FR1015 380 87.2200 -12.4282 0. 0. ;
BUS FR1016 380 40.4600 -5.7652 0. 0. ;
BUS FR1017 220 22.6100 -3.2218 0. 0. ;
BUS FR1018 220 33.1100 -4.7179 0. 0. ;
BUS FR1019 220 19.6700 -2.8028 0. 0. ;
BUS FR1020 220 28.2800 -4.0297 0. 0. ;
BUS FR1021 220 22.4000 -3.1918 0. 0. ;
BUS FR1022 220 28.0700 -3.9998 0. 0. ;
BUS FR1023 380 155.6100 -22.1732 0. 0. ;
BUS FR1024 380 116.0600 -16.5377 0. 0. ;
BUS FR1025 220 30.5900 -4.3588 0. 0. ;
BUS FR1026 220 32.5500 -4.6381 0. 0. ;
BUS FR1027 220 32.7600 -4.6680 0. 0. ;
BUS FR1028 220 23.6600 -3.3714 0. 0. ;
BUS FR1029 220 32.9700 -4.6980 0. 0. ;
BUS FR1030 220 31.9200 -4.5484 0. 0. ;
BUS FR1031 380 110.6700 -15.7696 0. 0. ;
BUS FR1032 380 97.8600 -13.9443 0. 0. ;
BUS FR1033 380 93.1700 -13.2760 0. 0. ;
BUS FR1034 380 105.0000 -14.9617 0. 0. ;
BUS FR1035 380 157.0100 -22.3727 0. 0. ;
BUS FR1036 220 44.4500 -6.3338 0. 0. ;
BUS FR1037 220 14.1400 -2.0148 0. 0. ;
BUS FR1038 220 13.3700 -1.9051 0. 0. ;
BUS FR1039 220 23.3800 -3.3315 0. 0. ;
BUS FR1040 220 17.0100 -2.4238 0. 0. ;
BUS FR1041 380 96.6700 -13.7747 0. 0. ;
BUS FR1042 380 105.1400 -14.9816 0. 0. ;
BUS FR1043 380 92.9600 -13.2461 0. 0. ;
BUS FR1044 380 137.4800 -19.5898 0. 0. ;
BUS FR1045 220 34.4400 -4.9074 0. 0. ;
BUS FR1046 220 32.6900 -4.6581 0. 0. ;
BUS FR1047 220 36.8900 -5.2565 0. 0. ;
BUS FR1048 220 50.0500 -7.1317 0. 0. ;
BUS FR1049 220 69.4400 -9.8947 0. 0. ;
BUS FR1050 220 31.0100 -4.4187 0. 0. ;
BUS FR1051 220 66.5700 -9.4857 0. 0. ;
BUS FR1052 220 12.6000 -1.7954 0. 0. ;
BUS FR1053 220 48.3700 -6.8924 0. 0. ;
BUS FR1054 220 33.1800 -4.7279 0. 0. ;
BUS FR1055 220 32.1300 -4.5783 0. 0. ;
BUS FR1056 220 30.0300 -4.2790 0. 0. ;
BUS FR1057 220 179.8300 -25.6244 0. 0. ;
BUS FR1058 220 68.6000 -9.7750 0. 0. ;
BUS FR1059 220 11.2000 -1.5959 0. 0. ;
BUS FR1060 220 9.0300 -1.2867 0. 0. ;
BUS FR1061 220 91.3500 -13.0167 0. 0. ;
BUS FR1062 220 32.9000 -4.6880 0. 0. ;
BUS FR1063 220 22.1900 -3.1619 0. 0. ;
BUS FR1064 220 30.3800 -4.3289 0. 0. ;
BUS FR1065 220 18.2700 -2.6033 0. 0. ;
BUS FR1066 220 17.9900 -2.5634 0. 0. ;
BUS FR1067 380 69.0200 -9.8348 0. 0. ;
BUS FR1068 380 43.4700 -6.1941 0. 0. ;
BUS FR1069 380 157.3600 -22.4226 0. 0. ;
BUS FR1070 220 102.9700 -14.6724 0. 0. ;
BUS FR1071 220 65.5900 -9.3461 0. 0. ;
BUS FR1072 220 64.2600 -9.1566 0. 0. ;
BUS FR1073 220 68.0400 -9.6952 0. 0. ;
BUS FR1074 220 43.6800 -6.2241 0. 0. ;
BUS FR1075 220 58.1700 -8.2888 0. 0. ;
BUS BE1076 380 218.8200 -31.1802 0. 0. ;
BUS BE1077 380 193.4800 -27.5694 0. 0. ;
BUS FR1078 380 88.8300 -12.6576 0. 0. ;
BUS FR1079 380 85.1900 -12.1389 0. 0. ;
BUS FR1080 220 31.0800 -4.4287 0. 0. ;
BUS FR1081 220 102.4800 -14.6026 0. 0. ;
BUS FR1082 220 90.9300 -12.9568 0. 0. ;
BUS FR1083 220 71.7500 -10.2238 0. 0. ;
BUS FR1084 220 72.2400 -10.2936 0. 0. ;
BUS FR1085 220 75.0400 -10.6926 0. 0. ;
BUS FR1086 220 83.3700 -11.8796 0. 0. ;
BUS FR1087 220 42.6300 -6.0744 0. 0. ;
BUS FR1088 220 77.7000 -11.0717 0. 0. ;
BUS BE1089 380 113.5400 -16.1786 0. 0. ;
BUS BE1090 380 218.8900 -31.1901 0. 0. ;
BUS NL1091 380 273.8400 -39.0201 0. 0. ;
BUS BE1092 380 286.3700 -40.8055 0. 0. ;
BUS BE1093 220 41.8600 -5.9647 0. 0. ;
BUS BE1094 380 98.5600 -14.0440 0. 0. ;
BUS BE1095 380 45.6400 -6.5033 0. 0. ;
BUS BE1096 220 27.2300 -3.8801 0. 0. ;
BUS LU1097 220 44.3100 -6.3138 0. 0. ;
BUS DE1098 220 24.9900 -3.5609 0. 0. ;
BUS DE1099 380 136.5700 -19.4602 0. 0. ;
BUS DE1100 380 87.0800 -12.4082 0. 0. ;
BUS DE1101 380 72.7300 -10.3635 0. 0. ;
BUS DE1102 220 27.5100 -3.9200 0. 0. ;
BUS DE1103 380 77.5600 -11.0517 0. 0. ;
BUS DE1104 380 140.2100 -19.9788 0. 0. ;
BUS DE1105 380 112.8400 -16.0788 0. 0. ;
BUS DE1106 220 46.7600 -6.6629 0. 0. ;
BUS DE1107 380 164.3600 -23.4200 0. 0. ;
BUS DE1108 380 153.4400 -21.8640 0. 0. ;
BUS DE1109 380 154.8400 -22.0635 0. 0. ;
BUS DE1110 380 154.7000 -22.0436 0. 0. ;
BUS DE1111 220 43.5400 -6.2041 0. 0. ;
BUS DE1112 380 132.5100 -18.8817 0. 0. ;
BUS DE1113 380 145.4600 -20.7269 0. 0. ;
BUS LU1114 220 26.3200 -3.7504 0. 0. ;
BUS DE1115 220 12.6700 -1.8054 0. 0. ;
BUS DE1116 380 103.1100 -14.6924 0. 0. ;
BUS DE1117 220 34.2300 -4.8775 0. 0. ;
BUS AT1118 220 23.3100 -3.3215 0. 0. ;
BUS AT1119 220 11.4800 -1.6358 0. 0. ;
BUS AT1120 220 86.3800 -12.3085 0. 0. ;
BUS AT1121 220 27.3000 -3.8900 0. 0. ;
BUS IT1122 220 34.3700 -4.8975 0. 0. ;
BUS AT1123 220 14.5600 -2.0747 0. 0. ;
BUS DE1124 380 128.1000 -18.2533 0. 0. ;
BUS DE1125 380 271.3200 -38.6610 0. 0. ;
BUS DE1126 220 20.3000 -2.8926 0. 0. ;
BUS IT1127 380 121.8700 -17.3655 0. 0. ;
BUS IT1128 220 39.6900 -5.6555 0. 0. ;
BUS IT1129 220 47.2500 -6.7328 0. 0. ;
BUS IT1130 380 149.7300 -21.3354 0. 0. ;
BUS IT1131 220 59.2900 -8.4484 0. 0. ;
BUS IT1132 220 53.5500 -7.6305 0. 0. ;
BUS IT1133 220 57.6800 -8.2190 0. 0. ;
BUS IT1134 380 72.3800 -10.3136 0. 0. ;
BUS IT1135 380 85.7500 -12.2187 0. 0. ;
BUS IT1136 380 86.1700 -12.2786 0. 0. ;
BUS IT1137 380 77.7700 -11.0816 0. 0. ;
BUS IT1138 380 73.2900 -10.4433 0. 0. ;
BUS IT1139 380 121.2400 -17.2758 0. 0. ;
BUS IT1140 380 43.7500 -6.2340 0. 0. ;
BUS IT1141 380 115.0800 -16.3980 0. 0. ;
BUS IT1142 220 44.5200 -6.3438 0. 0. ;
BUS FR1143 220 29.0500 -4.1394 0. 0. ;
BUS FR1144 220 22.3300 -3.1819 0. 0. ;
BUS FR1145 220 29.4000 -4.1893 0. 0. ;
BUS FR1146 220 30.1000 -4.2890 0. 0. ;
BUS FR1147 220 29.6800 -4.2292 0. 0. ;
BUS FR1148 220 28.0700 -3.9998 0. 0. ;
BUS FR1149 220 25.8300 -3.6806 0. 0. ;
BUS FR1150 380 99.0500 -14.1139 0. 0. ;
BUS FR1151 220 51.8700 -7.3911 0. 0. ;
BUS FR1152 380 84.0700 -11.9793 0. 0. ;
BUS FR1153 220 38.7100 -5.5159 0. 0. ;
BUS FR1154 220 29.9600 -4.2691 0. 0. ;
BUS FR1155 220 47.1800 -6.7228 0. 0. ;
BUS FR1156 220 40.6000 -5.7852 0. 0. ;
BUS FR1157 220 33.9500 -4.8376 0. 0. ;
BUS FR1158 220 28.4200 -4.0496 0. 0. ;
BUS FR1159 220 21.0000 -2.9923 0. 0. ;
BUS FR1160 220 31.1500 -4.4386 0. 0. ;
BUS FR1161 380 112.7000 -16.0589 0. 0. ;
BUS FR1162 380 126.2800 -17.9939 0. 0. ;
BUS FR1163 380 115.0100 -16.3880 0. 0. ;
BUS FR1164 220 32.6200 -4.6481 0. 0. ;
BUS FR1165 380 206.7800 -29.4646 0. 0. ;
BUS ES1166 380 38.5000 -5.4860 0. 0. ;
BUS FR1167 220 52.3600 -7.4609 0. 0. ;
BUS FR1168 220 41.6500 -5.9348 0. 0. ;
BUS FR1169 220 48.3000 -6.8824 0. 0. ;
BUS FR1170 220 35.6300 -5.0770 0. 0. ;
BUS FR1171 220 19.4600 -2.7729 0. 0. ;
BUS FR1172 220 21.5600 -3.0721 0. 0. ;
BUS FR1173 220 23.8000 -3.3913 0. 0. ;
BUS FR1174 380 98.2100 -13.9942 0. 0. ;
BUS FR1175 220 32.2000 -4.5883 0. 0. ;
BUS FR1176 220 35.0700 -4.9972 0. 0. ;
BUS FR1177 380 199.7100 -28.4571 0. 0. ;
BUS FR1178 380 94.5700 -13.4755 0. 0. ;
BUS FR1179 380 59.2900 -8.4484 0. 0. ;
BUS FR1180 220 45.8500 -6.5333 0. 0. ;
BUS FR1181 220 35.9800 -5.1269 0. 0. ;
BUS FR1182 220 71.9600 -10.2537 0. 0. ;
BUS FR1183 220 41.7200 -5.9448 0. 0. ;
BUS FR1184 220 37.5900 -5.3563 0. 0. ;
BUS FR1185 220 43.5400 -6.2041 0. 0. ;
BUS FR1186 220 128.8000 -18.3530 0. 0. ;
BUS FR1187 220 41.3000 -5.8849 0. 0. ;
BUS FR1188 220 63.9800 -9.1167 0. 0. ;
BUS FR1189 220 72.0300 -10.2637 0. 0. ;
BUS FR1190 220 21.9800 -3.1320 0. 0. ;
BUS FR1191 220 49.0700 -6.9921 0. 0. ;
BUS FR1192 220 49.1400 -7.0021 0. 0. ;
BUS FR1193 220 46.9700 -6.6929 0. 0. ;
BUS FR1194 220 23.4500 -3.3414 0. 0. ;
BUS FR1195 220 29.6800 -4.2292 0. 0. ;
BUS FR1196 220 184.8700 -26.3425 0. 0. ;
BUS FR1197 220 72.3800 -10.3136 0. 0. ;
BUS FR1198 220 18.2700 -2.6033 0. 0. ;
BUS FR1199 220 69.5800 -9.9146 0. 0. ;
BUS FR1200 220 10.0800 -1.4363 0. 0. ;
BUS FR1201 220 9.7300 -1.3864 0. 0. ;
BUS FR1202 220 78.4000 -11.1714 0. 0. ;
BUS FR1203 220 79.4500 -11.3210 0. 0. ;
BUS FR1204 220 33.3200 -4.7478 0. 0. ;
BUS FR1205 220 27.3700 -3.9000 0. 0. ;
BUS FR1206 220 37.9400 -5.4062 0. 0. ;
BUS FR1207 220 112.8400 -16.0788 0. 0. ;
BUS FR1208 220 15.6100 -2.2243 0. 0. ;
BUS FR1209 220 40.1100 -5.7154 0. 0. ;
BUS FR1210 220 122.2900 -17.4254 0. 0. ;
BUS FR1211 220 7.0700 -1.0074 0. 0. ;
BUS FR1212 380 120.3300 -17.1461 0. 0. ;
BUS FR1213 220 52.4300 -7.4709 0. 0. ;
BUS FR1214 220 99.5400 -14.1837 0. 0. ;
BUS FR1215 220 103.8100 -14.7921 0. 0. ;
BUS FR1216 220 102.6900 -14.6325 0. 0. ;
BUS FR1217 220 69.7900 -9.9445 0. 0. ;
BUS FR1218 220 63.8400 -9.0967 0. 0. ;
BUS FR1219 220 70.0700 -9.9844 0. 0. ;
BUS FR1220 220 45.5700 -6.4934 0. 0. ;
BUS FR1221 220 70.7700 -10.0842 0. 0. ;
BUS FR1222 220 43.3300 -6.1742 0. 0. ;
BUS BE1223 380 286.8600 -40.8753 0. 0. ;
BUS BE1224 380 291.7600 -41.5735 0. 0. ;
BUS BE1225 380 122.7100 -17.4852 0. 0. ;
BUS FR1226 220 29.6100 -4.2192 0. 0. ;
BUS FR1227 220 28.4200 -4.0496 0. 0. ;
BUS FR1228 220 47.1100 -6.7128 0. 0. ;
BUS FR1229 220 45.2900 -6.4535 0. 0. ;
BUS BE1230 380 228.7600 -32.5965 0. 0. ;
BUS BE1231 380 204.1900 -29.0955 0. 0. ;
BUS NL1232 380 401.5200 -57.2135 0. 0. ;
BUS NL1233 380 308.2100 -43.9175 0. 0. ;
BUS BE1234 380 309.1900 -44.0572 0. 0. ;
BUS BE1235 220 49.5600 -7.0619 0. 0. ;
BUS BE1236 220 55.0900 -7.8499 0. 0. ;
BUS BE1237 220 64.2600 -9.1566 0. 0. ;
BUS LU1238 220 40.1800 -5.7253 0. 0. ;
BUS LU1239 220 34.0900 -4.8576 0. 0. ;
BUS LU1240 220 42.8400 -6.1044 0. 0. ;
BUS DE1241 380 196.6300 -28.0183 0. 0. ;
BUS DE1242 380 137.3400 -19.5699 0. 0. ;
BUS DE1243 380 80.4300 -11.4607 0. 0. ;
BUS DE1244 380 75.9500 -10.8223 0. 0. ;
BUS DE1245 220 24.2200 -3.4512 0. 0. ;
BUS DE1246 220 29.6100 -4.2192 0. 0. ;
BUS DE1247 380 79.4500 -11.3210 0. 0. ;
BUS DE1248 380 190.2600 -27.1106 0. 0. ;
BUS DE1249 380 186.9700 -26.6418 0. 0. ;
BUS DE1250 220 54.8100 -7.8100 0. 0. ;
BUS DE1251 380 156.6600 -22.3228 0. 0. ;
BUS DE1252 380 160.3700 -22.8515 0. 0. ;
BUS DE1253 380 159.5300 -22.7318 0. 0. ;
BUS DE1254 380 141.6100 -20.1783 0. 0. ;
BUS DE1255 380 147.4200 -21.0062 0. 0. ;
BUS LU1256 220 33.0400 -4.7079 0. 0. ;
BUS LU1257 220 36.5400 -5.2067 0. 0. ;
BUS DE1258 380 93.9400 -13.3857 0. 0. ;
BUS DE1259 380 105.5600 -15.0415 0. 0. ;
BUS DE1260 380 139.0900 -19.8193 0. 0. ;
BUS DE1261 220 119.3500 -17.0065 0. 0. ;
BUS DE1262 220 35.7700 -5.0969 0. 0. ;
BUS AT1263 220 117.3900 -16.7272 0. 0. ;
BUS AT1264 220 29.3300 -4.1793 0. 0. ;
BUS AT1265 380 259.2100 -36.9354 0. 0. ;
BUS AT1266 220 87.1500 -12.4182 0. 0. ;
BUS IT1267 220 38.1500 -5.4361 0. 0. ;
BUS IT1268 220 52.5700 -7.4908 0. 0. ;
BUS IT1269 220 65.7300 -9.3660 0. 0. ;
BUS AT1270 220 40.5300 -5.7752 0. 0. ;
BUS DE1271 380 132.4400 -18.8717 0. 0. ;
BUS DE1272 220 42.7000 -6.0844 0. 0. ;
BUS IT1273 380 120.3300 -17.1461 0. 0. ;
BUS IT1274 380 114.8700 -16.3681 0. 0. ;
BUS IT1275 380 119.0700 -16.9666 0. 0. ;
BUS IT1276 220 41.0200 -5.8450 0. 0. ;
BUS IT1277 380 96.9500 -13.8146 0. 0. ;
BUS IT1278 380 174.4400 -24.8564 0. 0. ;
BUS IT1279 220 54.8800 -7.8200 0. 0. ;
BUS IT1280 380 62.1600 -8.8573 0. 0. ;
BUS IT1281 380 107.5900 -15.3307 0. 0. ;
BUS IT1282 380 26.9500 -3.8402 0. 0. ;
BUS IT1283 380 88.6900 -12.6376 0. 0. ;
BUS IT1284 380 83.0900 -11.8397 0. 0. ;
BUS IT1285 380 168.2800 -23.9786 0. 0. ;
BUS IT1286 380 78.3300 -11.1614 0. 0. ;
BUS IT1287 380 38.0800 -5.4261 0. 0. ;
BUS IT1288 380 140.7000 -20.0487 0. 0. ;
BUS IT1289 220 40.3900 -5.7553 0. 0. ;
BUS IT1290 380 30.9400 -4.4087 0. 0. ;
BUS IT1291 380 39.1300 -5.5757 0. 0. ;
BUS FR1292 220 23.2400 -3.3115 0. 0. ;
BUS FR1293 220 30.0300 -4.2790 0. 0. ;
BUS FR1294 220 26.5300 -3.7803 0. 0. ;
BUS FR1295 380 63.3500 -9.0269 0. 0. ;
BUS FR1296 220 41.4400 -5.9049 0. 0. ;
BUS FR1297 220 49.7700 -7.0918 0. 0. ;
BUS FR1298 380 119.4200 -17.0164 0. 0. ;
BUS FR1299 380 112.0700 -15.9691 0. 0. ;
BUS FR1300 380 142.8000 -20.3479 0. 0. ;
BUS FR1301 220 42.0700 -5.9947 0. 0. ;
BUS FR1302 220 52.7100 -7.5108 0. 0. ;
BUS FR1303 220 20.8600 -2.9724 0. 0. ;
BUS FR1304 220 81.4100 -11.6003 0. 0. ;
BUS FR1305 380 72.0300 -10.2637 0. 0. ;
BUS FR1306 220 68.9500 -9.8248 0. 0. ;
BUS ES1307 380 65.9400 -9.3959 0. 0. ;
BUS ES1308 220 12.8100 -1.8253 0. 0. ;
BUS FR1309 220 59.6400 -8.4982 0. 0. ;
BUS FR1310 220 55.7200 -7.9397 0. 0. ;
BUS FR1311 220 55.7900 -7.9496 0. 0. ;
BUS FR1312 220 39.4800 -5.6256 0. 0. ;
BUS FR1313 220 68.3200 -9.7351 0. 0. ;
BUS FR1314 220 32.6900 -4.6581 0. 0. ;
BUS FR1315 220 39.5500 -5.6356 0. 0. ;
BUS FR1316 220 39.8300 -5.6755 0. 0. ;
BUS FR1317 220 89.1800 -12.7075 0. 0. ;
BUS FR1318 380 146.9300 -20.9364 0. 0. ;
BUS FR1319 220 19.7400 -2.8128 0. 0. ;
BUS FR1320 220 48.7900 -6.9522 0. 0. ;
BUS FR1321 220 50.0500 -7.1317 0. 0. ;
BUS FR1322 220 64.8200 -9.2363 0. 0. ;
BUS FR1323 220 38.4300 -5.4760 0. 0. ;
BUS FR1324 220 66.3600 -9.4558 0. 0. ;
BUS FR1325 220 35.4900 -5.0571 0. 0. ;
BUS FR1326 220 42.6300 -6.0744 0. 0. ;
BUS FR1327 220 32.5500 -4.6381 0. 0. ;
BUS FR1328 220 37.3800 -5.3264 0. 0. ;
BUS FR1329 220 35.2800 -5.0271 0. 0. ;
BUS FR1330 220 63.0000 -8.9770 0. 0. ;
BUS FR1331 220 67.8300 -9.6653 0. 0. ;
BUS FR1332 220 59.0100 -8.4085 0. 0. ;
BUS FR1333 220 66.1500 -9.4259 0. 0. ;
BUS FR1334 220 28.6300 -4.0796 0. 0. ;
BUS FR1335 220 24.0100 -3.4212 0. 0. ;
BUS FR1336 220 84.5600 -12.0491 0. 0. ;
BUS FR1337 220 63.3500 -9.0269 0. 0. ;
BUS FR1338 220 32.7600 -4.6680 0. 0. ;
BUS FR1339 220 40.6000 -5.7852 0. 0. ;
BUS FR1340 220 26.6700 -3.8003 0. 0. ;
BUS FR1341 220 25.9000 -3.6906 0. 0. ;
BUS FR1342 220 39.4800 -5.6256 0. 0. ;
BUS FR1343 220 132.7900 -18.9216 0. 0. ;
BUS FR1344 220 9.5200 -1.3565 0. 0. ;
BUS FR1345 220 10.2200 -1.4563 0. 0. ;
BUS FR1346 380 235.2000 -33.5142 0. 0. ;
BUS FR1347 220 13.4400 -1.9151 0. 0. ;
BUS FR1348 220 78.7500 -11.2213 0. 0. ;
BUS FR1349 220 78.0500 -11.1215 0. 0. ;
BUS FR1350 220 79.7300 -11.3609 0. 0. ;
BUS FR1351 220 37.3800 -5.3264 0. 0. ;
BUS FR1352 220 38.9900 -5.5558 0. 0. ;
BUS FR1353 220 109.8300 -15.6499 0. 0. ;
BUS FR1354 220 57.7500 -8.2289 0. 0. ;
BUS FR1355 220 12.4600 -1.7755 0. 0. ;
BUS FR1356 220 5.4600 -0.7780 0. 0. ;
BUS FR1357 220 105.3500 -15.0116 0. 0. ;
BUS FR1358 220 44.1000 -6.2839 0. 0. ;
BUS FR1359 380 194.9500 -27.7789 0. 0. ;
BUS FR1360 220 100.1000 -14.2635 0. 0. ;
BUS FR1361 220 102.9700 -14.6724 0. 0. ;
BUS FR1362 220 106.1200 -15.1213 0. 0. ;
BUS FR1363 220 112.2100 -15.9891 0. 0. ;
BUS FR1364 220 125.8600 -17.9341 0. 0. ;
BUS FR1365 220 108.2200 -15.4205 0. 0. ;
BUS FR1366 220 67.1300 -9.5655 0. 0. ;
BUS FR1367 220 46.9700 -6.6929 0. 0. ;
BUS BE1368 380 273.4200 -38.9602 0. 0. ;
BUS BE1369 380 315.1400 -44.9050 0. 0. ;
BUS BE1370 380 303.8000 -43.2892 0. 0. ;
BUS FR1371 220 30.4500 -4.3389 0. 0. ;
BUS FR1372 220 36.5400 -5.2067 0. 0. ;
BUS FR1373 220 38.2200 -5.4461 0. 0. ;
BUS BE1374 380 212.9400 -30.3423 0. 0. ;
BUS BE1375 380 280.1400 -39.9178 0. 0. ;
BUS NL1376 380 583.0300 -83.0773 0. 0. ;
BUS NL1377 380 328.3000 -46.7802 0. 0. ;
BUS BE1378 220 47.1100 -6.7128 0. 0. ;
BUS BE1379 220 62.5800 -8.9172 0. 0. ;
BUS BE1380 220 70.7700 -10.0842 0. 0. ;
BUS LU1381 220 38.9200 -5.5458 0. 0. ;
BUS DE1382 220 65.5200 -9.3361 0. 0. ;
BUS DE1383 380 156.8700 -22.3528 0. 0. ;
BUS DE1384 220 25.3400 -3.6108 0. 0. ;
BUS DE1385 220 23.8700 -3.4013 0. 0. ;
BUS DE1386 220 27.7200 -3.9499 0. 0. ;
BUS DE1387 380 101.1500 -14.4131 0. 0. ;
BUS DE1388 380 73.9900 -10.5430 0. 0. ;
BUS DE1389 380 192.5700 -27.4397 0. 0. ;
BUS DE1390 380 146.6500 -20.8965 0. 0. ;
BUS DE1391 380 162.8200 -23.2006 0. 0. ;
BUS DE1392 220 59.0100 -8.4085 0. 0. ;
BUS DE1393 380 143.8500 -20.4975 0. 0. ;
BUS DE1394 380 137.4800 -19.5898 0. 0. ;
BUS DE1395 220 52.2200 -7.4409 0. 0. ;
BUS DE1396 220 53.4800 -7.6205 0. 0. ;
BUS DE1397 380 95.8300 -13.6550 0. 0. ;
BUS DE1398 380 100.6600 -14.3433 0. 0. ;
BUS DE1399 220 35.2100 -5.0172 0. 0. ;
BUS DE1400 380 152.0400 -21.6645 0. 0. ;
BUS DE1401 220 22.2600 -3.1719 0. 0. ;
BUS DE1402 220 55.1600 -7.8599 0. 0. ;
BUS DE1403 220 32.2700 -4.5982 0. 0. ;
BUS AT1404 220 36.7500 -5.2366 0. 0. ;
BUS AT1405 220 35.9100 -5.1169 0. 0. ;
BUS AT1406 220 39.8300 -5.6755 0. 0. ;
BUS AT1407 380 152.0400 -21.6645 0. 0. ;
BUS IT1408 220 42.4200 -6.0445 0. 0. ;
BUS AT1409 220 37.1700 -5.2964 0. 0. ;
BUS AT1410 220 40.1100 -5.7154 0. 0. ;
BUS DE1411 380 165.4800 -23.5796 0. 0. ;
BUS AT1412 220 50.6800 -7.2215 0. 0. ;
BUS IT1413 220 38.9200 -5.5458 0. 0. ;
BUS IT1414 220 47.9500 -6.8325 0. 0. ;
BUS IT1415 380 85.2600 -12.1489 0. 0. ;
BUS IT1416 380 70.8400 -10.0942 0. 0. ;
BUS IT1417 220 50.0500 -7.1317 0. 0. ;
BUS IT1418 380 57.6100 -8.2090 0. 0. ;
BUS IT1419 380 54.3900 -7.7502 0. 0. ;
BUS IT1420 380 165.9700 -23.6494 0. 0. ;
BUS IT1421 380 318.6400 -45.4037 0. 0. ;
BUS IT1422 220 46.9000 -6.6829 0. 0. ;
BUS IT1423 380 31.9200 -4.5484 0. 0. ;
BUS FR1424 220 28.4900 -4.0596 0. 0. ;
BUS FR1425 220 31.5000 -4.4885 0. 0. ;
BUS FR1426 380 111.0200 -15.8195 0. 0. ;
BUS FR1427 380 68.9500 -9.8248 0. 0. ;
BUS FR1428 380 106.6100 -15.1911 0. 0. ;
BUS FR1429 220 31.0800 -4.4287 0. 0. ;
BUS FR1430 220 48.1600 -6.8624 0. 0. ;
BUS FR1431 220 50.3300 -7.1716 0. 0. ;
BUS FR1432 380 122.5000 -17.4553 0. 0. ;
BUS FR1433 380 151.1300 -21.5349 0. 0. ;
BUS FR1434 220 66.9900 -9.5456 0. 0. ;
BUS FR1435 220 18.6900 -2.6632 0. 0. ;
BUS FR1436 220 77.9100 -11.1016 0. 0. ;
BUS FR1437 380 140.2100 -19.9788 0. 0. ;
BUS FR1438 220 63.2800 -9.0169 0. 0. ;
BUS FR1439 220 63.6300 -9.0668 0. 0. ;
BUS ES1440 380 343.7000 -48.9746 0. 0. ;
BUS ES1441 380 74.4800 -10.6128 0. 0. ;
BUS ES1442 220 18.1300 -2.5834 0. 0. ;
BUS ES1443 220 36.6800 -5.2266 0. 0. ;
BUS FR1444 220 73.4300 -10.4632 0. 0. ;
BUS FR1445 220 42.8400 -6.1044 0. 0. ;
BUS FR1446 220 18.6200 -2.6532 0. 0. ;
BUS FR1447 220 20.1600 -2.8726 0. 0. ;
BUS FR1448 220 83.7200 -11.9295 0. 0. ;
BUS FR1449 380 143.9900 -20.5175 0. 0. ;
BUS FR1450 220 22.2600 -3.1719 0. 0. ;
BUS FR1451 220 39.4100 -5.6156 0. 0. ;
BUS FR1452 220 29.2600 -4.1693 0. 0. ;
BUS FR1453 220 52.6400 -7.5008 0. 0. ;
BUS FR1454 220 58.4500 -8.3287 0. 0. ;
BUS FR1455 220 39.9000 -5.6854 0. 0. ;
BUS FR1456 220 37.0300 -5.2765 0. 0. ;
BUS FR1457 220 35.1400 -5.0072 0. 0. ;
BUS FR1458 220 35.1400 -5.0072 0. 0. ;
BUS FR1459 380 97.5800 -13.9044 0. 0. ;
BUS FR1460 220 36.6800 -5.2266 0. 0. ;
BUS FR1461 220 42.2100 -6.0146 0. 0. ;
BUS FR1462 220 75.8100 -10.8023 0. 0. ;
BUS FR1463 220 75.2500 -10.7225 0. 0. ;
BUS FR1464 220 59.4300 -8.4683 0. 0. ;
BUS FR1465 220 26.9500 -3.8402 0. 0. ;
BUS FR1466 220 40.3200 -5.7453 0. 0. ;
BUS FR1467 220 29.4700 -4.1992 0. 0. ;
BUS FR1468 220 29.6800 -4.2292 0. 0. ;
BUS FR1469 220 9.8700 -1.4064 0. 0. ;
BUS FR1470 220 76.6500 -10.9220 0. 0. ;
BUS FR1471 220 41.0200 -5.8450 0. 0. ;
BUS FR1472 220 46.7600 -6.6629 0. 0. ;
BUS FR1473 220 13.5800 -1.9350 0. 0. ;
BUS FR1474 220 124.3200 -17.7146 0. 0. ;
BUS FR1475 220 64.9600 -9.2563 0. 0. ;
BUS FR1476 220 83.2300 -11.8596 0. 0. ;
BUS FR1477 220 102.0600 -14.5428 0. 0. ;
BUS FR1478 220 53.4800 -7.6205 0. 0. ;
BUS FR1479 220 120.0500 -17.1062 0. 0. ;
BUS BE1480 380 213.5000 -30.4221 0. 0. ;
BUS BE1481 380 305.9700 -43.5984 0. 0. ;
BUS BE1482 380 301.2800 -42.9301 0. 0. ;
BUS FR1483 220 35.0000 -4.9872 0. 0. ;
BUS FR1484 220 42.3500 -6.0345 0. 0. ;
BUS BE1485 380 280.8400 -40.0175 0. 0. ;
BUS NL1486 380 456.4000 -65.0335 0. 0. ;
BUS NL1487 380 314.7200 -44.8452 0. 0. ;
BUS NL1488 380 428.7500 -61.0936 0. 0. ;
BUS BE1489 220 83.2300 -11.8596 0. 0. ;
BUS DE1490 220 14.5600 -2.0747 0. 0. ;
BUS DE1491 220 46.1300 -6.5732 0. 0. ;
BUS DE1492 380 158.9700 -22.6520 0. 0. ;
BUS DE1493 220 52.2900 -7.4509 0. 0. ;
BUS DE1494 380 104.8600 -14.9417 0. 0. ;
BUS DE1495 380 71.7500 -10.2238 0. 0. ;
BUS DE1496 380 65.3100 -9.3062 0. 0. ;
BUS DE1497 380 141.0500 -20.0985 0. 0. ;
BUS DE1498 380 136.2900 -19.4203 0. 0. ;
BUS DE1499 220 48.8600 -6.9622 0. 0. ;
BUS DE1500 380 151.4100 -21.5748 0. 0. ;
BUS DE1501 380 186.2000 -26.5321 0. 0. ;
BUS DE1502 380 121.3100 -17.2857 0. 0. ;
BUS DE1503 220 47.9500 -6.8325 0. 0. ;
BUS DE1504 380 130.3400 -18.5724 0. 0. ;
BUS DE1505 220 47.1800 -6.7228 0. 0. ;
BUS DE1506 220 55.1600 -7.8599 0. 0. ;
BUS DE1507 380 102.2000 -14.5627 0. 0. ;
BUS DE1508 380 96.5300 -13.7548 0. 0. ;
BUS DE1509 220 39.6900 -5.6555 0. 0. ;
BUS CZ1510 380 67.9000 -9.6752 0. 0. ;
BUS DE1511 220 41.2300 -5.8750 0. 0. ;
BUS DE1512 220 30.9400 -4.4087 0. 0. ;
BUS AT1513 220 124.3900 -17.7246 0. 0. ;
BUS SI1514 220 32.6900 -4.6581 0. 0. ;
BUS AT1515 380 107.7300 -15.3507 0. 0. ;
BUS AT1516 220 51.4500 -7.3312 0. 0. ;
BUS AT1517 380 154.4200 -22.0037 0. 0. ;
BUS IT1518 220 52.1500 -7.4310 0. 0. ;
BUS IT1519 220 50.1200 -7.1417 0. 0. ;
BUS AT1520 220 37.8700 -5.3962 0. 0. ;
BUS DE1521 380 111.1600 -15.8394 0. 0. ;
BUS AT1522 220 40.0400 -5.7054 0. 0. ;
BUS AT1523 220 56.4200 -8.0394 0. 0. ;
BUS IT1524 220 48.0900 -6.8525 0. 0. ;
BUS IT1525 220 94.1500 -13.4156 0. 0. ;
BUS SI1526 380 114.5900 -16.3282 0. 0. ;
BUS IT1527 380 65.5900 -9.3461 0. 0. ;
BUS IT1528 220 23.5900 -3.3614 0. 0. ;
BUS IT1529 380 76.2300 -10.8622 0. 0. ;
BUS IT1530 220 18.1300 -2.5834 0. 0. ;
BUS IT1531 380 283.2200 -40.3567 0. 0. ;
BUS IT1532 380 42.3500 -6.0345 0. 0. ;
BUS IT1533 380 341.1800 -48.6155 0. 0. ;
BUS IT1534 220 106.1900 -15.1313 0. 0. ;
BUS IT1535 380 142.2400 -20.2681 0. 0. ;
BUS IT1536 380 22.4000 -3.1918 0. 0. ;
BUS IT1537 380 31.3600 -4.4686 0. 0. ;
BUS IT1538 380 333.9000 -47.5782 0. 0. ;
BUS FR1539 380 220.5000 -31.4195 0. 0. ;
BUS FR1540 380 140.2800 -19.9888 0. 0. ;
BUS FR1541 380 81.4100 -11.6003 0. 0. ;
BUS FR1542 380 52.2900 -7.4509 0. 0. ;
BUS FR1543 220 35.5600 -5.0670 0. 0. ;
BUS FR1544 220 50.6800 -7.2215 0. 0. ;
BUS FR1545 380 208.2500 -29.6740 0. 0. ;
BUS FR1546 220 66.7800 -9.5156 0. 0. ;
BUS FR1547 220 65.1000 -9.2762 0. 0. ;
BUS FR1548 220 46.7600 -6.6629 0. 0. ;
BUS ES1549 380 365.9600 -52.1465 0. 0. ;
BUS ES1550 380 109.9700 -15.6699 0. 0. ;
BUS ES1551 380 56.4200 -8.0394 0. 0. ;
BUS ES1552 380 63.5600 -9.0568 0. 0. ;
BUS ES1553 220 15.6100 -2.2243 0. 0. ;
BUS ES1554 220 124.6700 -17.7645 0. 0. ;
BUS ES1555 220 42.2100 -6.0146 0. 0. ;
BUS FR1556 220 43.1900 -6.1542 0. 0. ;
BUS ES1557 380 61.1100 -8.7077 0. 0. ;
BUS FR1558 220 48.0200 -6.8425 0. 0. ;
BUS FR1559 220 26.4600 -3.7703 0. 0. ;
BUS FR1560 220 19.7400 -2.8128 0. 0. ;
BUS FR1561 220 40.4600 -5.7652 0. 0. ;
BUS FR1562 220 68.0400 -9.6952 0. 0. ;
BUS FR1563 220 75.9500 -10.8223 0. 0. ;
BUS FR1564 220 21.2100 -3.0223 0. 0. ;
BUS FR1565 220 14.4900 -2.0647 0. 0. ;
BUS FR1566 220 59.0800 -8.4184 0. 0. ;
BUS FR1567 220 65.3100 -9.3062 0. 0. ;
BUS FR1568 220 27.7900 -3.9599 0. 0. ;
BUS FR1569 220 43.9600 -6.2640 0. 0. ;
BUS FR1570 220 9.5900 -1.3665 0. 0. ;
BUS FR1571 220 44.0300 -6.2739 0. 0. ;
BUS FR1572 220 123.6200 -17.6149 0. 0. ;
BUS FR1573 220 66.3600 -9.4558 0. 0. ;
BUS FR1574 220 66.9200 -9.5356 0. 0. ;
BUS FR1575 220 8.2600 -1.1770 0. 0. ;
BUS FR1576 220 117.2500 -16.7072 0. 0. ;
BUS BE1577 380 188.8600 -26.9111 0. 0. ;
BUS FR1578 220 35.0700 -4.9972 0. 0. ;
BUS NL1579 380 268.6600 -38.2820 0. 0. ;
BUS DE1580 380 155.8900 -22.2131 0. 0. ;
BUS NL1581 380 159.0400 -22.6620 0. 0. ;
BUS NL1582 380 302.3300 -43.0797 0. 0. ;
BUS NL1583 380 493.2200 -70.2800 0. 0. ;
BUS DE1584 220 14.5600 -2.0747 0. 0. ;
BUS DE1585 220 18.5500 -2.6432 0. 0. ;
BUS DE1586 380 95.4800 -13.6052 0. 0. ;
BUS DE1587 380 155.1900 -22.1134 0. 0. ;
BUS DE1588 380 166.0400 -23.6594 0. 0. ;
BUS DE1589 220 52.9900 -7.5507 0. 0. ;
BUS DE1590 220 63.7000 -9.0768 0. 0. ;
BUS DE1591 380 66.9200 -9.5356 0. 0. ;
BUS DE1592 380 68.1100 -9.7051 0. 0. ;
BUS DE1593 380 136.9900 -19.5200 0. 0. ;
BUS DE1594 380 138.6000 -19.7494 0. 0. ;
BUS DE1595 380 142.6600 -20.3279 0. 0. ;
BUS DE1596 380 126.9800 -18.0937 0. 0. ;
BUS DE1597 380 127.4000 -18.1535 0. 0. ;
BUS DE1598 220 71.8200 -10.2338 0. 0. ;
BUS DE1599 380 163.1000 -23.2405 0. 0. ;
BUS DE1600 380 123.3400 -17.5750 0. 0. ;
BUS DE1601 380 160.9300 -22.9313 0. 0. ;
BUS DE1602 380 143.7100 -20.4776 0. 0. ;
BUS DE1603 220 50.1900 -7.1517 0. 0. ;
BUS DE1604 220 43.4700 -6.1941 0. 0. ;
BUS DE1605 220 40.4600 -5.7652 0. 0. ;
BUS DE1606 220 34.0900 -4.8576 0. 0. ;
BUS DE1607 380 130.2000 -18.5525 0. 0. ;
BUS DE1608 380 94.5000 -13.4655 0. 0. ;
BUS DE1609 380 110.7400 -15.7796 0. 0. ;
BUS CZ1610 380 42.6300 -6.0744 0. 0. ;
BUS DE1611 220 32.2000 -4.5883 0. 0. ;
BUS DE1612 220 39.6200 -5.6455 0. 0. ;
BUS DE1613 220 45.9200 -6.5432 0. 0. ;
BUS CZ1614 380 45.7800 -6.5233 0. 0. ;
BUS CZ1615 380 64.4700 -9.1865 0. 0. ;
BUS AT1616 220 149.7300 -21.3354 0. 0. ;
BUS AT1617 380 373.1700 -53.1738 0. 0. ;
BUS AT1618 220 120.2600 -17.1361 0. 0. ;
BUS SI1619 220 29.8200 -4.2491 0. 0. ;
BUS SI1620 220 29.1900 -4.1593 0. 0. ;
BUS SI1621 380 98.1400 -13.9842 0. 0. ;
BUS SI1622 220 16.7300 -2.3839 0. 0. ;
BUS AT1623 380 217.7000 -31.0206 0. 0. ;
BUS AT1624 220 48.6500 -6.9322 0. 0. ;
BUS AT1625 220 56.7000 -8.0793 0. 0. ;
BUS AT1626 380 38.5000 -5.4860 0. 0. ;
BUS IT1627 220 49.2100 -7.0120 0. 0. ;
BUS AT1628 220 47.3900 -6.7527 0. 0. ;
BUS AT1629 220 67.7600 -9.6553 0. 0. ;
BUS AT1630 220 57.6800 -8.2190 0. 0. ;
BUS IT1631 220 47.3900 -6.7527 0. 0. ;
BUS IT1632 220 113.8200 -16.2185 0. 0. ;
BUS HR1633 380 76.4400 -10.8921 0. 0. ;
BUS SI1634 380 83.7200 -11.9295 0. 0. ;
BUS SI1635 220 38.2200 -5.4461 0. 0. ;
BUS IT1636 220 21.8400 -3.1120 0. 0. ;
BUS IT1637 220 19.4600 -2.7729 0. 0. ;
BUS IT1638 380 69.9300 -9.9645 0. 0. ;
BUS IT1639 220 15.1200 -2.1545 0. 0. ;
BUS IT1640 380 72.3800 -10.3136 0. 0. ;
BUS IT1641 220 94.4300 -13.4555 0. 0. ;
BUS IT1642 380 293.2300 -41.7830 0. 0. ;
BUS IT1643 380 30.5900 -4.3588 0. 0. ;
BUS IT1644 220 14.1400 -2.0148 0. 0. ;
BUS IT1645 220 103.0400 -14.6824 0. 0. ;
BUS IT1646 220 108.2200 -15.4205 0. 0. ;
BUS IT1647 380 41.8600 -5.9647 0. 0. ;
BUS IT1648 380 240.1000 -34.2124 0. 0. ;
BUS IT1649 380 117.6000 -16.7571 0. 0. ;
BUS IT1650 380 241.4300 -34.4019 0. 0. ;
BUS FR1651 380 143.2900 -20.4177 0. 0. ;
BUS FR1652 380 88.4100 -12.5977 0. 0. ;
BUS FR1653 220 73.5000 -10.4732 0. 0. ;
BUS FR1654 220 88.9000 -12.6676 0. 0. ;
BUS FR1655 380 244.0200 -34.7710 0. 0. ;
BUS FR1656 220 69.4400 -9.8947 0. 0. ;
BUS FR1657 220 67.2000 -9.5755 0. 0. ;
BUS FR1658 220 48.7200 -6.9422 0. 0. ;
BUS ES1659 380 21.7700 -3.1021 0. 0. ;
BUS ES1660 380 367.9200 -52.4258 0. 0. ;
BUS ES1661 380 18.5500 -2.6432 0. 0. ;
BUS ES1662 380 41.6500 -5.9348 0. 0. ;
BUS ES1663 220 122.0100 -17.3855 0. 0. ;
BUS ES1664 380 22.6100 -3.2218 0. 0. ;
BUS ES1665 380 13.1600 -1.8752 0. 0. ;
BUS ES1666 380 127.5400 -18.1735 0. 0. ;
BUS ES1667 380 365.1200 -52.0268 0. 0. ;
BUS ES1668 380 374.8500 -53.4132 0. 0. ;
BUS ES1669 380 17.3600 -2.4737 0. 0. ;
BUS ES1670 380 64.9600 -9.2563 0. 0. ;
BUS ES1671 220 16.8000 -2.3939 0. 0. ;
BUS ES1672 220 17.9200 -2.5535 0. 0. ;
BUS ES1673 220 124.9500 -17.8044 0. 0. ;
BUS ES1674 220 124.6000 -17.7545 0. 0. ;
BUS ES1675 220 9.5900 -1.3665 0. 0. ;
BUS ES1676 220 28.1400 -4.0097 0. 0. ;
BUS ES1677 380 63.5600 -9.0568 0. 0. ;
BUS ES1678 380 53.0600 -7.5606 0. 0. ;
BUS ES1679 220 24.9200 -3.5509 0. 0. ;
BUS FR1680 220 65.3100 -9.3062 0. 0. ;
BUS FR1681 220 67.4800 -9.6154 0. 0. ;
BUS FR1682 220 61.8800 -8.8174 0. 0. ;
BUS FR1683 220 52.0800 -7.4210 0. 0. ;
BUS FR1684 220 14.9100 -2.1246 0. 0. ;
BUS FR1685 220 18.4800 -2.6333 0. 0. ;
BUS FR1686 220 17.7800 -2.5335 0. 0. ;
BUS ES1687 220 2.5200 -0.3591 0. 0. ;
BUS FR1688 220 123.2700 -17.5650 0. 0. ;
BUS NL1689 380 280.7700 -40.0076 0. 0. ;
BUS DE1690 380 46.9700 -6.6929 0. 0. ;
BUS DE1691 380 150.6400 -21.4650 0. 0. ;
BUS DE1692 220 51.9400 -7.4010 0. 0. ;
BUS NL1693 380 416.9900 -59.4179 0. 0. ;
BUS NL1694 380 688.5900 -98.1188 0. 0. ;
BUS NL1695 380 617.5400 -87.9947 0. 0. ;
BUS DE1696 380 63.7000 -9.0768 0. 0. ;
BUS DE1697 380 100.3100 -14.2934 0. 0. ;
BUS DE1698 380 109.3400 -15.5801 0. 0. ;
BUS DE1699 220 31.8500 -4.5384 0. 0. ;
BUS DE1700 380 122.5000 -17.4553 0. 0. ;
BUS DE1701 220 51.7300 -7.3711 0. 0. ;
BUS DE1702 380 191.0300 -27.2203 0. 0. ;
BUS DE1703 220 55.3700 -7.8898 0. 0. ;
BUS DE1704 220 46.9000 -6.6829 0. 0. ;
BUS DE1705 220 54.1800 -7.7202 0. 0. ;
BUS DE1706 380 87.6400 -12.4880 0. 0. ;
BUS DE1707 380 50.2600 -7.1617 0. 0. ;
BUS DE1708 380 71.9600 -10.2537 0. 0. ;
BUS DE1709 380 121.5900 -17.3256 0. 0. ;
BUS DE1710 380 28.7700 -4.0995 0. 0. ;
BUS DE1711 380 80.7100 -11.5006 0. 0. ;
BUS DE1712 220 42.4900 -6.0545 0. 0. ;
BUS DE1713 220 54.3900 -7.7502 0. 0. ;
BUS DE1714 380 102.1300 -14.5527 0. 0. ;
BUS DE1715 380 162.6100 -23.1707 0. 0. ;
BUS DE1716 380 166.1100 -23.6694 0. 0. ;
BUS DE1717 220 52.7800 -7.5207 0. 0. ;
BUS DE1718 220 46.4100 -6.6131 0. 0. ;
BUS DE1719 220 42.7700 -6.0944 0. 0. ;
BUS DE1720 380 130.1300 -18.5425 0. 0. ;
BUS DE1721 380 116.2700 -16.5676 0. 0. ;
BUS DE1722 380 104.7200 -14.9218 0. 0. ;
BUS DE1723 380 92.2600 -13.1463 0. 0. ;
BUS DE1724 380 42.7000 -6.0844 0. 0. ;
BUS DE1725 380 72.0300 -10.2637 0. 0. ;
BUS DE1726 380 35.3500 -5.0371 0. 0. ;
BUS DE1727 220 36.8900 -5.2565 0. 0. ;
BUS CZ1728 380 56.0000 -7.9796 0. 0. ;
BUS CZ1729 380 47.9500 -6.8325 0. 0. ;
BUS CZ1730 380 69.3700 -9.8847 0. 0. ;
BUS DE1731 220 37.8700 -5.3962 0. 0. ;
BUS DE1732 220 31.7100 -4.5184 0. 0. ;
BUS CZ1733 380 51.7300 -7.3711 0. 0. ;
BUS CZ1734 380 186.0600 -26.5121 0. 0. ;
BUS CZ1735 220 15.2600 -2.1744 0. 0. ;
BUS CZ1736 380 55.6500 -7.9297 0. 0. ;
BUS CZ1737 220 21.4900 -3.0622 0. 0. ;
BUS AT1738 220 147.7000 -21.0461 0. 0. ;
BUS HU1739 220 12.5300 -1.7854 0. 0. ;
BUS AT1740 380 444.9200 -63.3977 0. 0. ;
BUS AT1741 380 111.2300 -15.8494 0. 0. ;
BUS AT1742 220 16.8000 -2.3939 0. 0. ;
BUS AT1743 220 19.1800 -2.7330 0. 0. ;
BUS AT1744 380 360.7800 -51.4084 0. 0. ;
BUS CZ1745 220 43.4000 -6.1842 0. 0. ;
BUS AT1746 220 126.6300 -18.0438 0. 0. ;
BUS SI1747 220 27.9300 -3.9798 0. 0. ;
BUS SI1748 220 28.4200 -4.0496 0. 0. ;
BUS HR1749 220 65.2400 -9.2962 0. 0. ;
BUS SI1750 380 98.3500 -14.0141 0. 0. ;
BUS SI1751 380 50.1900 -7.1517 0. 0. ;
BUS SI1752 380 108.9900 -15.5302 0. 0. ;
BUS AT1753 380 170.9400 -24.3576 0. 0. ;
BUS AT1754 220 49.0000 -6.9821 0. 0. ;
BUS AT1755 380 32.6900 -4.6581 0. 0. ;
BUS AT1756 380 59.6400 -8.4982 0. 0. ;
BUS AT1757 380 57.5400 -8.1990 0. 0. ;
BUS IT1758 220 30.7300 -4.3788 0. 0. ;
BUS IT1759 220 13.9300 -1.9849 0. 0. ;
BUS HR1760 380 183.3300 -26.1231 0. 0. ;
BUS HR1761 380 93.3800 -13.3059 0. 0. ;
BUS HR1762 220 25.4800 -3.6307 0. 0. ;
BUS SI1763 380 127.4700 -18.1635 0. 0. ;
BUS SI1764 380 235.4800 -33.5541 0. 0. ;
BUS HR1765 220 27.9300 -3.9798 0. 0. ;
BUS IT1766 220 12.7400 -1.8154 0. 0. ;
BUS IT1767 380 79.4500 -11.3210 0. 0. ;
BUS IT1768 380 100.0300 -14.2535 0. 0. ;
BUS IT1769 220 26.4600 -3.7703 0. 0. ;
BUS IT1770 380 315.3500 -44.9349 0. 0. ;
BUS IT1771 220 77.3500 -11.0218 0. 0. ;
BUS IT1772 220 105.1400 -14.9816 0. 0. ;
BUS IT1773 380 93.8000 -13.3658 0. 0. ;
BUS IT1774 380 40.4600 -5.7652 0. 0. ;
BUS IT1775 380 124.8800 -17.7944 0. 0. ;
BUS IT1776 380 152.8800 -21.7842 0. 0. ;
BUS IT1777 380 74.8300 -10.6627 0. 0. ;
BUS IT1778 220 80.5000 -11.4706 0. 0. ;
BUS FR1779 220 47.7400 -6.8026 0. 0. ;
BUS FR1780 220 74.2700 -10.5829 0. 0. ;
BUS FR1781 220 74.7600 -10.6527 0. 0. ;
BUS FR1782 220 103.0400 -14.6824 0. 0. ;
BUS FR1783 220 88.6900 -12.6376 0. 0. ;
BUS FR1784 380 207.9700 -29.6341 0. 0. ;
BUS FR1785 220 81.3400 -11.5903 0. 0. ;
BUS FR1786 220 52.4300 -7.4709 0. 0. ;
BUS FR1787 220 70.2800 -10.0144 0. 0. ;
BUS FR1788 220 18.9700 -2.7031 0. 0. ;
BUS ES1789 380 24.0800 -3.4312 0. 0. ;
BUS ES1790 380 23.9400 -3.4113 0. 0. ;
BUS ES1791 380 34.1600 -4.8675 0. 0. ;
BUS ES1792 220 7.2800 -1.0373 0. 0. ;
BUS ES1793 220 122.6400 -17.4753 0. 0. ;
BUS ES1794 380 3.9200 -0.5586 0. 0. ;
BUS ES1795 220 6.1600 -0.8778 0. 0. ;
BUS ES1796 380 23.5900 -3.3614 0. 0. ;
BUS ES1797 380 44.1700 -6.2939 0. 0. ;
BUS ES1798 380 43.1200 -6.1443 0. 0. ;
BUS ES1799 220 13.8600 -1.9749 0. 0. ;
BUS ES1800 220 5.6000 -0.7980 0. 0. ;
BUS ES1801 220 122.9900 -17.5251 0. 0. ;
BUS ES1802 380 12.8100 -1.8253 0. 0. ;
BUS ES1803 380 8.1200 -1.1570 0. 0. ;
BUS ES1804 380 5.3900 -0.7680 0. 0. ;
BUS ES1805 380 286.0900 -40.7656 0. 0. ;
BUS ES1806 380 59.4300 -8.4683 0. 0. ;
BUS ES1807 380 3.9200 -0.5586 0. 0. ;
BUS ES1808 220 5.8100 -0.8279 0. 0. ;
BUS ES1809 220 9.6600 -1.3765 0. 0. ;
BUS ES1810 220 39.2000 -5.5857 0. 0. ;
BUS ES1811 380 57.6800 -8.2190 0. 0. ;
BUS ES1812 380 7.0700 -1.0074 0. 0. ;
BUS ES1813 380 41.6500 -5.9348 0. 0. ;
BUS ES1814 220 21.2100 -3.0223 0. 0. ;
BUS ES1815 380 78.4000 -11.1714 0. 0. ;
BUS ES1816 220 17.7100 -2.5235 0. 0. ;
BUS ES1817 220 18.1300 -2.5834 0. 0. ;
BUS ES1818 220 25.4100 -3.6207 0. 0. ;
BUS FR1819 220 55.5100 -7.9097 0. 0. ;
BUS FR1820 220 58.5200 -8.3386 0. 0. ;
BUS FR1821 220 75.6000 -10.7724 0. 0. ;
BUS FR1822 220 15.4000 -2.1944 0. 0. ;
BUS FR1823 220 17.0800 -2.4338 0. 0. ;
BUS ES1824 220 5.3200 -0.7581 0. 0. ;
BUS FR1825 220 124.7400 -17.7745 0. 0. ;
BUS NL1826 380 90.4400 -12.8870 0. 0. ;
BUS NL1827 380 238.7000 -34.0129 0. 0. ;
BUS DE1828 380 42.9100 -6.1143 0. 0. ;
BUS DE1829 380 45.0100 -6.4136 0. 0. ;
BUS DE1830 380 47.1800 -6.7228 0. 0. ;
BUS DE1831 220 54.6700 -7.7901 0. 0. ;
BUS DE1832 220 68.5300 -9.7650 0. 0. ;
BUS NL1833 380 345.3800 -49.2140 0. 0. ;
BUS NL1834 380 593.3900 -84.5535 0. 0. ;
BUS NL1835 380 351.5400 -50.0917 0. 0. ;
BUS NL1836 380 541.3800 -77.1425 0. 0. ;
BUS NL1837 380 715.1200 -101.8991 0. 0. ;
BUS DE1838 380 96.9500 -13.8146 0. 0. ;
BUS DE1839 380 89.8800 -12.8072 0. 0. ;
BUS DE1840 220 36.4700 -5.1967 0. 0. ;
BUS DE1841 380 132.5100 -18.8817 0. 0. ;
BUS DE1842 380 175.6300 -25.0259 0. 0. ;
BUS DE1843 380 75.6700 -10.7824 0. 0. ;
BUS DE1844 380 35.2800 -5.0271 0. 0. ;
BUS DE1845 380 26.8100 -3.8202 0. 0. ;
BUS DE1846 380 24.0800 -3.4312 0. 0. ;
BUS DE1847 380 96.3900 -13.7348 0. 0. ;
BUS DE1848 380 48.8600 -6.9622 0. 0. ;
BUS DE1849 380 144.2700 -20.5574 0. 0. ;
BUS DE1850 220 26.8800 -3.8302 0. 0. ;
BUS DE1851 220 34.9300 -4.9773 0. 0. ;
BUS DE1852 220 40.8100 -5.8151 0. 0. ;
BUS DE1853 380 89.6700 -12.7773 0. 0. ;
BUS DE1854 380 94.0100 -13.3957 0. 0. ;
BUS DE1855 380 161.6300 -23.0310 0. 0. ;
BUS DE1856 380 125.3000 -17.8543 0. 0. ;
BUS DE1857 380 122.6400 -17.4753 0. 0. ;
BUS DE1858 380 55.0900 -7.8499 0. 0. ;
BUS DE1859 380 51.0300 -7.2714 0. 0. ;
BUS DE1860 380 40.3200 -5.7453 0. 0. ;
BUS DE1861 380 78.6800 -11.2113 0. 0. ;
BUS DE1862 380 236.5300 -33.7037 0. 0. ;
BUS DE1863 220 37.7300 -5.3762 0. 0. ;
BUS CZ1864 380 57.4000 -8.1791 0. 0. ;
BUS CZ1865 380 101.2900 -14.4330 0. 0. ;
BUS CZ1866 380 54.7400 -7.8000 0. 0. ;
BUS CZ1867 380 59.5700 -8.4883 0. 0. ;
BUS CZ1868 380 204.4000 -29.1254 0. 0. ;
BUS CZ1869 380 77.7700 -11.0816 0. 0. ;
BUS CZ1870 220 62.0200 -8.8374 0. 0. ;
BUS CZ1871 220 16.5200 -2.3540 0. 0. ;
BUS CZ1872 220 28.8400 -4.1095 0. 0. ;
BUS CZ1873 380 51.4500 -7.3312 0. 0. ;
BUS CZ1874 220 18.2700 -2.6033 0. 0. ;
BUS HU1875 380 37.5900 -5.3563 0. 0. ;
BUS HU1876 220 60.2000 -8.5780 0. 0. ;
BUS AT1877 380 123.7600 -17.6348 0. 0. ;
BUS AT1878 220 22.6100 -3.2218 0. 0. ;
BUS AT1879 220 18.7600 -2.6732 0. 0. ;
BUS CZ1880 220 43.4700 -6.1941 0. 0. ;
BUS CZ1881 220 19.1100 -2.7230 0. 0. ;
BUS CZ1882 220 47.5300 -6.7727 0. 0. ;
BUS SK1883 220 23.8000 -3.3913 0. 0. ;
BUS CZ1884 380 130.2700 -18.5625 0. 0. ;
BUS HR1885 380 195.7900 -27.8986 0. 0. ;
BUS HR1886 220 53.6200 -7.6404 0. 0. ;
BUS CZ1887 380 101.7100 -14.4929 0. 0. ;
BUS IT1888 220 34.3700 -4.8975 0. 0. ;
BUS HR1889 380 157.6400 -22.4625 0. 0. ;
BUS HR1890 380 134.6100 -19.1809 0. 0. ;
BUS HR1891 220 26.5300 -3.7803 0. 0. ;
BUS HR1892 220 10.2200 -1.4563 0. 0. ;
BUS HR1893 220 60.9700 -8.6878 0. 0. ;
BUS IT1894 220 33.5300 -4.7778 0. 0. ;
BUS IT1895 380 106.2600 -15.1412 0. 0. ;
BUS IT1896 220 31.2900 -4.4586 0. 0. ;
BUS IT1897 220 13.5100 -1.9251 0. 0. ;
BUS IT1898 380 288.8200 -41.1546 0. 0. ;
BUS IT1899 380 292.0400 -41.6134 0. 0. ;
BUS IT1900 380 318.0800 -45.3239 0. 0. ;
BUS IT1901 380 179.6200 -25.5945 0. 0. ;
BUS IT1902 220 29.6100 -4.2192 0. 0. ;
BUS IT1903 220 107.8000 -15.3607 0. 0. ;
BUS FR1904 220 59.0100 -8.4085 0. 0. ;
BUS FR1905 220 51.5200 -7.3412 0. 0. ;
BUS FR1906 220 74.5500 -10.6228 0. 0. ;
BUS FR1907 220 69.3000 -9.8747 0. 0. ;
BUS FR1908 220 85.7500 -12.2187 0. 0. ;
BUS FR1909 220 50.3300 -7.1716 0. 0. ;
BUS FR1910 220 73.8500 -10.5231 0. 0. ;
BUS FR1911 220 76.4400 -10.8921 0. 0. ;
BUS ES1912 380 27.0900 -3.8601 0. 0. ;
BUS ES1913 380 43.1900 -6.1542 0. 0. ;
BUS ES1914 380 32.9000 -4.6880 0. 0. ;
BUS ES1915 220 3.1500 -0.4489 0. 0. ;
BUS ES1916 220 9.4500 -1.3466 0. 0. ;
BUS ES1917 220 1.6100 -0.2294 0. 0. ;
BUS ES1918 380 4.0600 -0.5785 0. 0. ;
BUS ES1919 220 1.3300 -0.1895 0. 0. ;
BUS ES1920 220 6.2300 -0.8877 0. 0. ;
BUS ES1921 220 8.8200 -1.2568 0. 0. ;
BUS ES1922 380 33.3200 -4.7478 0. 0. ;
BUS ES1923 220 1.8200 -0.2593 0. 0. ;
BUS ES1924 220 2.6600 -0.3790 0. 0. ;
BUS ES1925 220 3.0100 -0.4289 0. 0. ;
BUS ES1926 220 115.5000 -16.4579 0. 0. ;
BUS ES1927 220 14.4200 -2.0547 0. 0. ;
BUS ES1928 380 8.6100 -1.2269 0. 0. ;
BUS ES1929 380 3.8500 -0.5486 0. 0. ;
BUS ES1930 380 72.2400 -10.2936 0. 0. ;
BUS ES1931 380 14.4900 -2.0647 0. 0. ;
BUS ES1932 380 4.1300 -0.5885 0. 0. ;
BUS ES1933 380 4.4800 -0.6384 0. 0. ;
BUS ES1934 380 34.0900 -4.8576 0. 0. ;
BUS ES1935 380 42.7700 -6.0944 0. 0. ;
BUS ES1936 380 18.9000 -2.6931 0. 0. ;
BUS ES1937 380 13.1600 -1.8752 0. 0. ;
BUS ES1938 380 24.0800 -3.4312 0. 0. ;
BUS ES1939 380 13.4400 -1.9151 0. 0. ;
BUS ES1940 380 28.4900 -4.0596 0. 0. ;
BUS ES1941 220 13.8600 -1.9749 0. 0. ;
BUS ES1942 220 20.2300 -2.8826 0. 0. ;
BUS ES1943 220 19.6000 -2.7928 0. 0. ;
BUS ES1944 220 17.9900 -2.5634 0. 0. ;
BUS ES1945 220 16.1000 -2.2941 0. 0. ;
BUS ES1946 132 0.0000 -0.0000 0. 0. ;
BUS ES1947 220 5.9500 -0.8478 0. 0. ;
BUS ES1948 220 2.4500 -0.3491 0. 0. ;
BUS ES1949 220 14.9100 -2.1246 0. 0. ;
BUS NL1950 380 85.6100 -12.1988 0. 0. ;
BUS DE1951 380 48.3700 -6.8924 0. 0. ;
BUS NL1952 380 96.8800 -13.8047 0. 0. ;
BUS NL1953 220 79.5900 -11.3410 0. 0. ;
BUS DE1954 380 70.7000 -10.0742 0. 0. ;
BUS DE1955 380 41.0200 -5.8450 0. 0. ;
BUS DE1956 380 164.0800 -23.3801 0. 0. ;
BUS NL1957 380 278.8800 -39.7382 0. 0. ;
BUS NL1958 380 510.5100 -72.7437 0. 0. ;
BUS NL1959 380 332.7800 -47.4186 0. 0. ;
BUS DE1960 380 83.7900 -11.9394 0. 0. ;
BUS DE1961 220 32.3400 -4.6082 0. 0. ;
BUS DE1962 220 29.8900 -4.2591 0. 0. ;
BUS DE1963 380 126.2800 -17.9939 0. 0. ;
BUS DE1964 380 174.0900 -24.8065 0. 0. ;
BUS DE1965 380 82.6000 -11.7699 0. 0. ;
BUS DE1966 380 81.6200 -11.6302 0. 0. ;
BUS DE1967 380 81.9700 -11.6801 0. 0. ;
BUS DE1968 380 76.6500 -10.9220 0. 0. ;
BUS DE1969 220 25.2000 -3.5908 0. 0. ;
BUS DE1970 380 33.6000 -4.7877 0. 0. ;
BUS DE1971 380 239.8900 -34.1825 0. 0. ;
BUS DE1972 380 34.2300 -4.8775 0. 0. ;
BUS DE1973 380 102.2700 -14.5727 0. 0. ;
BUS DE1974 380 24.5700 -3.5010 0. 0. ;
BUS DE1975 380 148.9600 -21.2257 0. 0. ;
BUS DE1976 380 85.1200 -12.1289 0. 0. ;
BUS DE1977 220 30.5200 -4.3489 0. 0. ;
BUS DE1978 220 30.5900 -4.3588 0. 0. ;
BUS DE1979 220 10.9900 -1.5660 0. 0. ;
BUS DE1980 380 162.2600 -23.1208 0. 0. ;
BUS DE1981 380 81.4100 -11.6003 0. 0. ;
BUS DE1982 380 57.8200 -8.2389 0. 0. ;
BUS DE1983 380 41.0200 -5.8450 0. 0. ;
BUS DE1984 380 40.8100 -5.8151 0. 0. ;
BUS DE1985 220 78.8200 -11.2312 0. 0. ;
BUS CZ1986 380 80.3600 -11.4507 0. 0. ;
BUS CZ1987 380 196.4900 -27.9983 0. 0. ;
BUS CZ1988 380 216.0900 -30.7912 0. 0. ;
BUS CZ1989 380 91.0700 -12.9768 0. 0. ;
BUS CZ1990 380 192.2200 -27.3899 0. 0. ;
BUS CZ1991 380 107.6600 -15.3407 0. 0. ;
BUS CZ1992 380 112.9100 -16.0888 0. 0. ;
BUS CZ1993 220 68.1100 -9.7051 0. 0. ;
BUS CZ1994 380 74.4100 -10.6029 0. 0. ;
BUS CZ1995 220 25.9000 -3.6906 0. 0. ;
BUS CZ1996 220 17.8500 -2.5435 0. 0. ;
BUS CZ1997 220 38.3600 -5.4660 0. 0. ;
BUS CZ1998 220 38.5000 -5.4860 0. 0. ;
BUS CZ1999 380 61.1100 -8.7077 0. 0. ;
BUS CZ2000 380 65.1000 -9.2762 0. 0. ;
BUS CZ2001 220 17.6400 -2.5136 0. 0. ;
BUS HU2002 380 32.6200 -4.6481 0. 0. ;
BUS HU2003 380 78.7500 -11.2213 0. 0. ;
BUS SK2004 380 53.8300 -7.6704 0. 0. ;
BUS HU2005 380 31.2900 -4.4586 0. 0. ;
BUS HU2006 220 93.8700 -13.3758 0. 0. ;
BUS CZ2007 220 22.4000 -3.1918 0. 0. ;
BUS CZ2008 220 50.3300 -7.1716 0. 0. ;
BUS CZ2009 380 142.6600 -20.3279 0. 0. ;
BUS SK2010 220 22.5400 -3.2118 0. 0. ;
BUS SK2011 220 24.3600 -3.4711 0. 0. ;
BUS SK2012 380 73.0800 -10.4133 0. 0. ;
BUS CZ2013 380 122.9900 -17.5251 0. 0. ;
BUS CZ2014 380 132.8600 -18.9315 0. 0. ;
BUS HU2015 380 90.6500 -12.9169 0. 0. ;
BUS HR2016 220 59.0100 -8.4085 0. 0. ;
BUS BA2017 220 45.3600 -6.4634 0. 0. ;
BUS HR2018 220 14.0700 -2.0049 0. 0. ;
BUS CZ2019 380 75.4600 -10.7525 0. 0. ;
BUS CZ2020 380 110.1800 -15.6998 0. 0. ;
BUS CZ2021 380 38.9900 -5.5558 0. 0. ;
BUS HR2022 380 202.5100 -28.8561 0. 0. ;
BUS BA2023 380 29.7500 -4.2391 0. 0. ;
BUS HR2024 220 44.8700 -6.3936 0. 0. ;
BUS HR2025 220 39.1300 -5.5757 0. 0. ;
BUS IT2026 380 84.4900 -12.0392 0. 0. ;
BUS IT2027 220 30.5900 -4.3588 0. 0. ;
BUS IT2028 220 71.8900 -10.2438 0. 0. ;
BUS IT2029 220 97.3700 -13.8745 0. 0. ;
BUS IT2030 380 300.3700 -42.8004 0. 0. ;
BUS IT2031 380 105.8400 -15.0814 0. 0. ;
BUS IT2032 220 106.0500 -15.1113 0. 0. ;
BUS IT2033 380 189.0700 -26.9410 0. 0. ;
BUS IT2034 380 109.6900 -15.6300 0. 0. ;
BUS IT2035 380 332.7100 -47.4086 0. 0. ;
BUS IT2036 220 107.3100 -15.2908 0. 0. ;
BUS IT2037 220 104.5100 -14.8919 0. 0. ;
BUS FR2038 220 59.0100 -8.4085 0. 0. ;
BUS FR2039 220 86.9400 -12.3883 0. 0. ;
BUS FR2040 220 67.0600 -9.5555 0. 0. ;
BUS FR2041 220 70.6300 -10.0642 0. 0. ;
BUS FR2042 220 89.4600 -12.7474 0. 0. ;
BUS FR2043 220 67.1300 -9.5655 0. 0. ;
BUS FR2044 220 90.3700 -12.8770 0. 0. ;
BUS FR2045 220 65.1700 -9.2862 0. 0. ;
BUS ES2046 380 30.1000 -4.2890 0. 0. ;
BUS ES2047 380 71.8200 -10.2338 0. 0. ;
BUS ES2048 220 6.7900 -0.9675 0. 0. ;
BUS ES2049 220 1.6800 -0.2394 0. 0. ;
BUS ES2050 220 2.3100 -0.3292 0. 0. ;
BUS ES2051 220 5.1100 -0.7281 0. 0. ;
BUS ES2052 380 14.3500 -2.0448 0. 0. ;
BUS ES2053 220 14.7000 -2.0946 0. 0. ;
BUS ES2054 220 24.2900 -3.4611 0. 0. ;
BUS ES2055 220 24.9200 -3.5509 0. 0. ;
BUS ES2056 220 1.1200 -0.1596 0. 0. ;
BUS ES2057 220 9.0300 -1.2867 0. 0. ;
BUS ES2058 220 14.3500 -2.0448 0. 0. ;
BUS ES2059 220 9.5200 -1.3565 0. 0. ;
BUS ES2060 220 11.1300 -1.5859 0. 0. ;
BUS ES2061 220 4.3400 -0.6184 0. 0. ;
BUS ES2062 220 3.8500 -0.5486 0. 0. ;
BUS ES2063 220 9.1000 -1.2967 0. 0. ;
BUS ES2064 220 10.0100 -1.4263 0. 0. ;
BUS ES2065 380 3.9900 -0.5685 0. 0. ;
BUS ES2066 380 3.8500 -0.5486 0. 0. ;
BUS ES2067 380 11.6200 -1.6558 0. 0. ;
BUS ES2068 220 24.0800 -3.4312 0. 0. ;
BUS ES2069 380 3.8500 -0.5486 0. 0. ;
BUS ES2070 380 42.8400 -6.1044 0. 0. ;
BUS ES2071 380 7.4900 -1.0673 0. 0. ;
BUS ES2072 380 36.0500 -5.1368 0. 0. ;
BUS ES2073 220 11.3400 -1.6159 0. 0. ;
BUS ES2074 220 14.2800 -2.0348 0. 0. ;
BUS ES2075 220 6.3000 -0.8977 0. 0. ;
BUS ES2076 380 13.2300 -1.8852 0. 0. ;
BUS ES2077 220 4.4100 -0.6284 0. 0. ;
BUS ES2078 380 5.1100 -0.7281 0. 0. ;
BUS ES2079 380 24.2200 -3.4512 0. 0. ;
BUS ES2080 380 29.7500 -4.2391 0. 0. ;
BUS ES2081 380 3.5700 -0.5087 0. 0. ;
BUS ES2082 380 29.6800 -4.2292 0. 0. ;
BUS ES2083 380 29.6800 -4.2292 0. 0. ;
BUS ES2084 380 29.1900 -4.1593 0. 0. ;
BUS ES2085 220 15.6800 -2.2343 0. 0. ;
BUS ES2086 220 7.5600 -1.0772 0. 0. ;
BUS ES2087 220 19.5300 -2.7829 0. 0. ;
BUS ES2088 220 30.2400 -4.3090 0. 0. ;
BUS ES2089 220 16.5900 -2.3639 0. 0. ;
BUS ES2090 220 16.3800 -2.3340 0. 0. ;
BUS ES2091 220 15.9600 -2.2742 0. 0. ;
BUS ES2092 220 5.8100 -0.8279 0. 0. ;
BUS ES2093 220 26.8100 -3.8202 0. 0. ;
BUS ES2094 220 2.3800 -0.3391 0. 0. ;
BUS ES2095 220 1.6100 -0.2294 0. 0. ;
BUS ES2096 220 15.5400 -2.2143 0. 0. ;
BUS ES2097 220 15.4000 -2.1944 0. 0. ;
BUS NL2098 380 92.8200 -13.2261 0. 0. ;
BUS DE2099 380 79.6600 -11.3509 0. 0. ;
BUS NL2100 220 32.2700 -4.5982 0. 0. ;
BUS NL2101 220 89.8800 -12.8072 0. 0. ;
BUS NL2102 220 120.5400 -17.1760 0. 0. ;
BUS DE2103 380 56.0700 -7.9895 0. 0. ;
BUS DE2104 380 91.4200 -13.0266 0. 0. ;
BUS DE2105 220 27.9300 -3.9798 0. 0. ;
BUS DE2106 380 82.0400 -11.6901 0. 0. ;
BUS DE2107 380 103.1100 -14.6924 0. 0. ;
BUS DE2108 380 63.2100 -9.0069 0. 0. ;
BUS DE2109 220 42.0700 -5.9947 0. 0. ;
BUS DE2110 220 58.0300 -8.2688 0. 0. ;
BUS DE2111 220 27.5100 -3.9200 0. 0. ;
BUS DE2112 220 27.3000 -3.8900 0. 0. ;
BUS DE2113 220 31.2900 -4.4586 0. 0. ;
BUS DE2114 380 258.0900 -36.7758 0. 0. ;
BUS DE2115 380 281.7500 -40.1472 0. 0. ;
BUS DE2116 220 11.4100 -1.6258 0. 0. ;
BUS DE2117 380 18.9000 -2.6931 0. 0. ;
BUS DE2118 380 21.5600 -3.0721 0. 0. ;
BUS DE2119 380 122.0100 -17.3855 0. 0. ;
BUS DE2120 220 19.2500 -2.7430 0. 0. ;
BUS PL2121 380 93.3800 -13.3059 0. 0. ;
BUS DE2122 380 279.1600 -39.7781 0. 0. ;
BUS DE2123 380 32.0600 -4.5683 0. 0. ;
BUS DE2124 220 87.6400 -12.4880 0. 0. ;
BUS CZ2125 380 84.7700 -12.0791 0. 0. ;
BUS CZ2126 380 191.8700 -27.3400 0. 0. ;
BUS CZ2127 380 140.2800 -19.9888 0. 0. ;
BUS CZ2128 220 35.9100 -5.1169 0. 0. ;
BUS CZ2129 380 85.1900 -12.1389 0. 0. ;
BUS CZ2130 380 108.9900 -15.5302 0. 0. ;
BUS CZ2131 220 66.7100 -9.5057 0. 0. ;
BUS CZ2132 380 65.4500 -9.3261 0. 0. ;
BUS HU2133 380 249.0600 -35.4891 0. 0. ;
BUS HU2134 380 34.7900 -4.9573 0. 0. ;
BUS HU2135 380 78.6100 -11.2013 0. 0. ;
BUS HU2136 380 247.3800 -35.2497 0. 0. ;
BUS SK2137 380 69.3700 -9.8847 0. 0. ;
BUS SK2138 380 28.9100 -4.1195 0. 0. ;
BUS HU2139 380 48.4400 -6.9023 0. 0. ;
BUS HU2140 220 24.2900 -3.4611 0. 0. ;
BUS HU2141 220 82.4600 -11.7499 0. 0. ;
BUS HU2142 220 96.7400 -13.7847 0. 0. ;
BUS HU2143 220 94.5700 -13.4755 0. 0. ;
BUS PL2144 220 51.0300 -7.2714 0. 0. ;
BUS SK2145 220 32.3400 -4.6082 0. 0. ;
BUS CZ2146 380 162.1200 -23.1008 0. 0. ;
BUS CZ2147 380 140.4900 -20.0187 0. 0. ;
BUS SK2148 220 11.4800 -1.6358 0. 0. ;
BUS SK2149 220 25.9000 -3.6906 0. 0. ;
BUS SK2150 380 32.9700 -4.6980 0. 0. ;
BUS SK2151 380 33.5300 -4.7778 0. 0. ;
BUS SK2152 380 39.3400 -5.6056 0. 0. ;
BUS SK2153 380 278.3900 -39.6684 0. 0. ;
BUS HU2154 380 79.2400 -11.2911 0. 0. ;
BUS HR2155 220 40.4600 -5.7652 0. 0. ;
BUS BA2156 220 39.6900 -5.6555 0. 0. ;
BUS BA2157 220 25.7600 -3.6706 0. 0. ;
BUS BA2158 220 98.7700 -14.0740 0. 0. ;
BUS HU2159 380 95.5500 -13.6151 0. 0. ;
BUS RS2160 380 132.1600 -18.8318 0. 0. ;
BUS BA2161 380 83.7900 -11.9394 0. 0. ;
BUS BA2162 380 111.7200 -15.9192 0. 0. ;
BUS BA2163 380 9.0300 -1.2867 0. 0. ;
BUS BA2164 220 9.9400 -1.4164 0. 0. ;
BUS HR2165 220 47.6000 -6.7826 0. 0. ;
BUS HR2166 220 43.4700 -6.1941 0. 0. ;
BUS HR2167 220 52.5700 -7.4908 0. 0. ;
BUS IT2168 380 75.0400 -10.6926 0. 0. ;
BUS IT2169 380 143.6400 -20.4676 0. 0. ;
BUS IT2170 380 317.4500 -45.2342 0. 0. ;
BUS IT2171 380 79.2400 -11.2911 0. 0. ;
BUS IT2172 220 105.8400 -15.0814 0. 0. ;
BUS IT2173 380 100.5900 -14.3333 0. 0. ;
BUS IT2174 380 330.9600 -47.1592 0. 0. ;
BUS IT2175 220 97.5800 -13.9044 0. 0. ;
BUS FR2176 220 58.6600 -8.3586 0. 0. ;
BUS FR2177 220 89.1100 -12.6975 0. 0. ;
BUS ES2178 380 32.2000 -4.5883 0. 0. ;
BUS ES2179 380 78.8200 -11.2312 0. 0. ;
BUS ES2180 220 10.0100 -1.4263 0. 0. ;
BUS ES2181 380 3.7100 -0.5286 0. 0. ;
BUS ES2182 380 77.3500 -11.0218 0. 0. ;
BUS ES2183 380 3.7100 -0.5286 0. 0. ;
BUS ES2184 220 23.9400 -3.4113 0. 0. ;
BUS ES2185 220 1.2600 -0.1795 0. 0. ;
BUS ES2186 220 1.1900 -0.1696 0. 0. ;
BUS ES2187 220 6.3000 -0.8977 0. 0. ;
BUS ES2188 220 6.2300 -0.8877 0. 0. ;
BUS ES2189 380 29.7500 -4.2391 0. 0. ;
BUS ES2190 220 10.2900 -1.4662 0. 0. ;
BUS ES2191 220 24.2200 -3.4512 0. 0. ;
BUS ES2192 220 26.1100 -3.7205 0. 0. ;
BUS ES2193 220 24.0100 -3.4212 0. 0. ;
BUS ES2194 220 23.8700 -3.4013 0. 0. ;
BUS ES2195 220 23.7300 -3.3813 0. 0. ;
BUS ES2196 220 1.3300 -0.1895 0. 0. ;
BUS ES2197 220 9.3100 -1.3266 0. 0. ;
BUS ES2198 220 6.6500 -0.9476 0. 0. ;
BUS ES2199 220 14.2100 -2.0248 0. 0. ;
BUS ES2200 220 7.7700 -1.1072 0. 0. ;
BUS ES2201 380 4.2000 -0.5985 0. 0. ;
BUS ES2202 380 12.3900 -1.7655 0. 0. ;
BUS ES2203 380 2.9400 -0.4189 0. 0. ;
BUS ES2204 380 31.2900 -4.4586 0. 0. ;
BUS ES2205 380 42.4900 -6.0545 0. 0. ;
BUS ES2206 380 3.3600 -0.4788 0. 0. ;
BUS ES2207 380 42.5600 -6.0645 0. 0. ;
BUS ES2208 220 11.5500 -1.6458 0. 0. ;
BUS ES2209 220 17.2200 -2.4537 0. 0. ;
BUS ES2210 220 18.8300 -2.6831 0. 0. ;
BUS ES2211 220 10.9900 -1.5660 0. 0. ;
BUS ES2212 220 12.1800 -1.7356 0. 0. ;
BUS ES2213 220 10.9200 -1.5560 0. 0. ;
BUS ES2214 220 16.1000 -2.2941 0. 0. ;
BUS ES2215 220 17.8500 -2.5435 0. 0. ;
BUS ES2216 220 6.0200 -0.8578 0. 0. ;
BUS ES2217 380 14.5600 -2.0747 0. 0. ;
BUS ES2218 220 3.8500 -0.5486 0. 0. ;
BUS ES2219 220 4.4100 -0.6284 0. 0. ;
BUS ES2220 220 18.4800 -2.6333 0. 0. ;
BUS ES2221 220 4.4100 -0.6284 0. 0. ;
BUS ES2222 220 4.9700 -0.7082 0. 0. ;
BUS ES2223 380 44.8700 -6.3936 0. 0. ;
BUS ES2224 380 5.5300 -0.7880 0. 0. ;
BUS ES2225 380 8.6100 -1.2269 0. 0. ;
BUS ES2226 220 1.6800 -0.2394 0. 0. ;
BUS ES2227 380 21.0000 -2.9923 0. 0. ;
BUS ES2228 380 2.2400 -0.3192 0. 0. ;
BUS ES2229 220 1.1900 -0.1696 0. 0. ;
BUS ES2230 380 17.9900 -2.5634 0. 0. ;
BUS ES2231 220 17.2200 -2.4537 0. 0. ;
BUS ES2232 220 16.0300 -2.2842 0. 0. ;
BUS ES2233 220 10.2900 -1.4662 0. 0. ;
BUS ES2234 220 11.2000 -1.5959 0. 0. ;
BUS ES2235 220 18.0600 -2.5734 0. 0. ;
BUS ES2236 220 17.2200 -2.4537 0. 0. ;
BUS ES2237 220 5.1100 -0.7281 0. 0. ;
BUS ES2238 220 25.4800 -3.6307 0. 0. ;
BUS ES2239 220 27.0200 -3.8501 0. 0. ;
BUS NL2240 220 30.9400 -4.4087 0. 0. ;
BUS DE2241 380 106.4700 -15.1712 0. 0. ;
BUS DE2242 380 65.9400 -9.3959 0. 0. ;
BUS DE2243 220 26.5300 -3.7803 0. 0. ;
BUS NL2244 220 56.9800 -8.1192 0. 0. ;
BUS NL2245 220 109.2000 -15.5602 0. 0. ;
BUS DE2246 380 69.1600 -9.8548 0. 0. ;
BUS DE2247 380 77.3500 -11.0218 0. 0. ;
BUS DE2248 380 81.9000 -11.6701 0. 0. ;
BUS DE2249 220 30.4500 -4.3389 0. 0. ;
BUS DE2250 220 28.0000 -3.9898 0. 0. ;
BUS DE2251 220 24.9200 -3.5509 0. 0. ;
BUS DE2252 380 239.1900 -34.0827 0. 0. ;
BUS DE2253 220 34.3700 -4.8975 0. 0. ;
BUS DE2254 380 70.5600 -10.0543 0. 0. ;
BUS DE2255 220 57.4000 -8.1791 0. 0. ;
BUS DE2256 220 33.7400 -4.8077 0. 0. ;
BUS DE2257 220 40.6700 -5.7952 0. 0. ;
BUS DE2258 220 25.3400 -3.6108 0. 0. ;
BUS DE2259 220 45.5000 -6.4834 0. 0. ;
BUS DE2260 380 277.6200 -39.5587 0. 0. ;
BUS DE2261 380 275.1700 -39.2096 0. 0. ;
BUS DE2262 220 93.9400 -13.3857 0. 0. ;
BUS DE2263 220 91.1400 -12.9867 0. 0. ;
BUS DE2264 220 24.4300 -3.4811 0. 0. ;
BUS DE2265 380 17.2900 -2.4637 0. 0. ;
BUS DE2266 380 17.9200 -2.5535 0. 0. ;
BUS DE2267 380 113.8900 -16.2284 0. 0. ;
BUS DE2268 220 12.0400 -1.7156 0. 0. ;
BUS DE2269 380 57.6800 -8.2190 0. 0. ;
BUS DE2270 220 21.4900 -3.0622 0. 0. ;
BUS PL2271 380 134.1200 -19.1111 0. 0. ;
BUS PL2272 220 31.1500 -4.4386 0. 0. ;
BUS DE2273 380 286.0200 -40.7556 0. 0. ;
BUS DE2274 380 288.6800 -41.1347 0. 0. ;
BUS DE2275 220 93.0300 -13.2561 0. 0. ;
BUS CZ2276 380 79.7300 -11.3609 0. 0. ;
BUS HU2277 380 250.5300 -35.6986 0. 0. ;
BUS HU2278 380 52.6400 -7.5008 0. 0. ;
BUS HU2279 380 120.6100 -17.1860 0. 0. ;
BUS HU2280 380 99.4000 -14.1637 0. 0. ;
BUS SK2281 380 30.3100 -4.3189 0. 0. ;
BUS SK2282 380 42.1400 -6.0046 0. 0. ;
BUS HU2283 220 96.4600 -13.7448 0. 0. ;
BUS PL2284 220 52.0100 -7.4110 0. 0. ;
BUS PL2285 220 50.6800 -7.2215 0. 0. ;
BUS PL2286 220 57.1200 -8.1392 0. 0. ;
BUS PL2287 220 44.8000 -6.3837 0. 0. ;
BUS SK2288 220 20.0900 -2.8627 0. 0. ;
BUS SK2289 380 55.4400 -7.8998 0. 0. ;
BUS CZ2290 380 154.8400 -22.0635 0. 0. ;
BUS CZ2291 380 174.7200 -24.8963 0. 0. ;
BUS CZ2292 380 159.7400 -22.7617 0. 0. ;
BUS CZ2293 380 144.0600 -20.5274 0. 0. ;
BUS SK2294 380 77.6300 -11.0617 0. 0. ;
BUS SK2295 380 34.2300 -4.8775 0. 0. ;
BUS SK2296 380 45.0100 -6.4136 0. 0. ;
BUS BA2297 220 22.7500 -3.2417 0. 0. ;
BUS BA2298 220 41.0900 -5.8550 0. 0. ;
BUS BA2299 220 11.7600 -1.6757 0. 0. ;
BUS BA2300 220 46.1300 -6.5732 0. 0. ;
BUS RS2301 380 194.7400 -27.7489 0. 0. ;
BUS RS2302 220 44.0300 -6.2739 0. 0. ;
BUS BA2303 380 68.2500 -9.7251 0. 0. ;
BUS BA2304 380 94.5000 -13.4655 0. 0. ;
BUS BA2305 380 27.5100 -3.9200 0. 0. ;
BUS BA2306 220 14.3500 -2.0448 0. 0. ;
BUS BA2307 220 10.4300 -1.4862 0. 0. ;
BUS BA2308 220 10.7100 -1.5261 0. 0. ;
BUS IT2309 380 47.6700 -6.7926 0. 0. ;
BUS IT2310 220 47.8800 -6.8225 0. 0. ;
BUS IT2311 380 116.9000 -16.6573 0. 0. ;
BUS IT2312 380 129.5000 -18.4528 0. 0. ;
BUS IT2313 380 222.1800 -31.6589 0. 0. ;
BUS IT2314 380 83.5800 -11.9095 0. 0. ;
BUS IT2315 380 101.4300 -14.4530 0. 0. ;
BUS ES2316 380 89.6700 -12.7773 0. 0. ;
BUS ES2317 220 26.0400 -3.7105 0. 0. ;
BUS ES2318 220 13.1600 -1.8752 0. 0. ;
BUS ES2319 220 12.2500 -1.7455 0. 0. ;
BUS ES2320 220 11.0600 -1.5760 0. 0. ;
BUS ES2321 220 12.1100 -1.7256 0. 0. ;
BUS ES2322 380 3.7800 -0.5386 0. 0. ;
BUS ES2323 380 85.9600 -12.2486 0. 0. ;
BUS ES2324 380 99.4700 -14.1737 0. 0. ;
BUS ES2325 380 4.4100 -0.6284 0. 0. ;
BUS ES2326 220 27.4400 -3.9100 0. 0. ;
BUS ES2327 220 28.4200 -4.0496 0. 0. ;
BUS ES2328 220 2.8700 -0.4090 0. 0. ;
BUS ES2329 220 2.8700 -0.4090 0. 0. ;
BUS ES2330 220 1.0500 -0.1496 0. 0. ;
BUS ES2331 380 10.9200 -1.5560 0. 0. ;
BUS ES2332 380 15.1900 -2.1645 0. 0. ;
BUS ES2333 380 11.6900 -1.6657 0. 0. ;
BUS ES2334 220 9.9400 -1.4164 0. 0. ;
BUS ES2335 220 12.8800 -1.8353 0. 0. ;
BUS ES2336 220 4.1300 -0.5885 0. 0. ;
BUS ES2337 220 25.5500 -3.6407 0. 0. ;
BUS ES2338 220 23.3100 -3.3215 0. 0. ;
BUS ES2339 220 1.9600 -0.2793 0. 0. ;
BUS ES2340 220 5.7400 -0.8179 0. 0. ;
BUS ES2341 220 24.0100 -3.4212 0. 0. ;
BUS ES2342 220 25.2000 -3.5908 0. 0. ;
BUS ES2343 220 0.9800 -0.1396 0. 0. ;
BUS ES2344 220 7.5600 -1.0772 0. 0. ;
BUS ES2345 220 110.6700 -15.7696 0. 0. ;
BUS ES2346 380 8.9600 -1.2767 0. 0. ;
BUS ES2347 380 4.7600 -0.6783 0. 0. ;
BUS ES2348 380 18.9700 -2.7031 0. 0. ;
BUS ES2349 380 21.2800 -3.0322 0. 0. ;
BUS ES2350 220 14.2100 -2.0248 0. 0. ;
BUS ES2351 220 13.8600 -1.9749 0. 0. ;
BUS ES2352 220 11.5500 -1.6458 0. 0. ;
BUS ES2353 220 11.2700 -1.6059 0. 0. ;
BUS ES2354 220 1.2600 -0.1795 0. 0. ;
BUS ES2355 220 13.0200 -1.8552 0. 0. ;
BUS ES2356 220 11.4100 -1.6258 0. 0. ;
BUS ES2357 220 6.0900 -0.8678 0. 0. ;
BUS ES2358 220 5.9500 -0.8478 0. 0. ;
BUS ES2359 380 13.9300 -1.9849 0. 0. ;
BUS ES2360 380 51.7300 -7.3711 0. 0. ;
BUS ES2361 220 17.9900 -2.5634 0. 0. ;
BUS ES2362 220 11.2700 -1.6059 0. 0. ;
BUS ES2363 380 44.9400 -6.4036 0. 0. ;
BUS ES2364 380 40.9500 -5.8351 0. 0. ;
BUS ES2365 380 5.1800 -0.7381 0. 0. ;
BUS ES2366 380 17.7800 -2.5335 0. 0. ;
BUS ES2367 380 8.8900 -1.2668 0. 0. ;
BUS ES2368 220 1.8200 -0.2593 0. 0. ;
BUS ES2369 380 15.5400 -2.2143 0. 0. ;
BUS ES2370 380 5.3900 -0.7680 0. 0. ;
BUS ES2371 380 55.7200 -7.9397 0. 0. ;
BUS ES2372 380 23.5900 -3.3614 0. 0. ;
BUS ES2373 220 7.0000 -0.9974 0. 0. ;
BUS ES2374 380 37.8000 -5.3862 0. 0. ;
BUS PT2375 380 4.1300 -0.5885 0. 0. ;
BUS ES2376 220 0.7700 -0.1097 0. 0. ;
BUS ES2377 220 17.0100 -2.4238 0. 0. ;
BUS ES2378 220 2.1700 -0.3092 0. 0. ;
BUS ES2379 220 5.3200 -0.7581 0. 0. ;
BUS ES2380 220 4.6900 -0.6683 0. 0. ;
BUS ES2381 380 18.9000 -2.6931 0. 0. ;
BUS ES2382 380 128.9400 -18.3730 0. 0. ;
BUS ES2383 220 6.0200 -0.8578 0. 0. ;
BUS ES2384 220 9.8700 -1.4064 0. 0. ;
BUS ES2385 220 12.3900 -1.7655 0. 0. ;
BUS ES2386 220 16.9400 -2.4138 0. 0. ;
BUS ES2387 220 27.3000 -3.8900 0. 0. ;
BUS ES2388 220 27.1600 -3.8701 0. 0. ;
BUS NL2389 220 83.4400 -11.8896 0. 0. ;
BUS DE2390 380 112.7000 -16.0589 0. 0. ;
BUS DE2391 220 21.9800 -3.1320 0. 0. ;
BUS DE2392 220 37.5900 -5.3563 0. 0. ;
BUS DE2393 220 22.4700 -3.2018 0. 0. ;
BUS DE2394 220 18.8300 -2.6831 0. 0. ;
BUS NL2395 220 109.2700 -15.5701 0. 0. ;
BUS DE2396 220 23.0300 -3.2816 0. 0. ;
BUS DE2397 380 72.5200 -10.3335 0. 0. ;
BUS DE2398 380 74.2000 -10.5729 0. 0. ;
BUS DE2399 220 25.7600 -3.6706 0. 0. ;
BUS DE2400 220 27.3000 -3.8900 0. 0. ;
BUS DE2401 220 22.9600 -3.2716 0. 0. ;
BUS DE2402 380 237.9300 -33.9032 0. 0. ;
BUS DE2403 380 258.8600 -36.8856 0. 0. ;
BUS DE2404 380 84.9100 -12.0990 0. 0. ;
BUS DE2405 380 220.9200 -31.4794 0. 0. ;
BUS DE2406 220 73.7100 -10.5031 0. 0. ;
BUS DE2407 220 31.0100 -4.4187 0. 0. ;
BUS DE2408 380 52.2900 -7.4509 0. 0. ;
BUS DE2409 220 61.6700 -8.7875 0. 0. ;
BUS DE2410 220 49.6300 -7.0719 0. 0. ;
BUS DE2411 220 34.7200 -4.9473 0. 0. ;
BUS DE2412 220 40.5300 -5.7752 0. 0. ;
BUS DE2413 380 282.0300 -40.1871 0. 0. ;
BUS DE2414 380 277.6900 -39.5687 0. 0. ;
BUS DE2415 380 23.7300 -3.3813 0. 0. ;
BUS DE2416 380 266.7000 -38.0027 0. 0. ;
BUS DE2417 220 25.2000 -3.5908 0. 0. ;
BUS DE2418 220 12.4600 -1.7755 0. 0. ;
BUS DE2419 380 42.5600 -6.0645 0. 0. ;
BUS DE2420 380 64.4000 -9.1765 0. 0. ;
BUS DE2421 220 21.9800 -3.1320 0. 0. ;
BUS DE2422 132 0.0000 -0.0000 0. 0. ;
BUS PL2423 380 134.9600 -19.2308 0. 0. ;
BUS PL2424 380 138.6700 -19.7594 0. 0. ;
BUS PL2425 380 126.5600 -18.0338 0. 0. ;
BUS PL2426 220 31.8500 -4.5384 0. 0. ;
BUS PL2427 220 82.6700 -11.7798 0. 0. ;
BUS PL2428 220 39.7600 -5.6655 0. 0. ;
BUS PL2429 220 50.0500 -7.1317 0. 0. ;
BUS DE2430 380 275.1700 -39.2096 0. 0. ;
BUS DE2431 380 285.0400 -40.6160 0. 0. ;
BUS DE2432 380 284.9000 -40.5961 0. 0. ;
BUS DE2433 220 8.5400 -1.2169 0. 0. ;
BUS CZ2434 380 96.3200 -13.7249 0. 0. ;
BUS RS2435 380 143.8500 -20.4975 0. 0. ;
BUS HU2436 380 84.9800 -12.1090 0. 0. ;
BUS RO2437 380 46.1300 -6.5732 0. 0. ;
BUS HU2438 750 0.0000 -0.0000 0. 0. ;
BUS HU2439 380 282.3100 -40.2270 0. 0. ;
BUS SK2440 380 59.5700 -8.4883 0. 0. ;
BUS HU2441 220 94.0800 -13.4057 0. 0. ;
BUS HU2442 220 37.3100 -5.3164 0. 0. ;
BUS PL2443 220 30.6600 -4.3688 0. 0. ;
BUS PL2444 220 42.6300 -6.0744 0. 0. ;
BUS PL2445 220 57.2600 -8.1591 0. 0. ;
BUS PL2446 220 41.3700 -5.8949 0. 0. ;
BUS PL2447 220 43.6800 -6.2241 0. 0. ;
BUS SK2448 220 20.3700 -2.9026 0. 0. ;
BUS SK2449 220 26.9500 -3.8402 0. 0. ;
BUS SK2450 380 60.2700 -8.5880 0. 0. ;
BUS SK2451 380 58.5200 -8.3386 0. 0. ;
BUS SK2452 380 117.2500 -16.7072 0. 0. ;
BUS CZ2453 380 100.1700 -14.2735 0. 0. ;
BUS PL2454 380 148.6800 -21.1858 0. 0. ;
BUS SK2455 380 97.5800 -13.9044 0. 0. ;
BUS BA2456 220 46.6200 -6.6430 0. 0. ;
BUS BA2457 220 27.3000 -3.8900 0. 0. ;
BUS BA2458 220 35.9100 -5.1169 0. 0. ;
BUS BA2459 220 11.3400 -1.6159 0. 0. ;
BUS BA2460 220 45.0100 -6.4136 0. 0. ;
BUS RS2461 380 73.0800 -10.4133 0. 0. ;
BUS RS2462 380 146.7200 -20.9065 0. 0. ;
BUS RS2463 380 177.3100 -25.2653 0. 0. ;
BUS RS2464 220 9.0300 -1.2867 0. 0. ;
BUS RS2465 220 38.0100 -5.4161 0. 0. ;
BUS BA2466 380 59.5000 -8.4783 0. 0. ;
BUS BA2467 380 14.1400 -2.0148 0. 0. ;
BUS ME2468 380 31.7100 -4.5184 0. 0. ;
BUS ME2469 380 115.5700 -16.4678 0. 0. ;
BUS BA2470 132 0.0000 -0.0000 0. 0. ;
BUS BA2471 220 9.1700 -1.3067 0. 0. ;
BUS BA2472 220 7.9100 -1.1271 0. 0. ;
BUS BA2473 132 0.0000 -0.0000 0. 0. ;
BUS IT2474 380 42.3500 -6.0345 0. 0. ;
BUS IT2475 380 75.4600 -10.7525 0. 0. ;
BUS IT2476 380 169.4000 -24.1382 0. 0. ;
BUS IT2477 220 52.9200 -7.5407 0. 0. ;
BUS IT2478 220 15.6100 -2.2243 0. 0. ;
BUS IT2479 380 151.9700 -21.6546 0. 0. ;
BUS IT2480 380 80.5000 -11.4706 0. 0. ;
BUS IT2481 220 43.1900 -6.1542 0. 0. ;
BUS ES2482 380 90.1600 -12.8471 0. 0. ;
BUS ES2483 220 26.6000 -3.7903 0. 0. ;
BUS ES2484 220 11.2000 -1.5959 0. 0. ;
BUS ES2485 380 8.4000 -1.1969 0. 0. ;
BUS ES2486 380 3.5700 -0.5087 0. 0. ;
BUS ES2487 220 28.6300 -4.0796 0. 0. ;
BUS ES2488 380 4.9000 -0.6982 0. 0. ;
BUS ES2489 380 30.2400 -4.3090 0. 0. ;
BUS ES2490 380 3.6400 -0.5187 0. 0. ;
BUS ES2491 380 28.7000 -4.0895 0. 0. ;
BUS ES2492 220 33.1800 -4.7279 0. 0. ;
BUS ES2493 220 1.4700 -0.2095 0. 0. ;
BUS ES2494 220 29.4700 -4.1992 0. 0. ;
BUS ES2495 380 31.3600 -4.4686 0. 0. ;
BUS ES2496 380 14.4200 -2.0547 0. 0. ;
BUS ES2497 380 10.5700 -1.5061 0. 0. ;
BUS ES2498 380 26.1100 -3.7205 0. 0. ;
BUS ES2499 380 8.8900 -1.2668 0. 0. ;
BUS ES2500 220 3.9200 -0.5586 0. 0. ;
BUS ES2501 220 11.7600 -1.6757 0. 0. ;
BUS ES2502 220 3.0100 -0.4289 0. 0. ;
BUS ES2503 220 14.2800 -2.0348 0. 0. ;
BUS ES2504 220 5.3200 -0.7581 0. 0. ;
BUS ES2505 220 22.6800 -3.2317 0. 0. ;
BUS ES2506 380 5.8100 -0.8279 0. 0. ;
BUS ES2507 220 26.3900 -3.7604 0. 0. ;
BUS ES2508 220 3.6400 -0.5187 0. 0. ;
BUS ES2509 380 4.4100 -0.6284 0. 0. ;
BUS ES2510 380 8.8900 -1.2668 0. 0. ;
BUS ES2511 380 4.5500 -0.6483 0. 0. ;
BUS ES2512 380 18.2700 -2.6033 0. 0. ;
BUS ES2513 380 43.5400 -6.2041 0. 0. ;
BUS ES2514 380 18.3400 -2.6133 0. 0. ;
BUS ES2515 220 12.0400 -1.7156 0. 0. ;
BUS ES2516 220 12.2500 -1.7455 0. 0. ;
BUS ES2517 220 12.0400 -1.7156 0. 0. ;
BUS ES2518 220 11.2700 -1.6059 0. 0. ;
BUS ES2519 220 7.4900 -1.0673 0. 0. ;
BUS ES2520 220 9.2400 -1.3166 0. 0. ;
BUS ES2521 220 5.8100 -0.8279 0. 0. ;
BUS ES2522 220 8.2600 -1.1770 0. 0. ;
BUS ES2523 220 6.0900 -0.8678 0. 0. ;
BUS ES2524 220 5.8800 -0.8379 0. 0. ;
BUS ES2525 220 11.5500 -1.6458 0. 0. ;
BUS ES2526 380 62.3700 -8.8872 0. 0. ;
BUS ES2527 380 21.2800 -3.0322 0. 0. ;
BUS ES2528 220 1.7500 -0.2494 0. 0. ;
BUS ES2529 380 9.5200 -1.3565 0. 0. ;
BUS ES2530 380 11.9000 -1.6957 0. 0. ;
BUS ES2531 380 6.9300 -0.9875 0. 0. ;
BUS ES2532 380 5.1800 -0.7381 0. 0. ;
BUS ES2533 380 51.3100 -7.3113 0. 0. ;
BUS ES2534 380 10.9900 -1.5660 0. 0. ;
BUS ES2535 220 2.3800 -0.3391 0. 0. ;
BUS ES2536 220 19.8100 -2.8228 0. 0. ;
BUS ES2537 380 31.9900 -4.5583 0. 0. ;
BUS PT2538 380 6.3000 -0.8977 0. 0. ;
BUS PT2539 380 9.8000 -1.3964 0. 0. ;
BUS PT2540 220 1.4000 -0.1995 0. 0. ;
BUS ES2541 220 0.7700 -0.1097 0. 0. ;
BUS PT2542 220 1.2600 -0.1795 0. 0. ;
BUS ES2543 220 13.0900 -1.8652 0. 0. ;
BUS ES2544 220 6.3700 -0.9077 0. 0. ;
BUS ES2545 220 9.8700 -1.4064 0. 0. ;
BUS ES2546 220 6.5100 -0.9276 0. 0. ;
BUS ES2547 220 11.3400 -1.6159 0. 0. ;
BUS ES2548 220 5.6000 -0.7980 0. 0. ;
BUS ES2549 380 10.0100 -1.4263 0. 0. ;
BUS ES2550 380 48.2300 -6.8724 0. 0. ;
BUS ES2551 220 178.0100 -25.3651 0. 0. ;
BUS ES2552 220 11.4100 -1.6258 0. 0. ;
BUS ES2553 220 3.0100 -0.4289 0. 0. ;
BUS ES2554 220 125.8600 -17.9341 0. 0. ;
BUS ES2555 220 6.6500 -0.9476 0. 0. ;
BUS ES2556 220 15.0500 -2.1445 0. 0. ;
BUS DE2557 380 97.1600 -13.8446 0. 0. ;
BUS DE2558 220 18.8300 -2.6831 0. 0. ;
BUS DE2559 220 21.9100 -3.1220 0. 0. ;
BUS DE2560 220 36.9600 -5.2665 0. 0. ;
BUS DE2561 220 34.5100 -4.9174 0. 0. ;
BUS DE2562 220 22.4700 -3.2018 0. 0. ;
BUS DE2563 220 24.7100 -3.5210 0. 0. ;
BUS DE2564 380 56.0000 -7.9796 0. 0. ;
BUS DE2565 380 270.9700 -38.6111 0. 0. ;
BUS DE2566 380 259.8400 -37.0252 0. 0. ;
BUS DE2567 380 283.3600 -40.3766 0. 0. ;
BUS DE2568 220 73.6400 -10.4931 0. 0. ;
BUS DE2569 220 31.2200 -4.4486 0. 0. ;
BUS DE2570 220 73.7800 -10.5131 0. 0. ;
BUS DE2571 220 80.8500 -11.5205 0. 0. ;
BUS DE2572 220 33.4600 -4.7678 0. 0. ;
BUS DE2573 220 57.7500 -8.2289 0. 0. ;
BUS DE2574 220 45.0800 -6.4236 0. 0. ;
BUS DE2575 220 44.8700 -6.3936 0. 0. ;
BUS DE2576 380 33.5300 -4.7778 0. 0. ;
BUS DE2577 380 253.1900 -36.0776 0. 0. ;
BUS DE2578 220 20.7900 -2.9624 0. 0. ;
BUS DE2579 380 43.4000 -6.1842 0. 0. ;
BUS DE2580 380 40.1800 -5.7253 0. 0. ;
BUS DE2581 380 61.8800 -8.8174 0. 0. ;
BUS DE2582 220 24.5000 -3.4911 0. 0. ;
BUS PL2583 380 62.1600 -8.8573 0. 0. ;
BUS PL2584 380 143.9900 -20.5175 0. 0. ;
BUS PL2585 380 95.8300 -13.6550 0. 0. ;
BUS PL2586 380 34.7900 -4.9573 0. 0. ;
BUS PL2587 380 185.0800 -26.3725 0. 0. ;
BUS PL2588 220 26.6700 -3.8003 0. 0. ;
BUS PL2589 380 95.6200 -13.6251 0. 0. ;
BUS PL2590 220 70.0000 -9.9745 0. 0. ;
BUS PL2591 220 38.5000 -5.4860 0. 0. ;
BUS PL2592 220 49.5600 -7.0619 0. 0. ;
BUS PL2593 380 150.2200 -21.4052 0. 0. ;
BUS PL2594 220 45.6400 -6.5033 0. 0. ;
BUS DE2595 380 24.0800 -3.4312 0. 0. ;
BUS DE2596 380 258.4400 -36.8257 0. 0. ;
BUS DE2597 220 22.4700 -3.2018 0. 0. ;
BUS CZ2598 380 114.7300 -16.3481 0. 0. ;
BUS RS2599 380 129.7100 -18.4827 0. 0. ;
BUS RO2600 380 48.9300 -6.9721 0. 0. ;
BUS RO2601 380 21.5600 -3.0721 0. 0. ;
BUS RO2602 220 15.4000 -2.1944 0. 0. ;
BUS HU2603 750 0.0000 -0.0000 0. 0. ;
BUS HU2604 380 57.1200 -8.1392 0. 0. ;
BUS HU2605 220 19.0400 -2.7131 0. 0. ;
BUS HU2606 220 37.2400 -5.3064 0. 0. ;
BUS HU2607 220 37.5200 -5.3463 0. 0. ;
BUS PL2608 220 56.2100 -8.0095 0. 0. ;
BUS PL2609 220 50.0500 -7.1317 0. 0. ;
BUS PL2610 220 48.9300 -6.9721 0. 0. ;
BUS PL2611 220 48.4400 -6.9023 0. 0. ;
BUS PL2612 220 56.2800 -8.0195 0. 0. ;
BUS SK2613 380 80.8500 -11.5205 0. 0. ;
BUS SK2614 220 31.7800 -4.5284 0. 0. ;
BUS SK2615 380 58.1700 -8.2888 0. 0. ;
BUS PL2616 380 150.1500 -21.3952 0. 0. ;
BUS SK2617 380 49.9800 -7.1218 0. 0. ;
BUS HR2618 220 112.4200 -16.0190 0. 0. ;
BUS BA2619 220 33.3200 -4.7478 0. 0. ;
BUS RS2620 220 24.3600 -3.4711 0. 0. ;
BUS RS2621 220 48.9300 -6.9721 0. 0. ;
BUS RS2622 380 178.0100 -25.3651 0. 0. ;
BUS RS2623 380 77.3500 -11.0218 0. 0. ;
BUS RS2624 380 27.0200 -3.8501 0. 0. ;
BUS RS2625 220 59.0800 -8.4184 0. 0. ;
BUS ME2626 220 7.7700 -1.1072 0. 0. ;
BUS RS2627 220 5.0400 -0.7182 0. 0. ;
BUS RS2628 220 21.3500 -3.0422 0. 0. ;
BUS RS2629 220 11.2700 -1.6059 0. 0. ;
BUS RS2630 220 60.9700 -8.6878 0. 0. ;
BUS BA2631 380 135.6600 -19.3305 0. 0. ;
BUS BA2632 132 0.0000 -0.0000 0. 0. ;
BUS BA2633 220 4.6900 -0.6683 0. 0. ;
BUS ME2634 220 10.5700 -1.5061 0. 0. ;
BUS AL2635 380 21.2100 -3.0223 0. 0. ;
BUS ME2636 380 53.6200 -7.6404 0. 0. ;
BUS ME2637 220 46.2000 -6.5831 0. 0. ;
BUS HR2638 220 10.6400 -1.5161 0. 0. ;
BUS HR2639 220 14.1400 -2.0148 0. 0. ;
BUS IT2640 380 69.5100 -9.9046 0. 0. ;
BUS IT2641 380 71.4000 -10.1739 0. 0. ;
BUS IT2642 220 19.1100 -2.7230 0. 0. ;
BUS IT2643 220 50.6800 -7.2215 0. 0. ;
BUS IT2644 220 26.8100 -3.8202 0. 0. ;
BUS ES2645 220 30.0300 -4.2790 0. 0. ;
BUS ES2646 220 7.4200 -1.0573 0. 0. ;
BUS ES2647 380 5.6000 -0.7980 0. 0. ;
BUS ES2648 380 5.1100 -0.7281 0. 0. ;
BUS ES2649 380 26.8100 -3.8202 0. 0. ;
BUS ES2650 380 20.5100 -2.9225 0. 0. ;
BUS ES2651 220 2.8000 -0.3990 0. 0. ;
BUS ES2652 220 52.6400 -7.5008 0. 0. ;
BUS ES2653 220 27.5100 -3.9200 0. 0. ;
BUS ES2654 220 28.8400 -4.1095 0. 0. ;
BUS ES2655 380 4.4800 -0.6384 0. 0. ;
BUS ES2656 380 46.0600 -6.5632 0. 0. ;
BUS ES2657 380 64.0500 -9.1266 0. 0. ;
BUS ES2658 380 3.9200 -0.5586 0. 0. ;
BUS ES2659 380 80.1500 -11.4208 0. 0. ;
BUS ES2660 380 21.1400 -3.0123 0. 0. ;
BUS ES2661 220 35.7000 -5.0870 0. 0. ;
BUS ES2662 220 20.7200 -2.9524 0. 0. ;
BUS ES2663 220 29.4000 -4.1893 0. 0. ;
BUS ES2664 220 28.4900 -4.0596 0. 0. ;
BUS ES2665 380 6.5100 -0.9276 0. 0. ;
BUS ES2666 380 24.7800 -3.5310 0. 0. ;
BUS ES2667 380 26.3200 -3.7504 0. 0. ;
BUS ES2668 380 12.7400 -1.8154 0. 0. ;
BUS ES2669 220 2.9400 -0.4189 0. 0. ;
BUS ES2670 220 2.8700 -0.4090 0. 0. ;
BUS ES2671 220 6.0900 -0.8678 0. 0. ;
BUS ES2672 220 3.0100 -0.4289 0. 0. ;
BUS ES2673 220 3.8500 -0.5486 0. 0. ;
BUS ES2674 220 5.1100 -0.7281 0. 0. ;
BUS ES2675 220 4.7600 -0.6783 0. 0. ;
BUS ES2676 380 2.6600 -0.3790 0. 0. ;
BUS ES2677 220 1.4700 -0.2095 0. 0. ;
BUS ES2678 220 14.4900 -2.0647 0. 0. ;
BUS ES2679 220 14.3500 -2.0448 0. 0. ;
BUS ES2680 220 7.6300 -1.0872 0. 0. ;
BUS ES2681 220 10.0100 -1.4263 0. 0. ;
BUS ES2682 220 5.9500 -0.8478 0. 0. ;
BUS ES2683 220 8.1900 -1.1670 0. 0. ;
BUS ES2684 220 21.7000 -3.0921 0. 0. ;
BUS ES2685 220 1.5400 -0.2194 0. 0. ;
BUS ES2686 220 12.7400 -1.8154 0. 0. ;
BUS ES2687 380 59.9200 -8.5381 0. 0. ;
BUS ES2688 380 62.7900 -8.9471 0. 0. ;
BUS ES2689 380 6.7900 -0.9675 0. 0. ;
BUS ES2690 220 20.7900 -2.9624 0. 0. ;
BUS ES2691 220 1.6800 -0.2394 0. 0. ;
BUS ES2692 220 10.9900 -1.5660 0. 0. ;
BUS ES2693 220 3.1500 -0.4489 0. 0. ;
BUS ES2694 380 10.2900 -1.4662 0. 0. ;
BUS ES2695 220 3.9900 -0.5685 0. 0. ;
BUS ES2696 380 9.3800 -1.3366 0. 0. ;
BUS ES2697 220 1.8900 -0.2693 0. 0. ;
BUS ES2698 220 2.3800 -0.3391 0. 0. ;
BUS ES2699 380 17.3600 -2.4737 0. 0. ;
BUS ES2700 380 80.7100 -11.5006 0. 0. ;
BUS ES2701 380 18.4100 -2.6233 0. 0. ;
BUS ES2702 380 39.4100 -5.6156 0. 0. ;
BUS ES2703 380 41.0200 -5.8450 0. 0. ;
BUS ES2704 220 10.6400 -1.5161 0. 0. ;
BUS PT2705 380 3.0800 -0.4389 0. 0. ;
BUS PT2706 380 14.6300 -2.0847 0. 0. ;
BUS PT2707 380 20.8600 -2.9724 0. 0. ;
BUS PT2708 380 9.9400 -1.4164 0. 0. ;
BUS PT2709 220 3.2900 -0.4688 0. 0. ;
BUS PT2710 220 2.3100 -0.3292 0. 0. ;
BUS PT2711 220 1.9600 -0.2793 0. 0. ;
BUS PT2712 220 1.0500 -0.1496 0. 0. ;
BUS PT2713 220 1.4000 -0.1995 0. 0. ;
BUS PT2714 220 1.2600 -0.1795 0. 0. ;
BUS PT2715 220 7.3500 -1.0473 0. 0. ;
BUS ES2716 220 11.2700 -1.6059 0. 0. ;
BUS ES2717 220 5.9500 -0.8478 0. 0. ;
BUS ES2718 220 12.1800 -1.7356 0. 0. ;
BUS ES2719 380 7.7700 -1.1072 0. 0. ;
BUS ES2720 220 201.7400 -28.7464 0. 0. ;
BUS ES2721 220 9.6600 -1.3765 0. 0. ;
BUS ES2722 220 2.5200 -0.3591 0. 0. ;
BUS ES2723 220 52.5700 -7.4908 0. 0. ;
BUS ES2724 220 42.9100 -6.1143 0. 0. ;
BUS ES2725 220 171.9900 -24.5072 0. 0. ;
BUS ES2726 220 188.3700 -26.8413 0. 0. ;
BUS ES2727 220 4.1300 -0.5885 0. 0. ;
BUS ES2728 220 5.1100 -0.7281 0. 0. ;
BUS DE2729 380 95.4800 -13.6052 0. 0. ;
BUS DE2730 380 99.4700 -14.1737 0. 0. ;
BUS DE2731 220 33.3900 -4.7578 0. 0. ;
BUS DE2732 220 20.3700 -2.9026 0. 0. ;
BUS DE2733 380 138.6000 -19.7494 0. 0. ;
BUS DE2734 380 63.7000 -9.0768 0. 0. ;
BUS DE2735 380 40.1100 -5.7154 0. 0. ;
BUS DE2736 220 90.3000 -12.8671 0. 0. ;
BUS DE2737 220 58.3100 -8.3087 0. 0. ;
BUS DE2738 220 89.1100 -12.6975 0. 0. ;
BUS DE2739 220 49.3500 -7.0320 0. 0. ;
BUS DE2740 220 47.9500 -6.8325 0. 0. ;
BUS DE2741 380 73.4300 -10.4632 0. 0. ;
BUS DE2742 220 9.5200 -1.3565 0. 0. ;
BUS DE2743 220 4.3400 -0.6184 0. 0. ;
BUS DE2744 220 2.0300 -0.2893 0. 0. ;
BUS PL2745 380 37.5900 -5.3563 0. 0. ;
BUS PL2746 380 213.5000 -30.4221 0. 0. ;
BUS PL2747 380 144.8300 -20.6372 0. 0. ;
BUS PL2748 380 35.2100 -5.0172 0. 0. ;
BUS PL2749 220 25.2700 -3.6008 0. 0. ;
BUS PL2750 220 46.9000 -6.6829 0. 0. ;
BUS PL2751 380 82.6700 -11.7798 0. 0. ;
BUS PL2752 220 21.8400 -3.1120 0. 0. ;
BUS PL2753 220 32.7600 -4.6680 0. 0. ;
BUS DE2754 380 31.2200 -4.4486 0. 0. ;
BUS DE2755 380 67.3400 -9.5954 0. 0. ;
BUS RO2756 380 109.1300 -15.5502 0. 0. ;
BUS RO2757 380 37.5900 -5.3563 0. 0. ;
BUS RO2758 220 7.2100 -1.0274 0. 0. ;
BUS RO2759 220 16.5900 -2.3639 0. 0. ;
BUS HU2760 380 144.6200 -20.6072 0. 0. ;
BUS HU2761 380 65.5200 -9.3361 0. 0. ;
BUS HU2762 380 51.5200 -7.3412 0. 0. ;
BUS HU2763 220 31.4300 -4.4785 0. 0. ;
BUS HU2764 220 21.8400 -3.1120 0. 0. ;
BUS HU2765 220 27.3700 -3.9000 0. 0. ;
BUS HU2766 220 61.0400 -8.6977 0. 0. ;
BUS PL2767 220 40.3200 -5.7453 0. 0. ;
BUS PL2768 220 47.9500 -6.8325 0. 0. ;
BUS PL2769 220 48.8600 -6.9622 0. 0. ;
BUS PL2770 220 44.3800 -6.3238 0. 0. ;
BUS PL2771 380 168.7000 -24.0384 0. 0. ;
BUS PL2772 220 32.4800 -4.6281 0. 0. ;
BUS PL2773 220 40.1800 -5.7253 0. 0. ;
BUS PL2774 220 47.0400 -6.7028 0. 0. ;
BUS SK2775 380 54.5300 -7.7701 0. 0. ;
BUS SK2776 380 85.0500 -12.1190 0. 0. ;
BUS PL2777 380 151.9000 -21.6446 0. 0. ;
BUS SK2778 380 68.7400 -9.7949 0. 0. ;
BUS SK2779 380 48.5100 -6.9123 0. 0. ;
BUS PL2780 380 111.1600 -15.8394 0. 0. ;
BUS SK2781 380 87.3600 -12.4481 0. 0. ;
BUS SK2782 380 51.0300 -7.2714 0. 0. ;
BUS RS2783 220 57.0500 -8.1292 0. 0. ;
BUS RS2784 380 73.2200 -10.4333 0. 0. ;
BUS RS2785 380 190.1200 -27.0906 0. 0. ;
BUS RS2786 220 59.3600 -8.4583 0. 0. ;
BUS RS2787 380 83.5800 -11.9095 0. 0. ;
BUS RS2788 380 73.7100 -10.5031 0. 0. ;
BUS RS2789 220 20.9300 -2.9824 0. 0. ;
BUS RS2790 220 58.3100 -8.3087 0. 0. ;
BUS ME2791 380 23.2400 -3.3115 0. 0. ;
BUS ME2792 220 6.7200 -0.9575 0. 0. ;
BUS RS2793 220 5.8100 -0.8279 0. 0. ;
BUS RS2794 220 30.8700 -4.3987 0. 0. ;
BUS RS2795 220 27.8600 -3.9698 0. 0. ;
BUS AL2796 380 92.1900 -13.1364 0. 0. ;
BUS AL2797 380 17.6400 -2.5136 0. 0. ;
BUS RS2798 380 108.2900 -15.4305 0. 0. ;
BUS ME2799 220 40.6000 -5.7852 0. 0. ;
BUS IT2800 380 108.9200 -15.5203 0. 0. ;
BUS IT2801 380 110.6700 -15.7696 0. 0. ;
BUS ES2802 220 27.8600 -3.9698 0. 0. ;
BUS ES2803 220 6.2300 -0.8877 0. 0. ;
BUS ES2804 380 5.8100 -0.8279 0. 0. ;
BUS ES2805 380 26.8800 -3.8302 0. 0. ;
BUS ES2806 380 29.6800 -4.2292 0. 0. ;
BUS ES2807 380 10.5700 -1.5061 0. 0. ;
BUS ES2808 380 17.0800 -2.4338 0. 0. ;
BUS ES2809 220 3.1500 -0.4489 0. 0. ;
BUS ES2810 220 35.4200 -5.0471 0. 0. ;
BUS ES2811 220 31.7800 -4.5284 0. 0. ;
BUS ES2812 220 27.6500 -3.9399 0. 0. ;
BUS ES2813 380 5.0400 -0.7182 0. 0. ;
BUS ES2814 380 20.1600 -2.8726 0. 0. ;
BUS ES2815 220 15.3300 -2.1844 0. 0. ;
BUS ES2816 380 35.0700 -4.9972 0. 0. ;
BUS ES2817 380 95.4100 -13.5952 0. 0. ;
BUS ES2818 380 13.3000 -1.8951 0. 0. ;
BUS ES2819 220 35.8400 -5.1069 0. 0. ;
BUS ES2820 220 35.1400 -5.0072 0. 0. ;
BUS ES2821 220 42.0000 -5.9847 0. 0. ;
BUS ES2822 220 44.5200 -6.3438 0. 0. ;
BUS ES2823 380 66.3600 -9.4558 0. 0. ;
BUS ES2824 380 16.7300 -2.3839 0. 0. ;
BUS ES2825 220 4.2700 -0.6084 0. 0. ;
BUS ES2826 220 4.7600 -0.6783 0. 0. ;
BUS ES2827 220 2.9400 -0.4189 0. 0. ;
BUS ES2828 220 5.7400 -0.8179 0. 0. ;
BUS ES2829 220 23.5900 -3.3614 0. 0. ;
BUS ES2830 220 8.9600 -1.2767 0. 0. ;
BUS ES2831 220 3.3600 -0.4788 0. 0. ;
BUS ES2832 220 1.8200 -0.2593 0. 0. ;
BUS ES2833 220 2.9400 -0.4189 0. 0. ;
BUS ES2834 220 6.2300 -0.8877 0. 0. ;
BUS ES2835 380 5.6700 -0.8079 0. 0. ;
BUS ES2836 380 2.1000 -0.2992 0. 0. ;
BUS ES2837 220 2.9400 -0.4189 0. 0. ;
BUS ES2838 220 10.5000 -1.4962 0. 0. ;
BUS ES2839 220 11.6200 -1.6558 0. 0. ;
BUS ES2840 220 0.9800 -0.1396 0. 0. ;
BUS ES2841 220 7.7000 -1.0972 0. 0. ;
BUS ES2842 220 11.2700 -1.6059 0. 0. ;
BUS ES2843 380 38.2200 -5.4461 0. 0. ;
BUS ES2844 220 19.9500 -2.8427 0. 0. ;
BUS ES2845 220 9.2400 -1.3166 0. 0. ;
BUS ES2846 220 20.2300 -2.8826 0. 0. ;
BUS ES2847 220 3.0100 -0.4289 0. 0. ;
BUS ES2848 380 19.8100 -2.8228 0. 0. ;
BUS ES2849 220 9.2400 -1.3166 0. 0. ;
BUS ES2850 220 5.7400 -0.8179 0. 0. ;
BUS ES2851 220 1.6100 -0.2294 0. 0. ;
BUS ES2852 220 2.5200 -0.3591 0. 0. ;
BUS ES2853 220 5.8100 -0.8279 0. 0. ;
BUS ES2854 380 9.9400 -1.4164 0. 0. ;
BUS ES2855 220 26.8800 -3.8302 0. 0. ;
BUS ES2856 380 14.4900 -2.0647 0. 0. ;
BUS ES2857 380 92.4700 -13.1763 0. 0. ;
BUS ES2858 380 47.6000 -6.7826 0. 0. ;
BUS ES2859 380 10.2200 -1.4563 0. 0. ;
BUS ES2860 380 147.9800 -21.0860 0. 0. ;
BUS ES2861 220 13.6500 -1.9450 0. 0. ;
BUS ES2862 220 11.6200 -1.6558 0. 0. ;
BUS ES2863 220 11.9000 -1.6957 0. 0. ;
BUS PT2864 220 4.9000 -0.6982 0. 0. ;
BUS PT2865 380 6.9300 -0.9875 0. 0. ;
BUS PT2866 380 15.6100 -2.2243 0. 0. ;
BUS PT2867 220 1.7500 -0.2494 0. 0. ;
BUS PT2868 220 1.8200 -0.2593 0. 0. ;
BUS PT2869 220 6.0200 -0.8578 0. 0. ;
BUS PT2870 380 5.9500 -0.8478 0. 0. ;
BUS PT2871 220 8.4700 -1.2069 0. 0. ;
BUS PT2872 220 6.1600 -0.8778 0. 0. ;
BUS PT2873 220 7.5600 -1.0772 0. 0. ;
BUS ES2874 220 10.8500 -1.5460 0. 0. ;
BUS ES2875 220 204.5400 -29.1454 0. 0. ;
BUS ES2876 220 202.0900 -28.7963 0. 0. ;
BUS ES2877 220 201.1800 -28.6666 0. 0. ;
BUS ES2878 220 33.8100 -4.8177 0. 0. ;
BUS ES2879 220 25.3400 -3.6108 0. 0. ;
BUS ES2880 220 1.1200 -0.1596 0. 0. ;
BUS DE2881 380 83.8600 -11.9494 0. 0. ;
BUS DE2882 380 267.4000 -38.1024 0. 0. ;
BUS DE2883 220 46.2000 -6.5831 0. 0. ;
BUS DE2884 380 89.8800 -12.8072 0. 0. ;
BUS DE2885 220 13.3700 -1.9051 0. 0. ;
BUS DE2886 220 87.9900 -12.5379 0. 0. ;
BUS DE2887 220 26.6000 -3.7903 0. 0. ;
BUS DE2888 220 54.1100 -7.7103 0. 0. ;
BUS PL2889 380 47.1800 -6.7228 0. 0. ;
BUS PL2890 380 48.5800 -6.9223 0. 0. ;
BUS PL2891 380 26.4600 -3.7703 0. 0. ;
BUS PL2892 220 71.1900 -10.1440 0. 0. ;
BUS PL2893 380 76.2300 -10.8622 0. 0. ;
BUS PL2894 380 140.6300 -20.0387 0. 0. ;
BUS PL2895 380 52.6400 -7.5008 0. 0. ;
BUS PL2896 220 11.7600 -1.6757 0. 0. ;
BUS PL2897 220 36.0500 -5.1368 0. 0. ;
BUS PL2898 220 43.7500 -6.2340 0. 0. ;
BUS PL2899 220 56.7700 -8.0893 0. 0. ;
BUS PL2900 220 28.2800 -4.0297 0. 0. ;
BUS PL2901 220 24.5700 -3.5010 0. 0. ;
BUS PL2902 380 65.5900 -9.3461 0. 0. ;
BUS PL2903 220 41.3700 -5.8949 0. 0. ;
BUS DE2904 380 30.3800 -4.3289 0. 0. ;
BUS RO2905 380 99.4700 -14.1737 0. 0. ;
BUS RO2906 380 89.6000 -12.7673 0. 0. ;
BUS RO2907 380 33.6700 -4.7977 0. 0. ;
BUS RO2908 380 46.2700 -6.5931 0. 0. ;
BUS RO2909 220 12.5300 -1.7854 0. 0. ;
BUS RO2910 220 18.9700 -2.7031 0. 0. ;
BUS RO2911 220 10.3600 -1.4762 0. 0. ;
BUS RO2912 220 6.7200 -0.9575 0. 0. ;
BUS RO2913 220 15.6800 -2.2343 0. 0. ;
BUS RO2914 220 17.5700 -2.5036 0. 0. ;
BUS HU2915 380 49.5600 -7.0619 0. 0. ;
BUS HU2916 220 20.7900 -2.9624 0. 0. ;
BUS HU2917 220 36.8900 -5.2565 0. 0. ;
BUS HU2918 380 82.0400 -11.6901 0. 0. ;
BUS PL2919 220 36.0500 -5.1368 0. 0. ;
BUS PL2920 380 120.8900 -17.2259 0. 0. ;
BUS PL2921 220 33.0400 -4.7079 0. 0. ;
BUS PL2922 220 23.6600 -3.3714 0. 0. ;
BUS PL2923 220 40.6700 -5.7952 0. 0. ;
BUS PL2924 380 160.2300 -22.8315 0. 0. ;
BUS PL2925 220 34.2300 -4.8775 0. 0. ;
BUS PL2926 220 49.9800 -7.1218 0. 0. ;
BUS PL2927 220 42.9800 -6.1243 0. 0. ;
BUS SK2928 380 54.2500 -7.7302 0. 0. ;
BUS SK2929 380 96.4600 -13.7448 0. 0. ;
BUS PL2930 380 113.1900 -16.1287 0. 0. ;
BUS PL2931 380 175.0700 -24.9461 0. 0. ;
BUS SK2932 380 56.7700 -8.0893 0. 0. ;
BUS SK2933 380 64.0500 -9.1266 0. 0. ;
BUS PL2934 380 111.9300 -15.9492 0. 0. ;
BUS PL2935 380 111.0900 -15.8295 0. 0. ;
BUS RS2936 220 69.9300 -9.9645 0. 0. ;
BUS RS2937 380 73.6400 -10.4931 0. 0. ;
BUS RS2938 380 209.7900 -29.8935 0. 0. ;
BUS RS2939 220 60.8300 -8.6678 0. 0. ;
BUS RS2940 380 113.1200 -16.1187 0. 0. ;
BUS RS2941 380 73.7100 -10.5031 0. 0. ;
BUS RS2942 220 15.7500 -2.2443 0. 0. ;
BUS AL2943 380 94.0100 -13.3957 0. 0. ;
BUS AL2944 220 30.7300 -4.3788 0. 0. ;
BUS RS2945 380 274.8900 -39.1697 0. 0. ;
BUS AL2946 220 17.2200 -2.4537 0. 0. ;
BUS IT2947 380 94.7800 -13.5054 0. 0. ;
BUS IT2948 380 117.6000 -16.7571 0. 0. ;
BUS ES2949 380 22.2600 -3.1719 0. 0. ;
BUS ES2950 380 22.7500 -3.2417 0. 0. ;
BUS ES2951 380 27.0900 -3.8601 0. 0. ;
BUS ES2952 220 3.5000 -0.4987 0. 0. ;
BUS ES2953 220 2.8700 -0.4090 0. 0. ;
BUS ES2954 220 2.5900 -0.3691 0. 0. ;
BUS ES2955 220 30.3100 -4.3189 0. 0. ;
BUS ES2956 220 40.2500 -5.7353 0. 0. ;
BUS ES2957 220 23.0300 -3.2816 0. 0. ;
BUS ES2958 380 60.7600 -8.6578 0. 0. ;
BUS ES2959 380 80.0100 -11.4008 0. 0. ;
BUS ES2960 380 22.5400 -3.2118 0. 0. ;
BUS ES2961 220 44.6600 -6.3637 0. 0. ;
BUS ES2962 380 17.2200 -2.4537 0. 0. ;
BUS ES2963 380 13.7200 -1.9550 0. 0. ;
BUS ES2964 380 69.3700 -9.8847 0. 0. ;
BUS ES2965 380 59.3600 -8.4583 0. 0. ;
BUS PT2966 380 58.2400 -8.2988 0. 0. ;
BUS ES2967 220 5.6000 -0.7980 0. 0. ;
BUS ES2968 220 5.8800 -0.8379 0. 0. ;
BUS ES2969 220 5.4600 -0.7780 0. 0. ;
BUS ES2970 220 8.5400 -1.2169 0. 0. ;
BUS ES2971 220 7.2100 -1.0274 0. 0. ;
BUS ES2972 220 5.5300 -0.7880 0. 0. ;
BUS ES2973 220 23.5900 -3.3614 0. 0. ;
BUS ES2974 220 22.4700 -3.2018 0. 0. ;
BUS ES2975 220 21.3500 -3.0422 0. 0. ;
BUS ES2976 380 70.8400 -10.0942 0. 0. ;
BUS ES2977 220 8.1900 -1.1670 0. 0. ;
BUS ES2978 220 14.8400 -2.1146 0. 0. ;
BUS ES2979 220 8.6100 -1.2269 0. 0. ;
BUS ES2980 220 9.2400 -1.3166 0. 0. ;
BUS ES2981 220 1.8900 -0.2693 0. 0. ;
BUS ES2982 380 17.6400 -2.5136 0. 0. ;
BUS ES2983 220 1.8900 -0.2693 0. 0. ;
BUS ES2984 220 1.8900 -0.2693 0. 0. ;
BUS ES2985 220 8.8900 -1.2668 0. 0. ;
BUS ES2986 220 1.1200 -0.1596 0. 0. ;
BUS ES2987 220 8.0500 -1.1471 0. 0. ;
BUS ES2988 380 33.1800 -4.7279 0. 0. ;
BUS ES2989 220 18.6200 -2.6532 0. 0. ;
BUS ES2990 220 20.5100 -2.9225 0. 0. ;
BUS ES2991 220 10.3600 -1.4762 0. 0. ;
BUS ES2992 220 21.2100 -3.0223 0. 0. ;
BUS ES2993 220 22.0500 -3.1420 0. 0. ;
BUS ES2994 220 2.9400 -0.4189 0. 0. ;
BUS ES2995 380 21.1400 -3.0123 0. 0. ;
BUS ES2996 220 60.6200 -8.6379 0. 0. ;
BUS ES2997 220 8.8200 -1.2568 0. 0. ;
BUS ES2998 220 6.7900 -0.9675 0. 0. ;
BUS ES2999 220 6.7900 -0.9675 0. 0. ;
BUS ES3000 220 44.1700 -6.2939 0. 0. ;
BUS ES3001 220 7.0000 -0.9974 0. 0. ;
BUS PT3002 380 9.5200 -1.3565 0. 0. ;
BUS ES3003 220 3.2900 -0.4688 0. 0. ;
BUS ES3004 220 43.5400 -6.2041 0. 0. ;
BUS ES3005 380 14.0700 -2.0049 0. 0. ;
BUS ES3006 380 53.6900 -7.6504 0. 0. ;
BUS ES3007 380 91.5600 -13.0466 0. 0. ;
BUS ES3008 380 48.8600 -6.9622 0. 0. ;
BUS ES3009 380 20.5100 -2.9225 0. 0. ;
BUS ES3010 220 30.8000 -4.3888 0. 0. ;
BUS ES3011 380 41.5100 -5.9149 0. 0. ;
BUS ES3012 380 14.6300 -2.0847 0. 0. ;
BUS ES3013 380 46.4100 -6.6131 0. 0. ;
BUS ES3014 380 112.0000 -15.9591 0. 0. ;
BUS ES3015 220 49.3500 -7.0320 0. 0. ;
BUS ES3016 220 51.5900 -7.3512 0. 0. ;
BUS ES3017 220 48.7900 -6.9522 0. 0. ;
BUS ES3018 220 35.9800 -5.1269 0. 0. ;
BUS ES3019 220 5.8100 -0.8279 0. 0. ;
BUS ES3020 220 7.7700 -1.1072 0. 0. ;
BUS ES3021 220 14.2800 -2.0348 0. 0. ;
BUS ES3022 220 11.2000 -1.5959 0. 0. ;
BUS ES3023 220 7.2100 -1.0274 0. 0. ;
BUS PT3024 220 23.8700 -3.4013 0. 0. ;
BUS PT3025 220 23.0300 -3.2816 0. 0. ;
BUS PT3026 220 25.5500 -3.6407 0. 0. ;
BUS PT3027 380 44.8000 -6.3837 0. 0. ;
BUS PT3028 380 6.5800 -0.9376 0. 0. ;
BUS PT3029 220 7.6300 -1.0872 0. 0. ;
BUS PT3030 220 8.9600 -1.2767 0. 0. ;
BUS PT3031 220 6.8600 -0.9775 0. 0. ;
BUS PT3032 220 10.1500 -1.4463 0. 0. ;
BUS ES3033 220 204.6800 -29.1653 0. 0. ;
BUS ES3034 220 203.0000 -28.9259 0. 0. ;
BUS ES3035 220 190.6800 -27.1704 0. 0. ;
BUS ES3036 220 12.8100 -1.8253 0. 0. ;
BUS ES3037 220 12.4600 -1.7755 0. 0. ;
BUS DK3038 380 77.7700 -11.0816 0. 0. ;
BUS DE3039 220 43.8900 -6.2540 0. 0. ;
BUS DE3040 220 29.2600 -4.1693 0. 0. ;
BUS DE3041 220 29.9600 -4.2691 0. 0. ;
BUS DE3042 220 31.3600 -4.4686 0. 0. ;
BUS DE3043 220 33.9500 -4.8376 0. 0. ;
BUS PL3044 380 53.1300 -7.5706 0. 0. ;
BUS PL3045 380 268.7300 -38.2920 0. 0. ;
BUS PL3046 220 13.0900 -1.8652 0. 0. ;
BUS PL3047 220 98.4900 -14.0341 0. 0. ;
BUS PL3048 220 14.0700 -2.0049 0. 0. ;
BUS PL3049 220 92.1200 -13.1264 0. 0. ;
BUS PL3050 220 87.0100 -12.3983 0. 0. ;
BUS PL3051 380 78.5400 -11.1913 0. 0. ;
BUS PL3052 380 108.0800 -15.4006 0. 0. ;
BUS PL3053 380 95.9000 -13.6650 0. 0. ;
BUS PL3054 220 30.1000 -4.2890 0. 0. ;
BUS PL3055 220 17.0800 -2.4338 0. 0. ;
BUS PL3056 220 23.5900 -3.3614 0. 0. ;
BUS PL3057 220 10.3600 -1.4762 0. 0. ;
BUS PL3058 220 24.1500 -3.4412 0. 0. ;
BUS PL3059 220 26.1800 -3.7304 0. 0. ;
BUS PL3060 220 40.9500 -5.8351 0. 0. ;
BUS PL3061 220 34.0200 -4.8476 0. 0. ;
BUS PL3062 380 84.7700 -12.0791 0. 0. ;
BUS PL3063 220 27.6500 -3.9399 0. 0. ;
BUS PL3064 220 24.0100 -3.4212 0. 0. ;
BUS PL3065 380 96.9500 -13.8146 0. 0. ;
BUS RO3066 380 48.7200 -6.9422 0. 0. ;
BUS RO3067 220 33.1800 -4.7279 0. 0. ;
BUS RO3068 380 80.6400 -11.4906 0. 0. ;
BUS RO3069 380 81.1300 -11.5604 0. 0. ;
BUS RO3070 380 81.6200 -11.6302 0. 0. ;
BUS RO3071 380 63.8400 -9.0967 0. 0. ;
BUS RO3072 380 36.4700 -5.1967 0. 0. ;
BUS RO3073 380 54.3900 -7.7502 0. 0. ;
BUS RO3074 220 15.4000 -2.1944 0. 0. ;
BUS RO3075 220 9.1700 -1.3067 0. 0. ;
BUS RO3076 220 13.3000 -1.8951 0. 0. ;
BUS RO3077 220 10.9900 -1.5660 0. 0. ;
BUS RO3078 220 7.4200 -1.0573 0. 0. ;
BUS RO3079 220 6.4400 -0.9177 0. 0. ;
BUS RO3080 220 16.2400 -2.3141 0. 0. ;
BUS HU3081 132 0.0000 -0.0000 0. 0. ;
BUS HU3082 380 97.5100 -13.8944 0. 0. ;
BUS PL3083 220 36.0500 -5.1368 0. 0. ;
BUS PL3084 220 33.8100 -4.8177 0. 0. ;
BUS PL3085 380 145.1100 -20.6771 0. 0. ;
BUS PL3086 220 34.3000 -4.8875 0. 0. ;
BUS PL3087 220 40.0400 -5.7054 0. 0. ;
BUS PL3088 220 38.6400 -5.5059 0. 0. ;
BUS PL3089 380 87.7800 -12.5080 0. 0. ;
BUS PL3090 380 102.6200 -14.6226 0. 0. ;
BUS PL3091 380 56.7000 -8.0793 0. 0. ;
BUS PL3092 380 118.7200 -16.9167 0. 0. ;
BUS PL3093 750 0.0000 -0.0000 0. 0. ;
BUS SK3094 380 81.2700 -11.5803 0. 0. ;
BUS PL3095 380 95.6200 -13.6251 0. 0. ;
BUS RO3096 380 24.4300 -3.4811 0. 0. ;
BUS RS3097 380 77.0000 -10.9719 0. 0. ;
BUS RO3098 380 39.9700 -5.6954 0. 0. ;
BUS BG3099 380 189.2100 -26.9610 0. 0. ;
BUS RS3100 380 113.1200 -16.1187 0. 0. ;
BUS RS3101 220 37.7300 -5.3762 0. 0. ;
BUS RS3102 220 77.7000 -11.0717 0. 0. ;
BUS AL3103 380 34.3000 -4.8875 0. 0. ;
BUS AL3104 220 31.3600 -4.4686 0. 0. ;
BUS AL3105 220 24.7100 -3.5210 0. 0. ;
BUS AL3106 220 13.7900 -1.9650 0. 0. ;
BUS RS3107 380 347.9000 -49.5731 0. 0. ;
BUS RS3108 220 91.6300 -13.0566 0. 0. ;
BUS AL3109 220 7.2100 -1.0274 0. 0. ;
BUS IT3110 380 132.3000 -18.8517 0. 0. ;
BUS ES3111 380 16.8700 -2.4038 0. 0. ;
BUS ES3112 380 10.6400 -1.5161 0. 0. ;
BUS ES3113 220 2.2400 -0.3192 0. 0. ;
BUS ES3114 220 3.2200 -0.4588 0. 0. ;
BUS ES3115 220 31.4300 -4.4785 0. 0. ;
BUS ES3116 220 22.5400 -3.2118 0. 0. ;
BUS ES3117 220 26.8100 -3.8202 0. 0. ;
BUS ES3118 380 66.1500 -9.4259 0. 0. ;
BUS ES3119 380 52.6400 -7.5008 0. 0. ;
BUS ES3120 380 42.9800 -6.1243 0. 0. ;
BUS ES3121 380 77.2800 -11.0118 0. 0. ;
BUS ES3122 380 8.4700 -1.2069 0. 0. ;
BUS ES3123 380 28.0700 -3.9998 0. 0. ;
BUS ES3124 380 13.5800 -1.9350 0. 0. ;
BUS ES3125 220 23.1000 -3.2916 0. 0. ;
BUS ES3126 380 34.0900 -4.8576 0. 0. ;
BUS ES3127 380 58.5900 -8.3486 0. 0. ;
BUS PT3128 380 60.6900 -8.6479 0. 0. ;
BUS PT3129 380 79.8000 -11.3709 0. 0. ;
BUS ES3130 220 19.0400 -2.7131 0. 0. ;
BUS ES3131 220 8.5400 -1.2169 0. 0. ;
BUS ES3132 220 18.2700 -2.6033 0. 0. ;
BUS ES3133 220 19.3200 -2.7530 0. 0. ;
BUS ES3134 220 5.9500 -0.8478 0. 0. ;
BUS ES3135 220 5.4600 -0.7780 0. 0. ;
BUS ES3136 220 8.1900 -1.1670 0. 0. ;
BUS ES3137 220 22.9600 -3.2716 0. 0. ;
BUS ES3138 220 23.1700 -3.3015 0. 0. ;
BUS ES3139 220 21.2100 -3.0223 0. 0. ;
BUS ES3140 220 19.9500 -2.8427 0. 0. ;
BUS ES3141 220 11.7600 -1.6757 0. 0. ;
BUS ES3142 220 13.0900 -1.8652 0. 0. ;
BUS ES3143 220 12.3900 -1.7655 0. 0. ;
BUS ES3144 220 172.3400 -24.5571 0. 0. ;
BUS ES3145 220 12.3900 -1.7655 0. 0. ;
BUS ES3146 220 5.6000 -0.7980 0. 0. ;
BUS ES3147 220 175.0700 -24.9461 0. 0. ;
BUS ES3148 220 3.0100 -0.4289 0. 0. ;
BUS ES3149 220 7.0700 -1.0074 0. 0. ;
BUS ES3150 220 20.3000 -2.8926 0. 0. ;
BUS ES3151 220 31.9200 -4.5484 0. 0. ;
BUS ES3152 220 16.5900 -2.3639 0. 0. ;
BUS ES3153 220 5.7400 -0.8179 0. 0. ;
BUS ES3154 220 6.9300 -0.9875 0. 0. ;
BUS ES3155 220 193.1300 -27.5195 0. 0. ;
BUS PT3156 380 9.3800 -1.3366 0. 0. ;
BUS PT3157 380 12.5300 -1.7854 0. 0. ;
BUS ES3158 220 4.6900 -0.6683 0. 0. ;
BUS ES3159 220 18.4800 -2.6333 0. 0. ;
BUS ES3160 220 26.4600 -3.7703 0. 0. ;
BUS ES3161 380 8.8200 -1.2568 0. 0. ;
BUS ES3162 220 17.9200 -2.5535 0. 0. ;
BUS ES3163 380 95.4800 -13.6052 0. 0. ;
BUS ES3164 380 22.1200 -3.1519 0. 0. ;
BUS PT3165 380 114.1000 -16.2584 0. 0. ;
BUS ES3166 220 34.6500 -4.9374 0. 0. ;
BUS ES3167 220 33.3200 -4.7478 0. 0. ;
BUS ES3168 220 32.4100 -4.6182 0. 0. ;
BUS ES3169 220 32.9700 -4.6980 0. 0. ;
BUS ES3170 380 73.5000 -10.4732 0. 0. ;
BUS ES3171 380 35.2800 -5.0271 0. 0. ;
BUS ES3172 380 37.5200 -5.3463 0. 0. ;
BUS ES3173 220 4.9000 -0.6982 0. 0. ;
BUS ES3174 380 32.5500 -4.6381 0. 0. ;
BUS ES3175 380 58.5900 -8.3486 0. 0. ;
BUS ES3176 380 87.4300 -12.4581 0. 0. ;
BUS ES3177 380 45.3600 -6.4634 0. 0. ;
BUS ES3178 220 48.9300 -6.9721 0. 0. ;
BUS ES3179 220 45.7800 -6.5233 0. 0. ;
BUS ES3180 220 30.3100 -4.3189 0. 0. ;
BUS ES3181 220 47.6700 -6.7926 0. 0. ;
BUS ES3182 220 6.1600 -0.8778 0. 0. ;
BUS ES3183 220 3.8500 -0.5486 0. 0. ;
BUS ES3184 220 5.1100 -0.7281 0. 0. ;
BUS ES3185 220 8.6800 -1.2368 0. 0. ;
BUS PT3186 220 25.4100 -3.6207 0. 0. ;
BUS PT3187 220 24.9900 -3.5609 0. 0. ;
BUS PT3188 220 22.4000 -3.1918 0. 0. ;
BUS PT3189 220 21.0700 -3.0023 0. 0. ;
BUS PT3190 380 69.0900 -9.8448 0. 0. ;
BUS PT3191 220 14.9100 -2.1246 0. 0. ;
BUS PT3192 380 13.9300 -1.9849 0. 0. ;
BUS PT3193 220 10.5000 -1.4962 0. 0. ;
BUS PT3194 220 3.2200 -0.4588 0. 0. ;
BUS PT3195 220 11.0600 -1.5760 0. 0. ;
BUS PT3196 220 10.9200 -1.5560 0. 0. ;
BUS PT3197 220 8.4000 -1.1969 0. 0. ;
BUS PT3198 220 10.1500 -1.4463 0. 0. ;
BUS ES3199 220 198.9400 -28.3474 0. 0. ;
BUS ES3200 220 3.5000 -0.4987 0. 0. ;
BUS DK3201 380 48.5800 -6.9223 0. 0. ;
BUS DK3202 380 68.3200 -9.7351 0. 0. ;
BUS DK3203 132 0.0000 -0.0000 0. 0. ;
BUS DK3204 220 25.9000 -3.6906 0. 0. ;
BUS DE3205 220 43.6800 -6.2241 0. 0. ;
BUS DE3206 220 46.3400 -6.6031 0. 0. ;
BUS DK3207 220 30.5200 -4.3489 0. 0. ;
BUS DE3208 132 0.0000 -0.0000 0. 0. ;
BUS DE3209 380 94.1500 -13.4156 0. 0. ;
BUS PL3210 380 103.3200 -14.7223 0. 0. ;
BUS PL3211 380 265.7200 -37.8630 0. 0. ;
BUS PL3212 380 273.6300 -38.9902 0. 0. ;
BUS PL3213 380 273.1400 -38.9203 0. 0. ;
BUS PL3214 380 86.1700 -12.2786 0. 0. ;
BUS PL3215 220 89.6000 -12.7673 0. 0. ;
BUS PL3216 220 28.4200 -4.0496 0. 0. ;
BUS PL3217 220 88.5500 -12.6177 0. 0. ;
BUS PL3218 220 103.9500 -14.8121 0. 0. ;
BUS PL3219 380 202.4400 -28.8461 0. 0. ;
BUS PL3220 380 144.2700 -20.5574 0. 0. ;
BUS PL3221 220 34.7900 -4.9573 0. 0. ;
BUS PL3222 380 90.3000 -12.8671 0. 0. ;
BUS PL3223 220 61.3900 -8.7476 0. 0. ;
BUS PL3224 220 44.6600 -6.3637 0. 0. ;
BUS PL3225 220 22.5400 -3.2118 0. 0. ;
BUS PL3226 220 22.2600 -3.1719 0. 0. ;
BUS PL3227 220 78.6100 -11.2013 0. 0. ;
BUS PL3228 220 18.4800 -2.6333 0. 0. ;
BUS PL3229 220 42.1400 -6.0046 0. 0. ;
BUS PL3230 220 67.4800 -9.6154 0. 0. ;
BUS PL3231 220 53.6900 -7.6504 0. 0. ;
BUS PL3232 380 66.8500 -9.5256 0. 0. ;
BUS RO3233 380 42.1400 -6.0046 0. 0. ;
BUS RO3234 220 47.8800 -6.8225 0. 0. ;
BUS RO3235 220 44.8000 -6.3837 0. 0. ;
BUS RO3236 380 26.0400 -3.7105 0. 0. ;
BUS RO3237 220 26.8800 -3.8302 0. 0. ;
BUS RO3238 380 84.7700 -12.0791 0. 0. ;
BUS RO3239 380 67.5500 -9.6254 0. 0. ;
BUS RO3240 220 27.0200 -3.8501 0. 0. ;
BUS RO3241 380 146.2300 -20.8366 0. 0. ;
BUS BG3242 380 80.7100 -11.5006 0. 0. ;
BUS RO3243 380 24.4300 -3.4811 0. 0. ;
BUS RO3244 380 64.7500 -9.2264 0. 0. ;
BUS RO3245 380 229.0400 -32.6364 0. 0. ;
BUS RO3246 220 12.1800 -1.7356 0. 0. ;
BUS RO3247 220 18.1300 -2.5834 0. 0. ;
BUS RO3248 220 16.0300 -2.2842 0. 0. ;
BUS RO3249 220 13.5100 -1.9251 0. 0. ;
BUS RO3250 220 8.1200 -1.1570 0. 0. ;
BUS RO3251 220 14.2100 -2.0248 0. 0. ;
BUS RO3252 380 22.2600 -3.1719 0. 0. ;
BUS RO3253 220 7.9100 -1.1271 0. 0. ;
BUS RO3254 220 16.5200 -2.3540 0. 0. ;
BUS RO3255 220 19.3200 -2.7530 0. 0. ;
BUS PL3256 220 37.6600 -5.3663 0. 0. ;
BUS PL3257 380 103.3200 -14.7223 0. 0. ;
BUS PL3258 220 18.9000 -2.6931 0. 0. ;
BUS RO3259 380 25.3400 -3.6108 0. 0. ;
BUS BG3260 380 201.3200 -28.6865 0. 0. ;
BUS BG3261 380 90.7900 -12.9369 0. 0. ;
BUS BG3262 380 206.7100 -29.4546 0. 0. ;
BUS RS3263 380 70.8400 -10.0942 0. 0. ;
BUS GR3264 380 65.3800 -9.3161 0. 0. ;
BUS AL3265 220 32.2000 -4.5883 0. 0. ;
BUS AL3266 220 35.7700 -5.0969 0. 0. ;
BUS AL3267 220 49.4900 -7.0519 0. 0. ;
BUS AL3268 220 5.8800 -0.8379 0. 0. ;
BUS AL3269 220 4.9000 -0.6982 0. 0. ;
BUS MK3270 380 171.4300 -24.4275 0. 0. ;
BUS RS3271 220 109.2000 -15.5602 0. 0. ;
BUS RS3272 220 97.8600 -13.9443 0. 0. ;
BUS RS3273 220 89.5300 -12.7573 0. 0. ;
BUS AL3274 220 29.6100 -4.2192 0. 0. ;
BUS IT3275 380 97.0200 -13.8246 0. 0. ;
BUS ES3276 380 8.2600 -1.1770 0. 0. ;
BUS ES3277 220 3.5700 -0.5087 0. 0. ;
BUS ES3278 220 3.3600 -0.4788 0. 0. ;
BUS ES3279 220 30.8000 -4.3888 0. 0. ;
BUS ES3280 220 31.0100 -4.4187 0. 0. ;
BUS ES3281 220 26.3900 -3.7604 0. 0. ;
BUS ES3282 380 64.1200 -9.1366 0. 0. ;
BUS ES3283 380 67.3400 -9.5954 0. 0. ;
BUS ES3284 220 14.3500 -2.0448 0. 0. ;
BUS ES3285 380 12.3900 -1.7655 0. 0. ;
BUS ES3286 380 10.2900 -1.4662 0. 0. ;
BUS ES3287 380 19.8800 -2.8327 0. 0. ;
BUS ES3288 380 37.0300 -5.2765 0. 0. ;
BUS ES3289 220 19.5300 -2.7829 0. 0. ;
BUS PT3290 380 53.2000 -7.5806 0. 0. ;
BUS PT3291 380 75.1100 -10.7026 0. 0. ;
BUS ES3292 220 19.1800 -2.7330 0. 0. ;
BUS ES3293 220 20.0900 -2.8627 0. 0. ;
BUS ES3294 220 5.3900 -0.7680 0. 0. ;
BUS ES3295 220 19.4600 -2.7729 0. 0. ;
BUS ES3296 220 19.7400 -2.8128 0. 0. ;
BUS ES3297 220 18.7600 -2.6732 0. 0. ;
BUS ES3298 220 20.3700 -2.9026 0. 0. ;
BUS ES3299 220 10.2900 -1.4662 0. 0. ;
BUS ES3300 220 7.7700 -1.1072 0. 0. ;
BUS ES3301 220 13.3700 -1.9051 0. 0. ;
BUS ES3302 220 12.1800 -1.7356 0. 0. ;
BUS ES3303 220 187.6000 -26.7316 0. 0. ;
BUS ES3304 220 39.6900 -5.6555 0. 0. ;
BUS ES3305 220 6.3000 -0.8977 0. 0. ;
BUS ES3306 220 5.6700 -0.8079 0. 0. ;
BUS ES3307 220 10.6400 -1.5161 0. 0. ;
BUS ES3308 220 7.9100 -1.1271 0. 0. ;
BUS ES3309 220 6.2300 -0.8877 0. 0. ;
BUS ES3310 220 6.5800 -0.9376 0. 0. ;
BUS ES3311 220 25.7600 -3.6706 0. 0. ;
BUS ES3312 220 5.1800 -0.7381 0. 0. ;
BUS ES3313 220 5.1800 -0.7381 0. 0. ;
BUS ES3314 220 165.9700 -23.6494 0. 0. ;
BUS ES3315 220 190.5400 -27.1505 0. 0. ;
BUS PT3316 380 9.5900 -1.3665 0. 0. ;
BUS PT3317 380 9.3800 -1.3366 0. 0. ;
BUS PT3318 380 18.6900 -2.6632 0. 0. ;
BUS ES3319 220 20.9300 -2.9824 0. 0. ;
BUS ES3320 220 31.8500 -4.5384 0. 0. ;
BUS ES3321 220 7.3500 -1.0473 0. 0. ;
BUS PT3322 380 62.9300 -8.9670 0. 0. ;
BUS ES3323 220 34.5800 -4.9274 0. 0. ;
BUS ES3324 220 33.3200 -4.7478 0. 0. ;
BUS ES3325 220 32.1300 -4.5783 0. 0. ;
BUS ES3326 220 32.9000 -4.6880 0. 0. ;
BUS ES3327 220 33.4600 -4.7678 0. 0. ;
BUS ES3328 220 12.5300 -1.7854 0. 0. ;
BUS ES3329 380 74.5500 -10.6228 0. 0. ;
BUS ES3330 380 75.1800 -10.7126 0. 0. ;
BUS ES3331 380 28.2800 -4.0297 0. 0. ;
BUS ES3332 380 25.8300 -3.6806 0. 0. ;
BUS ES3333 220 10.8500 -1.5460 0. 0. ;
BUS ES3334 220 19.5300 -2.7829 0. 0. ;
BUS ES3335 380 77.4900 -11.0417 0. 0. ;
BUS ES3336 220 29.1200 -4.1494 0. 0. ;
BUS ES3337 220 48.5800 -6.9223 0. 0. ;
BUS ES3338 220 47.0400 -6.7028 0. 0. ;
BUS ES3339 220 46.9700 -6.6929 0. 0. ;
BUS ES3340 220 34.0900 -4.8576 0. 0. ;
BUS ES3341 220 80.0100 -11.4008 0. 0. ;
BUS ES3342 220 8.0500 -1.1471 0. 0. ;
BUS ES3343 220 5.9500 -0.8478 0. 0. ;
BUS ES3344 220 8.6100 -1.2269 0. 0. ;
BUS ES3345 220 4.6900 -0.6683 0. 0. ;
BUS ES3346 220 5.6700 -0.8079 0. 0. ;
BUS ES3347 220 5.4600 -0.7780 0. 0. ;
BUS PT3348 220 25.2700 -3.6008 0. 0. ;
BUS PT3349 220 25.0600 -3.5709 0. 0. ;
BUS PT3350 220 25.3400 -3.6108 0. 0. ;
BUS PT3351 220 14.4900 -2.0647 0. 0. ;
BUS PT3352 380 63.1400 -8.9970 0. 0. ;
BUS PT3353 220 14.6300 -2.0847 0. 0. ;
BUS PT3354 380 9.6600 -1.3765 0. 0. ;
BUS PT3355 220 14.3500 -2.0448 0. 0. ;
BUS PT3356 220 14.5600 -2.0747 0. 0. ;
BUS PT3357 220 9.4500 -1.3466 0. 0. ;
BUS PT3358 220 9.3800 -1.3366 0. 0. ;
BUS PT3359 220 13.5800 -1.9350 0. 0. ;
BUS PT3360 220 11.8300 -1.6857 0. 0. ;
BUS PT3361 220 19.5300 -2.7829 0. 0. ;
BUS ES3362 220 3.1500 -0.4489 0. 0. ;
BUS DK3363 380 90.5800 -12.9070 0. 0. ;
BUS DK3364 380 50.8200 -7.2415 0. 0. ;
BUS DK3365 380 80.7100 -11.5006 0. 0. ;
BUS DK3366 132 0.0000 -0.0000 0. 0. ;
BUS DK3367 380 55.4400 -7.8998 0. 0. ;
BUS DK3368 380 70.3500 -10.0243 0. 0. ;
BUS DE3369 220 45.6400 -6.5033 0. 0. ;
BUS DK3370 220 24.5700 -3.5010 0. 0. ;
BUS DE3371 380 105.2100 -14.9916 0. 0. ;
BUS PL3372 380 83.0900 -11.8397 0. 0. ;
BUS PL3373 380 277.0600 -39.4789 0. 0. ;
BUS PL3374 380 112.1400 -15.9791 0. 0. ;
BUS PL3375 380 86.1700 -12.2786 0. 0. ;
BUS PL3376 220 28.7000 -4.0895 0. 0. ;
BUS PL3377 220 29.9600 -4.2691 0. 0. ;
BUS PL3378 220 89.6700 -12.7773 0. 0. ;
BUS PL3379 220 59.2900 -8.4484 0. 0. ;
BUS PL3380 220 25.4100 -3.6207 0. 0. ;
BUS PL3381 220 38.9900 -5.5558 0. 0. ;
BUS PL3382 220 27.7200 -3.9499 0. 0. ;
BUS PL3383 220 76.6500 -10.9220 0. 0. ;
BUS PL3384 220 29.6800 -4.2292 0. 0. ;
BUS PL3385 380 44.7300 -6.3737 0. 0. ;
BUS RO3386 220 38.0800 -5.4261 0. 0. ;
BUS RO3387 220 20.4400 -2.9125 0. 0. ;
BUS RO3388 220 36.9600 -5.2665 0. 0. ;
BUS RO3389 220 13.1600 -1.8752 0. 0. ;
BUS RO3390 220 39.0600 -5.5657 0. 0. ;
BUS RO3391 380 132.5800 -18.8916 0. 0. ;
BUS RO3392 380 31.7800 -4.5284 0. 0. ;
BUS RO3393 380 45.5700 -6.4934 0. 0. ;
BUS RO3394 220 46.7600 -6.6629 0. 0. ;
BUS RO3395 220 49.6300 -7.0719 0. 0. ;
BUS RO3396 220 33.3200 -4.7478 0. 0. ;
BUS RO3397 220 11.9700 -1.7056 0. 0. ;
BUS RO3398 380 110.9500 -15.8095 0. 0. ;
BUS RO3399 380 247.5900 -35.2797 0. 0. ;
BUS RO3400 380 53.1300 -7.5706 0. 0. ;
BUS RO3401 380 236.6700 -33.7236 0. 0. ;
BUS RO3402 220 24.4300 -3.4811 0. 0. ;
BUS RO3403 220 27.4400 -3.9100 0. 0. ;
BUS RO3404 220 37.4500 -5.3363 0. 0. ;
BUS RO3405 220 13.5800 -1.9350 0. 0. ;
BUS RO3406 220 17.8500 -2.5435 0. 0. ;
BUS RO3407 220 10.1500 -1.4463 0. 0. ;
BUS RO3408 220 14.4900 -2.0647 0. 0. ;
BUS RO3409 220 13.7900 -1.9650 0. 0. ;
BUS RO3410 380 25.3400 -3.6108 0. 0. ;
BUS RO3411 220 7.4900 -1.0673 0. 0. ;
BUS RO3412 220 16.3800 -2.3340 0. 0. ;
BUS RO3413 220 20.7900 -2.9624 0. 0. ;
BUS PL3414 220 37.1000 -5.2865 0. 0. ;
BUS PL3415 220 28.1400 -4.0097 0. 0. ;
BUS RO3416 380 24.1500 -3.4412 0. 0. ;
BUS RO3417 220 8.4700 -1.2069 0. 0. ;
BUS BG3418 380 190.5400 -27.1505 0. 0. ;
BUS BG3419 380 116.5500 -16.6075 0. 0. ;
BUS BG3420 220 30.2400 -4.3090 0. 0. ;
BUS BG3421 380 40.0400 -5.7054 0. 0. ;
BUS BG3422 380 85.1200 -12.1289 0. 0. ;
BUS MK3423 380 91.4900 -13.0366 0. 0. ;
BUS GR3424 380 184.5900 -26.3027 0. 0. ;
BUS GR3425 380 234.3600 -33.3945 0. 0. ;
BUS GR3426 380 73.1500 -10.4233 0. 0. ;
BUS GR3427 380 115.7800 -16.4978 0. 0. ;
BUS AL3428 220 36.3300 -5.1767 0. 0. ;
BUS AL3429 220 38.4300 -5.4760 0. 0. ;
BUS AL3430 220 53.9000 -7.6803 0. 0. ;
BUS AL3431 220 25.3400 -3.6108 0. 0. ;
BUS MK3432 380 162.2600 -23.1208 0. 0. ;
BUS RS3433 220 84.7700 -12.0791 0. 0. ;
BUS MK3434 220 77.6300 -11.0617 0. 0. ;
BUS IT3435 380 106.6800 -15.2011 0. 0. ;
BUS IT3436 380 98.4900 -14.0341 0. 0. ;
BUS PT3437 380 14.8400 -2.1146 0. 0. ;
BUS ES3438 220 9.6600 -1.3765 0. 0. ;
BUS ES3439 220 25.1300 -3.5808 0. 0. ;
BUS ES3440 380 62.9300 -8.9670 0. 0. ;
BUS ES3441 220 22.4700 -3.2018 0. 0. ;
BUS ES3442 220 9.3800 -1.3366 0. 0. ;
BUS ES3443 380 28.3500 -4.0397 0. 0. ;
BUS PT3444 380 10.9200 -1.5560 0. 0. ;
BUS PT3445 380 81.3400 -11.5903 0. 0. ;
BUS PT3446 380 80.2900 -11.4407 0. 0. ;
BUS PT3447 380 76.6500 -10.9220 0. 0. ;
BUS PT3448 380 34.8600 -4.9673 0. 0. ;
BUS PT3449 380 42.7000 -6.0844 0. 0. ;
BUS ES3450 220 21.9800 -3.1320 0. 0. ;
BUS ES3451 220 19.8800 -2.8327 0. 0. ;
BUS ES3452 220 6.3000 -0.8977 0. 0. ;
BUS ES3453 220 8.7500 -1.2468 0. 0. ;
BUS ES3454 220 7.9100 -1.1271 0. 0. ;
BUS ES3455 220 6.5800 -0.9376 0. 0. ;
BUS ES3456 220 3.6400 -0.5187 0. 0. ;
BUS ES3457 220 1.5400 -0.2194 0. 0. ;
BUS ES3458 220 35.2100 -5.0172 0. 0. ;
BUS ES3459 220 159.0400 -22.6620 0. 0. ;
BUS ES3460 220 196.7700 -28.0382 0. 0. ;
BUS ES3461 220 195.5800 -27.8686 0. 0. ;
BUS PT3462 380 20.4400 -2.9125 0. 0. ;
BUS PT3463 380 128.8000 -18.3530 0. 0. ;
BUS PT3464 380 73.6400 -10.4931 0. 0. ;
BUS ES3465 220 33.6000 -4.7877 0. 0. ;
BUS ES3466 220 21.1400 -3.0123 0. 0. ;
BUS ES3467 220 34.5800 -4.9274 0. 0. ;
BUS ES3468 220 34.4400 -4.9074 0. 0. ;
BUS ES3469 220 13.1600 -1.8752 0. 0. ;
BUS PT3470 380 64.3300 -9.1665 0. 0. ;
BUS ES3471 220 15.5400 -2.2143 0. 0. ;
BUS ES3472 220 15.8200 -2.2542 0. 0. ;
BUS ES3473 132 0.0000 -0.0000 0. 0. ;
BUS ES3474 220 8.6100 -1.2269 0. 0. ;
BUS ES3475 220 58.0300 -8.2688 0. 0. ;
BUS ES3476 220 14.2100 -2.0248 0. 0. ;
BUS ES3477 220 23.0300 -3.2816 0. 0. ;
BUS ES3478 220 24.0800 -3.4312 0. 0. ;
BUS ES3479 220 58.8000 -8.3785 0. 0. ;
BUS ES3480 220 15.9600 -2.2742 0. 0. ;
BUS ES3481 380 133.5600 -19.0313 0. 0. ;
BUS ES3482 380 66.0100 -9.4059 0. 0. ;
BUS ES3483 220 36.6800 -5.2266 0. 0. ;
BUS ES3484 220 37.8700 -5.3962 0. 0. ;
BUS ES3485 220 45.6400 -6.5033 0. 0. ;
BUS ES3486 220 46.6200 -6.6430 0. 0. ;
BUS ES3487 220 48.8600 -6.9622 0. 0. ;
BUS ES3488 220 48.8600 -6.9622 0. 0. ;
BUS ES3489 220 9.5900 -1.3665 0. 0. ;
BUS ES3490 220 6.6500 -0.9476 0. 0. ;
BUS ES3491 220 5.3900 -0.7680 0. 0. ;
BUS PT3492 220 26.6000 -3.7903 0. 0. ;
BUS PT3493 220 25.6200 -3.6507 0. 0. ;
BUS PT3494 220 25.6200 -3.6507 0. 0. ;
BUS PT3495 220 15.6100 -2.2243 0. 0. ;
BUS PT3496 380 15.8200 -2.2542 0. 0. ;
BUS PT3497 220 14.4200 -2.0547 0. 0. ;
BUS PT3498 220 14.3500 -2.0448 0. 0. ;
BUS PT3499 220 44.9400 -6.4036 0. 0. ;
BUS PT3500 380 58.5200 -8.3386 0. 0. ;
BUS PT3501 220 48.7200 -6.9422 0. 0. ;
BUS ES3502 220 3.3600 -0.4788 0. 0. ;
BUS DK3503 380 92.7500 -13.2162 0. 0. ;
BUS DK3504 132 0.0000 -0.0000 0. 0. ;
BUS DK3505 380 71.0500 -10.1241 0. 0. ;
BUS DK3506 132 0.0000 -0.0000 0. 0. ;
BUS DK3507 132 0.0000 -0.0000 0. 0. ;
BUS DK3508 220 18.4800 -2.6333 0. 0. ;
BUS DK3509 380 119.6300 -17.0464 0. 0. ;
BUS DK3510 132 0.0000 -0.0000 0. 0. ;
BUS DK3511 132 0.0000 -0.0000 0. 0. ;
BUS PL3512 380 98.0700 -13.9742 0. 0. ;
BUS PL3513 380 299.4600 -42.6707 0. 0. ;
BUS PL3514 380 275.2400 -39.2196 0. 0. ;
BUS PL3515 220 92.3300 -13.1563 0. 0. ;
BUS PL3516 380 194.2500 -27.6791 0. 0. ;
BUS PL3517 220 95.5500 -13.6151 0. 0. ;
BUS PL3518 220 91.8400 -13.0865 0. 0. ;
BUS PL3519 220 63.9800 -9.1167 0. 0. ;
BUS PL3520 220 20.6500 -2.9425 0. 0. ;
BUS PL3521 380 88.9700 -12.6775 0. 0. ;
BUS PL3522 380 89.1800 -12.7075 0. 0. ;
BUS PL3523 380 109.6900 -15.6300 0. 0. ;
BUS RO3524 220 32.1300 -4.5783 0. 0. ;
BUS RO3525 220 14.9100 -2.1246 0. 0. ;
BUS RO3526 220 10.5700 -1.5061 0. 0. ;
BUS RO3527 220 83.4400 -11.8896 0. 0. ;
BUS RO3528 220 21.7700 -3.1021 0. 0. ;
BUS RO3529 380 167.5100 -23.8689 0. 0. ;
BUS RO3530 380 36.7500 -5.2366 0. 0. ;
BUS RO3531 380 34.6500 -4.9374 0. 0. ;
BUS RO3532 220 10.5700 -1.5061 0. 0. ;
BUS RO3533 380 20.6500 -2.9425 0. 0. ;
BUS RO3534 750 0.0000 -0.0000 0. 0. ;
BUS BG3535 380 182.4900 -26.0034 0. 0. ;
BUS RO3536 380 30.2400 -4.3090 0. 0. ;
BUS RO3537 220 127.5400 -18.1735 0. 0. ;
BUS RO3538 220 42.1400 -6.0046 0. 0. ;
BUS RO3539 220 33.3200 -4.7478 0. 0. ;
BUS RO3540 220 11.2700 -1.6059 0. 0. ;
BUS RO3541 380 121.5900 -17.3256 0. 0. ;
BUS RO3542 380 54.6700 -7.7901 0. 0. ;
BUS RO3543 220 78.8900 -11.2412 0. 0. ;
BUS RO3544 220 9.7300 -1.3864 0. 0. ;
BUS RO3545 220 41.5800 -5.9248 0. 0. ;
BUS RO3546 220 48.5100 -6.9123 0. 0. ;
BUS RO3547 220 12.7400 -1.8154 0. 0. ;
BUS RO3548 220 13.5100 -1.9251 0. 0. ;
BUS RO3549 220 16.1000 -2.2941 0. 0. ;
BUS RO3550 220 15.6800 -2.2343 0. 0. ;
BUS PL3551 220 68.4600 -9.7550 0. 0. ;
BUS PL3552 220 34.7200 -4.9473 0. 0. ;
BUS BG3553 380 47.6000 -6.7826 0. 0. ;
BUS BG3554 220 63.4900 -9.0468 0. 0. ;
BUS BG3555 380 130.5500 -18.6024 0. 0. ;
BUS BG3556 220 38.8500 -5.5358 0. 0. ;
BUS BG3557 220 58.4500 -8.3287 0. 0. ;
BUS BG3558 380 39.8300 -5.6755 0. 0. ;
BUS BG3559 380 206.5700 -29.4346 0. 0. ;
BUS BG3560 380 69.2300 -9.8647 0. 0. ;
BUS MK3561 380 108.9900 -15.5302 0. 0. ;
BUS GR3562 380 136.1500 -19.4003 0. 0. ;
BUS GR3563 380 52.6400 -7.5008 0. 0. ;
BUS GR3564 380 42.7700 -6.0944 0. 0. ;
BUS GR3565 380 208.6700 -29.7339 0. 0. ;
BUS GR3566 380 83.0900 -11.8397 0. 0. ;
BUS GR3567 380 211.1900 -30.0929 0. 0. ;
BUS AL3568 220 11.9000 -1.6957 0. 0. ;
BUS AL3569 220 46.5500 -6.6330 0. 0. ;
BUS AL3570 220 14.7000 -2.0946 0. 0. ;
BUS MK3571 380 93.6600 -13.3458 0. 0. ;
BUS MK3572 220 134.5400 -19.1709 0. 0. ;
BUS IT3573 380 398.3000 -56.7547 0. 0. ;
BUS IT3574 220 35.5600 -5.0670 0. 0. ;
BUS IT3575 220 32.8300 -4.6780 0. 0. ;
BUS PT3576 380 30.8700 -4.3987 0. 0. ;
BUS ES3577 220 6.6500 -0.9476 0. 0. ;
BUS ES3578 220 170.5900 -24.3078 0. 0. ;
BUS ES3579 220 196.0700 -27.9385 0. 0. ;
BUS ES3580 220 28.9100 -4.1195 0. 0. ;
BUS ES3581 220 31.5700 -4.4985 0. 0. ;
BUS ES3582 380 52.1500 -7.4310 0. 0. ;
BUS ES3583 380 26.8800 -3.8302 0. 0. ;
BUS ES3584 380 28.2100 -4.0197 0. 0. ;
BUS ES3585 220 19.9500 -2.8427 0. 0. ;
BUS ES3586 380 60.9700 -8.6878 0. 0. ;
BUS PT3587 380 10.5000 -1.4962 0. 0. ;
BUS PT3588 380 6.8600 -0.9775 0. 0. ;
BUS PT3589 380 80.7800 -11.5105 0. 0. ;
BUS PT3590 380 80.2900 -11.4407 0. 0. ;
BUS PT3591 380 33.8800 -4.8276 0. 0. ;
BUS PT3592 380 36.5400 -5.2067 0. 0. ;
BUS PT3593 380 42.2800 -6.0246 0. 0. ;
BUS PT3594 380 61.3900 -8.7476 0. 0. ;
BUS ES3595 220 22.0500 -3.1420 0. 0. ;
BUS ES3596 220 18.8300 -2.6831 0. 0. ;
BUS ES3597 220 18.2700 -2.6033 0. 0. ;
BUS ES3598 220 4.0600 -0.5785 0. 0. ;
BUS ES3599 220 10.1500 -1.4463 0. 0. ;
BUS ES3600 220 7.7000 -1.0972 0. 0. ;
BUS ES3601 220 12.5300 -1.7854 0. 0. ;
BUS ES3602 220 7.9800 -1.1371 0. 0. ;
BUS ES3603 220 3.7800 -0.5386 0. 0. ;
BUS ES3604 220 4.6200 -0.6583 0. 0. ;
BUS ES3605 220 1.8200 -0.2593 0. 0. ;
BUS ES3606 220 32.4800 -4.6281 0. 0. ;
BUS ES3607 220 184.0300 -26.2229 0. 0. ;
BUS ES3608 220 200.4800 -28.5669 0. 0. ;
BUS PT3609 380 133.4900 -19.0213 0. 0. ;
BUS PT3610 380 145.8800 -20.7868 0. 0. ;
BUS PT3611 380 27.0200 -3.8501 0. 0. ;
BUS ES3612 220 32.9000 -4.6880 0. 0. ;
BUS ES3613 220 21.9100 -3.1220 0. 0. ;
BUS ES3614 220 33.7400 -4.8077 0. 0. ;
BUS ES3615 220 34.9300 -4.9773 0. 0. ;
BUS ES3616 220 44.3800 -6.3238 0. 0. ;
BUS ES3617 220 59.0800 -8.4184 0. 0. ;
BUS ES3618 220 34.3700 -4.8975 0. 0. ;
BUS ES3619 220 35.3500 -5.0371 0. 0. ;
BUS ES3620 220 41.4400 -5.9049 0. 0. ;
BUS ES3621 220 55.7900 -7.9496 0. 0. ;
BUS ES3622 220 60.7600 -8.6578 0. 0. ;
BUS ES3623 380 29.4000 -4.1893 0. 0. ;
BUS ES3624 380 109.4100 -15.5901 0. 0. ;
BUS ES3625 220 34.5800 -4.9274 0. 0. ;
BUS ES3626 220 33.9500 -4.8376 0. 0. ;
BUS ES3627 220 43.2600 -6.1642 0. 0. ;
BUS ES3628 220 42.9100 -6.1143 0. 0. ;
BUS ES3629 220 7.1400 -1.0174 0. 0. ;
BUS PT3630 220 26.7400 -3.8102 0. 0. ;
BUS PT3631 220 27.3700 -3.9000 0. 0. ;
BUS PT3632 220 47.0400 -6.7028 0. 0. ;
BUS PT3633 220 42.1400 -6.0046 0. 0. ;
BUS PT3634 380 144.2000 -20.5474 0. 0. ;
BUS PT3635 220 51.3800 -7.3213 0. 0. ;
BUS PT3636 220 48.6500 -6.9322 0. 0. ;
BUS PT3637 220 46.5500 -6.6330 0. 0. ;
BUS ES3638 220 3.3600 -0.4788 0. 0. ;
BUS ES3639 220 7.4200 -1.0573 0. 0. ;
BUS DK3640 380 81.0600 -11.5504 0. 0. ;
BUS DK3641 380 48.6500 -6.9322 0. 0. ;
BUS DK3642 132 0.0000 -0.0000 0. 0. ;
BUS DK3643 220 30.9400 -4.4087 0. 0. ;
BUS DK3644 380 78.1900 -11.1415 0. 0. ;
BUS DK3645 132 0.0000 -0.0000 0. 0. ;
BUS DK3646 220 0.9800 -0.1396 0. 0. ;
BUS DK3647 380 96.3900 -13.7348 0. 0. ;
BUS DK3648 132 0.0000 -0.0000 0. 0. ;
BUS PL3649 380 231.5600 -32.9955 0. 0. ;
BUS PL3650 380 79.5200 -11.3310 0. 0. ;
BUS PL3651 380 181.1600 -25.8139 0. 0. ;
BUS PL3652 220 92.8200 -13.2261 0. 0. ;
BUS PL3653 220 58.3100 -8.3087 0. 0. ;
BUS PL3654 380 62.0200 -8.8374 0. 0. ;
BUS PL3655 220 31.5000 -4.4885 0. 0. ;
BUS RO3656 220 18.6200 -2.6532 0. 0. ;
BUS RO3657 220 55.8600 -7.9596 0. 0. ;
BUS RO3658 220 12.2500 -1.7455 0. 0. ;
BUS BG3659 380 148.0500 -21.0960 0. 0. ;
BUS BG3660 380 222.2500 -31.6689 0. 0. ;
BUS BG3661 220 60.8300 -8.6678 0. 0. ;
BUS RO3662 380 55.6500 -7.9297 0. 0. ;
BUS RO3663 380 51.1000 -7.2814 0. 0. ;
BUS RO3664 220 92.9600 -13.2461 0. 0. ;
BUS RO3665 220 7.7700 -1.1072 0. 0. ;
BUS RO3666 220 49.7000 -7.0819 0. 0. ;
BUS RO3667 220 14.1400 -2.0148 0. 0. ;
BUS PL3668 220 42.2100 -6.0146 0. 0. ;
BUS BG3669 220 12.3900 -1.7655 0. 0. ;
BUS BG3670 220 61.6000 -8.7775 0. 0. ;
BUS BG3671 220 68.1800 -9.7151 0. 0. ;
BUS BG3672 220 82.8100 -11.7998 0. 0. ;
BUS BG3673 380 94.9200 -13.5254 0. 0. ;
BUS BG3674 220 68.8800 -9.8149 0. 0. ;
BUS GR3675 380 252.3500 -35.9579 0. 0. ;
BUS GR3676 380 163.1700 -23.2505 0. 0. ;
BUS GR3677 380 314.1600 -44.7654 0. 0. ;
BUS GR3678 380 354.9000 -50.5705 0. 0. ;
BUS GR3679 380 409.7100 -58.3805 0. 0. ;
BUS GR3680 380 160.3000 -22.8415 0. 0. ;
BUS GR3681 380 267.8900 -38.1723 0. 0. ;
BUS AL3682 220 23.9400 -3.4113 0. 0. ;
BUS IT3683 380 168.2100 -23.9686 0. 0. ;
BUS IT3684 220 140.7000 -20.0487 0. 0. ;
BUS IT3685 220 46.1300 -6.5732 0. 0. ;
BUS ES3686 220 9.5200 -1.3565 0. 0. ;
BUS ES3687 220 48.5800 -6.9223 0. 0. ;
BUS ES3688 220 30.6600 -4.3688 0. 0. ;
BUS ES3689 220 30.3800 -4.3289 0. 0. ;
BUS ES3690 380 23.7300 -3.3813 0. 0. ;
BUS ES3691 380 30.3800 -4.3289 0. 0. ;
BUS ES3692 380 63.0000 -8.9770 0. 0. ;
BUS ES3693 220 32.0600 -4.5683 0. 0. ;
BUS PT3694 380 79.9400 -11.3908 0. 0. ;
BUS PT3695 380 143.8500 -20.4975 0. 0. ;
BUS ES3696 220 12.9500 -1.8453 0. 0. ;
BUS ES3697 220 13.0900 -1.8652 0. 0. ;
BUS ES3698 220 13.5800 -1.9350 0. 0. ;
BUS ES3699 220 7.3500 -1.0473 0. 0. ;
BUS ES3700 220 5.2500 -0.7481 0. 0. ;
BUS PT3701 380 136.0100 -19.3804 0. 0. ;
BUS PT3702 380 58.4500 -8.3287 0. 0. ;
BUS ES3703 220 20.0200 -2.8527 0. 0. ;
BUS ES3704 220 24.2900 -3.4611 0. 0. ;
BUS ES3705 220 34.7900 -4.9573 0. 0. ;
BUS ES3706 220 34.4400 -4.9074 0. 0. ;
BUS ES3707 220 47.4600 -6.7627 0. 0. ;
BUS ES3708 220 33.4600 -4.7678 0. 0. ;
BUS ES3709 380 27.5800 -3.9299 0. 0. ;
BUS ES3710 220 36.4700 -5.1967 0. 0. ;
BUS ES3711 220 35.0700 -4.9972 0. 0. ;
BUS ES3712 220 35.5600 -5.0670 0. 0. ;
BUS PT3713 220 26.4600 -3.7703 0. 0. ;
BUS PT3714 220 27.1600 -3.8701 0. 0. ;
BUS PT3715 220 26.6700 -3.8003 0. 0. ;
BUS PT3716 220 48.0900 -6.8525 0. 0. ;
BUS PT3717 220 50.6800 -7.2215 0. 0. ;
BUS PT3718 220 51.2400 -7.3013 0. 0. ;
BUS PT3719 220 51.0300 -7.2714 0. 0. ;
BUS PT3720 220 49.1400 -7.0021 0. 0. ;
BUS PT3721 220 48.4400 -6.9023 0. 0. ;
BUS PT3722 220 47.7400 -6.8026 0. 0. ;
BUS DK3723 132 0.0000 -0.0000 0. 0. ;
BUS DK3724 380 45.2200 -6.4435 0. 0. ;
BUS DK3725 380 45.6400 -6.5033 0. 0. ;
BUS DK3726 132 0.0000 -0.0000 0. 0. ;
BUS DK3727 220 1.2600 -0.1795 0. 0. ;
BUS DK3728 132 0.0000 -0.0000 0. 0. ;
BUS PL3729 380 56.0000 -7.9796 0. 0. ;
BUS PL3730 220 54.3200 -7.7402 0. 0. ;
BUS PL3731 220 42.9100 -6.1143 0. 0. ;
BUS BG3732 220 49.3500 -7.0320 0. 0. ;
BUS BG3733 380 71.6800 -10.2138 0. 0. ;
BUS BG3734 220 107.5900 -15.3307 0. 0. ;
BUS RO3735 220 68.6700 -9.7849 0. 0. ;
BUS BG3736 220 63.5600 -9.0568 0. 0. ;
BUS BG3737 220 48.5800 -6.9223 0. 0. ;
BUS BG3738 380 52.9900 -7.5507 0. 0. ;
BUS BG3739 380 57.7500 -8.2289 0. 0. ;
BUS BG3740 220 31.6400 -4.5085 0. 0. ;
BUS BG3741 220 59.7800 -8.5182 0. 0. ;
BUS GR3742 380 405.3000 -57.7521 0. 0. ;
BUS GR3743 380 64.2600 -9.1566 0. 0. ;
BUS GR3744 380 100.2400 -14.2834 0. 0. ;
BUS GR3745 380 405.7900 -57.8219 0. 0. ;
BUS GR3746 380 117.8100 -16.7870 0. 0. ;
BUS AL3747 220 22.7500 -3.2417 0. 0. ;
BUS IT3748 220 56.0700 -7.9895 0. 0. ;
BUS IT3749 220 76.3000 -10.8722 0. 0. ;
BUS IT3750 220 156.4500 -22.2929 0. 0. ;
BUS ES3751 220 29.1900 -4.1593 0. 0. ;
BUS ES3752 220 23.8700 -3.4013 0. 0. ;
BUS ES3753 220 7.9100 -1.1271 0. 0. ;
BUS PT3754 380 21.9800 -3.1320 0. 0. ;
BUS PT3755 220 26.7400 -3.8102 0. 0. ;
BUS PT3756 220 26.1100 -3.7205 0. 0. ;
BUS PT3757 220 28.5600 -4.0696 0. 0. ;
BUS PT3758 220 26.4600 -3.7703 0. 0. ;
BUS PT3759 220 24.8500 -3.5409 0. 0. ;
BUS PT3760 220 47.5300 -6.7727 0. 0. ;
BUS PT3761 220 47.8800 -6.8225 0. 0. ;
BUS PT3762 220 48.5100 -6.9123 0. 0. ;
BUS PT3763 220 48.7200 -6.9422 0. 0. ;
BUS DK3764 380 43.4700 -6.1941 0. 0. ;
BUS DK3765 380 50.4000 -7.1816 0. 0. ;
BUS DK3766 132 0.0000 -0.0000 0. 0. ;
BUS PL3767 380 111.5800 -15.8993 0. 0. ;
BUS BG3768 220 44.4500 -6.3338 0. 0. ;
BUS BG3769 220 33.7400 -4.8077 0. 0. ;
BUS BG3770 220 23.8700 -3.4013 0. 0. ;
BUS BG3771 220 77.2800 -11.0118 0. 0. ;
BUS BG3772 220 42.1400 -6.0046 0. 0. ;
BUS BG3773 220 54.3200 -7.7402 0. 0. ;
BUS BG3774 220 120.7500 -17.2059 0. 0. ;
BUS BG3775 220 17.6400 -2.5136 0. 0. ;
BUS BG3776 220 13.7900 -1.9650 0. 0. ;
BUS BG3777 220 57.6800 -8.2190 0. 0. ;
BUS BG3778 220 52.6400 -7.5008 0. 0. ;
BUS BG3779 220 65.3800 -9.3161 0. 0. ;
BUS GR3780 380 76.2300 -10.8622 0. 0. ;
BUS GR3781 380 392.6300 -55.9467 0. 0. ;
BUS AL3782 220 23.9400 -3.4113 0. 0. ;
BUS IT3783 220 42.7000 -6.0844 0. 0. ;
BUS IT3784 220 49.8400 -7.1018 0. 0. ;
BUS IT3785 220 38.3600 -5.4660 0. 0. ;
BUS IT3786 220 89.5300 -12.7573 0. 0. ;
BUS IT3787 220 162.5400 -23.1607 0. 0. ;
BUS IT3788 220 138.2500 -19.6996 0. 0. ;
BUS IT3789 220 152.8100 -21.7742 0. 0. ;
BUS ES3790 220 29.8900 -4.2591 0. 0. ;
BUS BG3791 220 28.1400 -4.0097 0. 0. ;
BUS BG3792 220 27.3700 -3.9000 0. 0. ;
BUS BG3793 220 62.8600 -8.9571 0. 0. ;
BUS BG3794 220 29.4000 -4.1893 0. 0. ;
BUS BG3795 220 41.9300 -5.9747 0. 0. ;
BUS BG3796 220 12.3900 -1.7655 0. 0. ;
BUS BG3797 220 43.4000 -6.1842 0. 0. ;
BUS BG3798 220 22.1200 -3.1519 0. 0. ;
BUS GR3799 380 120.3300 -17.1461 0. 0. ;
BUS GR3800 380 385.9100 -54.9892 0. 0. ;
BUS GR3801 380 397.3200 -56.6150 0. 0. ;
BUS IT3802 220 266.5600 -37.9827 0. 0. ;
BUS IT3803 220 173.5300 -24.7267 0. 0. ;
BUS BG3804 220 34.8600 -4.9673 0. 0. ;
BUS BG3805 220 30.5200 -4.3489 0. 0. ;
BUS GR3806 380 140.0700 -19.9589 0. 0. ;
BUS GR3807 132 0.0000 -0.0000 0. 0. ;
BUS IT3808 220 128.9400 -18.3730 0. 0. ;
BUS IT3809 220 87.7800 -12.5080 0. 0. ;

LINE L1_2_1 CH1 CH2 0.648356 6.139888 0. 0. 1 ;
LINE L1_2_2 CH1 CH2 0.648356 6.139888 0. 0. 1 ;
LINE L1_3_1 CH1 CH3 0.979032 9.258928 0. 0. 1 ;
LINE L1_3_2 CH1 CH3 0.979032 9.258928 0. 0. 1 ;
LINE L1_4_1 CH1 CH4 0.446196 4.216480 0. 0. 1 ;
LINE L1_4_2 CH1 CH4 0.446196 4.216480 0. 0. 1 ;
LINE L1_5_1 CH1 CH5 0.395656 3.744292 0. 0. 1 ;
LINE L1_5_2 CH1 CH5 0.395656 3.744292 0. 0. 1 ;
LINE L1_6_1 CH1 DE6 0.329232 3.110376 0. 0. 1 ;
LINE L1_6_2 CH1 DE6 0.329232 3.110376 0. 0. 1 ;
LINE L1_6_3 CH1 DE6 0.329232 3.110376 0. 0. 1 ;
LINE L1_7_1 CH1 DE7 0.801420 7.591108 0. 0. 1 ;
LINE L1_7_2 CH1 DE7 0.801420 7.591108 0. 0. 1 ;
LINE L1_8_1 CH1 DE8 0.700340 6.633736 0. 0. 1 ;
LINE L1_8_2 CH1 DE8 0.700340 6.633736 0. 0. 1 ;
LINE L1_8_3 CH1 DE8 0.700340 6.633736 0. 0. 1 ;
LINE L1_9_1 CH1 CH9 0.447640 4.239584 0. 0. 1 ;
LINE L1_9_2 CH1 CH9 0.447640 4.239584 0. 0. 1 ;
TRANSFO T1_10_1 CH1 CH10 0.138500 3.808800 0. 0. 100. 0. 100.0 1 ;
LINE L2_8_1 CH2 DE8 0.547276 5.173852 0. 0. 1 ;
LINE L2_8_2 CH2 DE8 0.547276 5.173852 0. 0. 1 ;
LINE L2_9_1 CH2 CH9 0.248368 2.352276 0. 0. 1 ;
LINE L2_9_2 CH2 CH9 0.248368 2.352276 0. 0. 1 ;
LINE L2_11_1 CH2 CH11 0.734996 6.957192 0. 0. 1 ;
LINE L2_11_2 CH2 CH11 0.734996 6.957192 0. 0. 1 ;
TRANSFO T2_12_1 CH2 CH12 0.138500 3.808800 0. 0. 100. 0. 100.0 1 ;
LINE L3_13_1 CH3 CH13 0.807196 7.644536 0. 0. 1 ;
LINE L3_13_2 CH3 CH13 0.807196 7.644536 0. 0. 1 ;
LINE L3_14_1 CH3 CH14 0.901056 8.522488 0. 0. 1 ;
LINE L3_14_2 CH3 CH14 0.901056 8.522488 0. 0. 1 ;
LINE L4_15_1 CH4 CH15 0.277248 2.628080 0. 0. 1 ;
LINE L4_15_2 CH4 CH15 0.277248 2.628080 0. 0. 1 ;
LINE L4_16_1 CH4 CH16 1.103216 10.435788 0. 0. 1 ;
LINE L4_16_2 CH4 CH16 1.103216 10.435788 0. 0. 1 ;
LINE L4_16_3 CH4 CH16 1.103216 10.435788 0. 0. 1 ;
LINE L4_16_4 CH4 CH16 1.103216 10.435788 0. 0. 1 ;
TRANSFO T4_17_1 CH4 CH17 0.138500 3.808800 0. 0. 100. 0. 100.0 1 ;
LINE L5_18_1 CH5 CH18 0.140068 1.322704 0. 0. 1 ;
LINE L5_18_2 CH5 CH18 0.140068 1.322704 0. 0. 1 ;
LINE L6_19_1 DE6 DE19 0.675792 6.396920 0. 0. 1 ;
LINE L6_19_2 DE6 DE19 0.675792 6.396920 0. 0. 1 ;
LINE L6_20_1 DE6 DE20 0.362444 3.430944 0. 0. 1 ;
LINE L6_20_2 DE6 DE20 0.362444 3.430944 0. 0. 1 ;
LINE L6_21_1 DE6 DE21 1.916188 18.140972 0. 0. 1 ;
LINE L6_21_2 DE6 DE21 1.916188 18.140972 0. 0. 1 ;
LINE L6_21_3 DE6 DE21 1.916188 18.140972 0. 0. 1 ;
TRANSFO T6_22_1 DE6 DE22 0.138500 3.808800 0. 0. 100. 0. 100.0 1 ;
LINE L7_23_1 DE7 DE23 1.072892 10.149876 0. 0. 1 ;
LINE L7_23_2 DE7 DE23 1.072892 10.149876 0. 0. 1 ;
TRANSFO T7_24_1 DE7 DE24 0.138500 3.808800 0. 0. 100. 0. 100.0 1 ;
LINE L8_25_1 DE8 DE25 3.087272 29.216452 0. 0. 1 ;
LINE L8_25_2 DE8 DE25 3.087272 29.216452 0. 0. 1 ;
TRANSFO T8_26_1 DE8 DE26 0.138500 3.808800 0. 0. 100. 0. 100.0 1 ;
LINE L10_27_1 CH10 CH27 1.678028 9.587072 0. 0. 1 ;
LINE L10_27_2 CH10 CH27 1.678028 9.587072 0. 0. 1 ;
LINE L11_28_1 CH11 CH28 1.113324 10.536868 0. 0. 1 ;
LINE L11_28_2 CH11 CH28 1.113324 10.536868 0. 0. 1 ;
LINE L11_29_1 CH11 CH29 2.815800 26.649020 0. 0. 1 ;
LINE L11_29_2 CH11 CH29 2.815800 26.649020 0. 0. 1 ;
TRANSFO T11_30_1 CH11 CH30 0.138500 3.808800 0. 0. 100. 0. 100.0 1 ;
LINE L12_31_1 CH12 CH31 0.937024 5.353524 0. 0. 1 ;
LINE L12_31_2 CH12 CH31 0.937024 5.353524 0. 0. 1 ;
LINE L12_32_1 CH12 CH32 0.604032 3.450436 0. 0. 1 ;
LINE L12_32_2 CH12 CH32 0.604032 3.450436 0. 0. 1 ;
LINE L13_33_1 CH13 CH33 2.449024 23.181976 0. 0. 1 ;
LINE L13_33_2 CH13 CH33 2.449024 23.181976 0. 0. 1 ;
TRANSFO T13_34_1 CH13 CH34 0.138500 3.808800 0. 0. 100. 0. 100.0 1 ;
LINE L14_35_1 CH14 FR35 0.984808 9.315244 0. 0. 1 ;
LINE L14_36_1 CH14 FR36 1.354472 12.818388 0. 0. 1 ;
LINE L14_37_1 CH14 CH37 0.527060 4.990464 0. 0. 1 ;
LINE L14_37_2 CH14 CH37 0.527060 4.990464 0. 0. 1 ;
LINE L15_38_1 CH15 CH38 0.353780 3.351524 0. 0. 1 ;
LINE L15_38_2 CH15 CH38 0.353780 3.351524 0. 0. 1 ;
LINE L16_39_1 CH16 CH39 1.445444 13.677568 0. 0. 1 ;
LINE L16_39_2 CH16 CH39 1.445444 13.677568 0. 0. 1 ;
LINE L16_40_1 CH16 CH40 0.723444 6.843116 0. 0. 1 ;
LINE L16_40_2 CH16 CH40 0.723444 6.843116 0. 0. 1 ;
LINE L16_41_1 CH16 CH41 0.594928 5.635932 0. 0. 1 ;
LINE L16_41_2 CH16 CH41 0.594928 5.635932 0. 0. 1 ;
LINE L16_41_3 CH16 CH41 0.594928 5.635932 0. 0. 1 ;
LINE L16_42_1 CH16 CH42 0.495292 4.681448 0. 0. 1 ;
LINE L16_42_2 CH16 CH42 0.495292 4.681448 0. 0. 1 ;
LINE L16_43_1 CH16 CH43 0.330676 3.127704 0. 0. 1 ;
LINE L16_43_2 CH16 CH43 0.330676 3.127704 0. 0. 1 ;
TRANSFO T16_44_1 CH16 CH44 0.138500 3.808800 0. 0. 100. 0. 100.0 1 ;
LINE L17_45_1 CH17 CH45 1.850816 10.574916 0. 0. 1 ;
LINE L18_19_1 CH18 DE19 0.509732 4.825848 0. 0. 1 ;
LINE L18_19_2 CH18 DE19 0.509732 4.825848 0. 0. 1 ;
LINE L19_46_1 DE19 FR46 0.417316 3.952228 0. 0. 1 ;
LINE L19_46_2 DE19 FR46 0.417316 3.952228 0. 0. 1 ;
LINE L21_47_1 DE21 FR47 0.922716 8.727536 0. 0. 1 ;
LINE L21_48_1 DE21 DE48 3.247556 30.739872 0. 0. 1 ;
LINE L21_48_2 DE21 DE48 3.247556 30.739872 0. 0. 1 ;
LINE L21_48_3 DE21 DE48 3.247556 30.739872 0. 0. 1 ;
TRANSFO T21_49_1 DE21 DE49 0.138500 3.808800 0. 0. 100. 0. 100.0 1 ;
LINE L22_50_1 DE22 DE50 0.539176 3.080660 0. 0. 1 ;
LINE L22_50_2 DE22 DE50 0.539176 3.080660 0. 0. 1 ;
LINE L23_51_1 DE23 DE51 0.368220 3.481484 0. 0. 1 ;
LINE L23_51_2 DE23 DE51 0.368220 3.481484 0. 0. 1 ;
LINE L23_52_1 DE23 DE52 1.238952 11.722392 0. 0. 1 ;
LINE L23_52_2 DE23 DE52 1.238952 11.722392 0. 0. 1 ;
LINE L24_26_1 DE24 DE26 0.484968 2.770900 0. 0. 1 ;
LINE L24_26_2 DE24 DE26 0.484968 2.770900 0. 0. 1 ;
LINE L24_49_1 DE24 DE49 3.880712 22.174944 0. 0. 1 ;
LINE L24_49_2 DE24 DE49 3.880712 22.174944 0. 0. 1 ;
LINE L24_53_1 DE24 DE53 3.974608 22.712184 0. 0. 1 ;
LINE L24_53_2 DE24 DE53 3.974608 22.712184 0. 0. 1 ;
LINE L25_54_1 DE25 DE54 1.098884 10.393912 0. 0. 1 ;
LINE L25_54_2 DE25 DE54 1.098884 10.393912 0. 0. 1 ;
LINE L25_55_1 DE25 DE55 1.532084 14.496316 0. 0. 1 ;
LINE L25_55_2 DE25 DE55 1.532084 14.496316 0. 0. 1 ;
LINE L27_56_1 CH27 CH56 1.522180 8.696996 0. 0. 1 ;
LINE L27_57_1 CH27 CH57 0.650496 3.717604 0. 0. 1 ;
LINE L27_57_2 CH27 CH57 0.650496 3.717604 0. 0. 1 ;
LINE L28_58_1 CH28 CH58 0.623808 5.898740 0. 0. 1 ;
LINE L28_58_2 CH28 CH58 0.623808 5.898740 0. 0. 1 ;
LINE L28_59_1 CH28 CH59 1.571072 14.864536 0. 0. 1 ;
LINE L28_59_2 CH28 CH59 1.571072 14.864536 0. 0. 1 ;
TRANSFO T28_60_1 CH28 CH60 0.138500 3.808800 0. 0. 100. 0. 100.0 1 ;
LINE L29_61_1 CH29 CH61 0.264252 2.505340 0. 0. 1 ;
LINE L29_61_2 CH29 CH61 0.264252 2.505340 0. 0. 1 ;
LINE L30_31_1 CH30 CH31 0.768108 4.388428 0. 0. 1 ;
LINE L30_31_2 CH30 CH31 0.768108 4.388428 0. 0. 1 ;
LINE L30_62_1 CH30 CH62 0.658724 3.765036 0. 0. 1 ;
LINE L30_62_2 CH30 CH62 0.658724 3.765036 0. 0. 1 ;
LINE L30_63_1 CH30 CH63 1.168376 6.675328 0. 0. 1 ;
LINE L30_63_2 CH30 CH63 1.168376 6.675328 0. 0. 1 ;
LINE L30_64_1 CH30 CH64 0.827640 4.729648 0. 0. 1 ;
LINE L30_64_2 CH30 CH64 0.827640 4.729648 0. 0. 1 ;
LINE L31_65_1 CH31 CH65 0.540628 3.088888 0. 0. 1 ;
LINE L32_56_1 CH32 CH56 0.664048 3.794076 0. 0. 1 ;
TRANSFO T32_66_1 CH32 CH66 0.138500 3.808800 0. 0. 100. 0. 100.0 1 ;
TRANSFO T33_67_1 CH33 CH67 0.138500 3.808800 0. 0. 100. 0. 100.0 1 ;
LINE L34_44_1 CH34 CH44 3.130512 17.889608 0. 0. 1 ;
LINE L34_44_2 CH34 CH44 3.130512 17.889608 0. 0. 1 ;
LINE L34_45_1 CH34 CH45 1.502336 8.583740 0. 0. 1 ;
LINE L34_45_2 CH34 CH45 1.502336 8.583740 0. 0. 1 ;
LINE L34_68_1 CH34 CH68 0.726968 4.155140 0. 0. 1 ;
LINE L34_68_2 CH34 CH68 0.726968 4.155140 0. 0. 1 ;
LINE L34_69_1 CH34 CH69 3.251512 18.579308 0. 0. 1 ;
LINE L34_69_2 CH34 CH69 3.251512 18.579308 0. 0. 1 ;
LINE L36_46_1 FR36 FR46 2.020156 19.118560 0. 0. 1 ;
LINE L36_70_1 FR36 FR70 1.885864 17.852172 0. 0. 1 ;
TRANSFO T36_71_1 FR36 FR71 0.138500 3.808800 0. 0. 100. 0. 100.0 1 ;
LINE L37_72_1 CH37 CH72 0.587708 5.559400 0. 0. 1 ;
LINE L37_72_2 CH37 CH72 0.587708 5.559400 0. 0. 1 ;
LINE L38_73_1 CH38 CH73 0.235372 2.223760 0. 0. 1 ;
LINE L38_73_2 CH38 CH73 0.235372 2.223760 0. 0. 1 ;
LINE L39_74_1 CH39 CH74 0.209380 1.984056 0. 0. 1 ;
LINE L39_74_2 CH39 CH74 0.209380 1.984056 0. 0. 1 ;
LINE L39_75_1 CH39 CH75 1.497428 14.171416 0. 0. 1 ;
LINE L40_74_1 CH40 CH74 0.778316 7.364400 0. 0. 1 ;
LINE L40_74_2 CH40 CH74 0.778316 7.364400 0. 0. 1 ;
LINE L41_76_1 CH41 CH76 0.314792 2.978972 0. 0. 1 ;
LINE L41_76_2 CH41 CH76 0.314792 2.978972 0. 0. 1 ;
LINE L41_76_3 CH41 CH76 0.314792 2.978972 0. 0. 1 ;
TRANSFO T42_77_1 CH42 CH77 0.138500 3.808800 0. 0. 100. 0. 100.0 1 ;
LINE L43_78_1 CH43 CH78 0.262808 2.489456 0. 0. 1 ;
LINE L43_78_2 CH43 CH78 0.262808 2.489456 0. 0. 1 ;
LINE L45_79_1 CH45 CH79 0.656788 3.753420 0. 0. 1 ;
LINE L46_47_1 FR46 FR47 0.807196 7.643092 0. 0. 1 ;
LINE L46_47_2 FR46 FR47 0.807196 7.643092 0. 0. 1 ;
TRANSFO T46_80_1 FR46 FR80 0.138500 3.808800 0. 0. 100. 0. 100.0 1 ;
LINE L47_81_1 FR47 FR81 1.204296 11.403268 0. 0. 1 ;
LINE L47_82_1 FR47 FR82 0.317680 3.004964 0. 0. 1 ;
LINE L47_83_1 FR47 FR83 0.665684 6.300172 0. 0. 1 ;
LINE L47_83_2 FR47 FR83 0.665684 6.300172 0. 0. 1 ;
TRANSFO T47_84_1 FR47 FR84 0.138500 3.808800 0. 0. 100. 0. 100.0 1 ;
LINE L48_85_1 DE48 DE85 1.405012 13.296352 0. 0. 1 ;
LINE L48_85_2 DE48 DE85 1.405012 13.296352 0. 0. 1 ;
LINE L48_85_3 DE48 DE85 1.405012 13.296352 0. 0. 1 ;
LINE L48_86_1 DE48 DE86 0.629584 5.952168 0. 0. 1 ;
LINE L48_86_2 DE48 DE86 0.629584 5.952168 0. 0. 1 ;
LINE L48_86_3 DE48 DE86 0.629584 5.952168 0. 0. 1 ;
LINE L48_87_1 DE48 DE87 0.205048 1.945068 0. 0. 1 ;
TRANSFO T48_88_1 DE48 DE88 0.138500 3.808800 0. 0. 100. 0. 100.0 1 ;
LINE L49_89_1 DE49 DE89 2.915132 16.657344 0. 0. 1 ;
LINE L49_89_2 DE49 DE89 2.915132 16.657344 0. 0. 1 ;
LINE L49_90_1 DE49 FR90 1.202740 6.873284 0. 0. 1 ;
LINE L52_91_1 DE52 DE91 0.905388 8.565808 0. 0. 1 ;
LINE L52_91_2 DE52 DE91 0.905388 8.565808 0. 0. 1 ;
LINE L53_92_1 DE53 DE92 0.425436 2.430164 0. 0. 1 ;
LINE L53_92_2 DE53 DE92 0.425436 2.430164 0. 0. 1 ;
LINE L53_93_1 DE53 DE93 0.415756 2.376440 0. 0. 1 ;
LINE L53_93_2 DE53 DE93 0.415756 2.376440 0. 0. 1 ;
LINE L54_94_1 DE54 DE94 0.329232 3.110376 0. 0. 1 ;
LINE L54_94_2 DE54 DE94 0.329232 3.110376 0. 0. 1 ;
LINE L55_95_1 DE55 DE95 0.160284 1.510424 0. 0. 1 ;
LINE L55_96_1 DE55 DE96 1.716916 16.246444 0. 0. 1 ;
LINE L55_96_2 DE55 DE96 1.716916 16.246444 0. 0. 1 ;
LINE L57_68_1 CH57 CH68 1.194512 6.826820 0. 0. 1 ;
LINE L57_68_2 CH57 CH68 1.194512 6.826820 0. 0. 1 ;
LINE L58_97_1 CH58 AT97 0.967480 9.154960 0. 0. 1 ;
LINE L58_97_2 CH58 AT97 0.967480 9.154960 0. 0. 1 ;
LINE L58_98_1 CH58 CH98 0.457748 4.324780 0. 0. 1 ;
LINE L58_98_2 CH58 CH98 0.457748 4.324780 0. 0. 1 ;
TRANSFO T58_99_1 CH58 CH99 0.138500 3.808800 0. 0. 100. 0. 100.0 1 ;
LINE L59_100_1 CH59 CH100 0.369664 3.495924 0. 0. 1 ;
LINE L59_100_2 CH59 CH100 0.369664 3.495924 0. 0. 1 ;
LINE L59_101_1 CH59 CH101 0.615144 5.823652 0. 0. 1 ;
LINE L59_101_2 CH59 CH101 0.615144 5.823652 0. 0. 1 ;
LINE L60_63_1 CH60 CH63 1.486364 8.493232 0. 0. 1 ;
LINE L60_63_2 CH60 CH63 1.486364 8.493232 0. 0. 1 ;
LINE L60_102_1 CH60 CH102 1.400212 8.001004 0. 0. 1 ;
LINE L60_102_2 CH60 CH102 1.400212 8.001004 0. 0. 1 ;
LINE L60_103_1 CH60 CH103 1.702228 9.726948 0. 0. 1 ;
LINE L60_103_2 CH60 CH103 1.702228 9.726948 0. 0. 1 ;
LINE L61_100_1 CH61 CH100 0.436088 4.132728 0. 0. 1 ;
LINE L61_100_2 CH61 CH100 0.436088 4.132728 0. 0. 1 ;
LINE L61_104_1 CH61 CH104 0.428868 4.059084 0. 0. 1 ;
LINE L61_104_2 CH61 CH104 0.428868 4.059084 0. 0. 1 ;
LINE L61_105_1 CH61 CH105 0.555940 5.261936 0. 0. 1 ;
LINE L61_105_2 CH61 CH105 0.555940 5.261936 0. 0. 1 ;
TRANSFO T61_106_1 CH61 CH106 0.138500 3.808800 0. 0. 100. 0. 100.0 1 ;
LINE L62_107_1 CH62 CH107 1.058992 6.051452 0. 0. 1 ;
LINE L62_107_2 CH62 CH107 1.058992 6.051452 0. 0. 1 ;
LINE L64_108_1 CH64 CH108 0.695508 3.973156 0. 0. 1 ;
LINE L64_108_2 CH64 CH108 0.695508 3.973156 0. 0. 1 ;
LINE L66_109_1 CH66 CH109 0.236816 2.238200 0. 0. 1 ;
LINE L66_109_2 CH66 CH109 0.236816 2.238200 0. 0. 1 ;
LINE L67_110_1 CH67 CH110 1.522180 8.696512 0. 0. 1 ;
LINE L67_110_2 CH67 CH110 1.522180 8.696512 0. 0. 1 ;
LINE L67_111_1 CH67 CH111 1.331000 7.605092 0. 0. 1 ;
LINE L67_111_2 CH67 CH111 1.331000 7.605092 0. 0. 1 ;
LINE L67_112_1 CH67 CH112 1.000912 5.718944 0. 0. 1 ;
LINE L67_112_2 CH67 CH112 1.000912 5.718944 0. 0. 1 ;
LINE L68_113_1 CH68 CH113 1.646568 9.408476 0. 0. 1 ;
LINE L68_113_2 CH68 CH113 1.646568 9.408476 0. 0. 1 ;
LINE L69_114_1 CH69 CH114 1.120460 6.401384 0. 0. 1 ;
LINE L69_114_2 CH69 CH114 1.120460 6.401384 0. 0. 1 ;
LINE L69_114_3 CH69 CH114 1.120460 6.401384 0. 0. 1 ;
LINE L69_114_4 CH69 CH114 1.120460 6.401384 0. 0. 1 ;
LINE L69_115_1 CH69 CH115 0.929764 5.311900 0. 0. 1 ;
LINE L69_115_2 CH69 CH115 0.929764 5.311900 0. 0. 1 ;
LINE L69_116_1 CH69 CH116 2.655708 15.174852 0. 0. 1 ;
LINE L69_116_2 CH69 CH116 2.655708 15.174852 0. 0. 1 ;
LINE L70_117_1 FR70 FR117 2.739268 25.921244 0. 0. 1 ;
TRANSFO T70_118_1 FR70 FR118 0.138500 3.808800 0. 0. 100. 0. 100.0 1 ;
LINE L71_119_1 FR71 FR119 1.469424 8.395464 0. 0. 1 ;
LINE L71_120_1 FR71 FR120 0.663564 3.790204 0. 0. 1 ;
LINE L71_121_1 FR71 FR121 5.401440 30.865648 0. 0. 1 ;
LINE L71_122_1 FR71 FR122 3.001768 17.153928 0. 0. 1 ;
LINE L71_122_2 FR71 FR122 3.001768 17.153928 0. 0. 1 ;
TRANSFO T72_113_1 CH72 CH113 0.138500 3.808800 0. 0. 100. 0. 100.0 1 ;
LINE L72_123_1 CH72 CH123 0.147288 1.390572 0. 0. 1 ;
LINE L72_123_2 CH72 CH123 0.147288 1.390572 0. 0. 1 ;
LINE L74_124_1 CH74 CH124 0.869288 8.230800 0. 0. 1 ;
TRANSFO T74_125_1 CH74 CH125 0.138500 3.808800 0. 0. 100. 0. 100.0 1 ;
LINE L75_124_1 CH75 CH124 0.508288 4.815740 0. 0. 1 ;
LINE L75_126_1 CH75 CH126 0.532836 5.039560 0. 0. 1 ;
LINE L75_126_2 CH75 CH126 0.532836 5.039560 0. 0. 1 ;
TRANSFO T75_127_1 CH75 CH127 0.138500 3.808800 0. 0. 100. 0. 100.0 1 ;
LINE L76_128_1 CH76 CH128 0.301796 2.851900 0. 0. 1 ;
LINE L76_128_2 CH76 CH128 0.301796 2.851900 0. 0. 1 ;
TRANSFO T76_129_1 CH76 CH129 0.138500 3.808800 0. 0. 100. 0. 100.0 1 ;
LINE L77_130_1 CH77 CH130 0.738100 4.218544 0. 0. 1 ;
LINE L77_130_2 CH77 CH130 0.738100 4.218544 0. 0. 1 ;
LINE L80_131_1 FR80 FR131 0.049368 0.282172 0. 0. 1 ;
LINE L80_132_1 FR80 FR132 1.043020 5.960460 0. 0. 1 ;
LINE L80_132_2 FR80 FR132 1.043020 5.960460 0. 0. 1 ;
LINE L80_133_1 FR80 FR133 1.097712 6.273608 0. 0. 1 ;
LINE L80_134_1 FR80 FR134 1.365848 7.803532 0. 0. 1 ;
LINE L80_134_2 FR80 FR134 1.365848 7.803532 0. 0. 1 ;
LINE L81_135_1 FR81 FR135 2.372492 22.448424 0. 0. 1 ;
LINE L81_136_1 FR81 FR136 0.366776 3.471376 0. 0. 1 ;
LINE L81_136_2 FR81 FR136 0.366776 3.471376 0. 0. 1 ;
LINE L83_137_1 FR83 FR137 2.288740 21.664332 0. 0. 1 ;
LINE L83_137_2 FR83 FR137 2.288740 21.664332 0. 0. 1 ;
TRANSFO T83_138_1 FR83 FR138 0.138500 3.808800 0. 0. 100. 0. 100.0 1 ;
LINE L84_132_1 FR84 FR132 0.763752 4.365196 0. 0. 1 ;
LINE L84_132_2 FR84 FR132 0.763752 4.365196 0. 0. 1 ;
LINE L85_139_1 DE85 DE139 0.399988 3.784724 0. 0. 1 ;
LINE L85_139_2 DE85 DE139 0.399988 3.784724 0. 0. 1 ;
LINE L85_139_3 DE85 DE139 0.399988 3.784724 0. 0. 1 ;
LINE L86_140_1 DE86 DE140 0.594928 5.630156 0. 0. 1 ;
LINE L86_140_2 DE86 DE140 0.594928 5.630156 0. 0. 1 ;
LINE L86_140_3 DE86 DE140 0.594928 5.630156 0. 0. 1 ;
LINE L86_141_1 DE86 DE141 0.490960 4.643904 0. 0. 1 ;
LINE L86_141_2 DE86 DE141 0.490960 4.643904 0. 0. 1 ;
LINE L86_141_3 DE86 DE141 0.490960 4.643904 0. 0. 1 ;
LINE L88_142_1 DE88 DE142 2.222528 12.700644 0. 0. 1 ;
LINE L88_142_2 DE88 DE142 2.222528 12.700644 0. 0. 1 ;
LINE L88_143_1 DE88 DE143 1.233716 7.048492 0. 0. 1 ;
LINE L88_143_2 DE88 DE143 1.233716 7.048492 0. 0. 1 ;
LINE L88_144_1 DE88 DE144 1.764180 10.079784 0. 0. 1 ;
LINE L88_144_2 DE88 DE144 1.764180 10.079784 0. 0. 1 ;
LINE L89_145_1 DE89 DE145 1.169344 6.682104 0. 0. 1 ;
LINE L89_145_2 DE89 DE145 1.169344 6.682104 0. 0. 1 ;
LINE L90_138_1 FR90 FR138 1.245816 7.119640 0. 0. 1 ;
LINE L90_146_1 FR90 FR146 0.921052 5.263016 0. 0. 1 ;
LINE L90_147_1 FR90 FR147 1.126752 6.437200 0. 0. 1 ;
LINE L90_147_2 FR90 FR147 1.126752 6.437200 0. 0. 1 ;
LINE L90_148_1 FR90 FR148 1.997468 11.415140 0. 0. 1 ;
LINE L90_148_2 FR90 FR148 1.997468 11.415140 0. 0. 1 ;
LINE L91_96_1 DE91 DE96 1.403568 13.284800 0. 0. 1 ;
LINE L91_96_2 DE91 DE96 1.403568 13.284800 0. 0. 1 ;
LINE L91_96_3 DE91 DE96 1.403568 13.284800 0. 0. 1 ;
LINE L94_149_1 DE94 DE149 0.151620 1.439668 0. 0. 1 ;
LINE L94_150_1 DE94 AT150 1.605728 15.200988 0. 0. 1 ;
LINE L94_150_2 DE94 AT150 1.605728 15.200988 0. 0. 1 ;
LINE L95_151_1 DE95 DE151 0.381216 3.602780 0. 0. 1 ;
LINE L96_141_1 DE96 DE141 1.846876 17.483952 0. 0. 1 ;
LINE L96_141_2 DE96 DE141 1.846876 17.483952 0. 0. 1 ;
LINE L96_152_1 DE96 DE152 2.050480 19.410248 0. 0. 1 ;
LINE L96_152_2 DE96 DE152 2.050480 19.410248 0. 0. 1 ;
TRANSFO T96_153_1 DE96 DE153 0.138500 3.808800 0. 0. 100. 0. 100.0 1 ;
LINE L97_150_1 AT97 AT150 0.579044 5.484312 0. 0. 1 ;
LINE L97_150_2 AT97 AT150 0.579044 5.484312 0. 0. 1 ;
LINE L97_154_1 AT97 AT154 0.467856 4.422972 0. 0. 1 ;
LINE L97_154_2 AT97 AT154 0.467856 4.422972 0. 0. 1 ;
LINE L98_155_1 CH98 CH155 0.268584 2.539996 0. 0. 1 ;
LINE L98_155_2 CH98 CH155 0.268584 2.539996 0. 0. 1 ;
LINE L99_156_1 CH99 CH156 1.541540 8.809768 0. 0. 1 ;
LINE L99_156_2 CH99 CH156 1.541540 8.809768 0. 0. 1 ;
TRANSFO T102_128_1 CH102 CH128 0.138500 3.808800 0. 0. 100. 0. 100.0 1 ;
LINE L102_129_1 CH102 CH129 0.678084 3.874420 0. 0. 1 ;
LINE L102_129_2 CH102 CH129 0.678084 3.874420 0. 0. 1 ;
TRANSFO T103_157_1 CH103 CH157 0.138500 3.808800 0. 0. 100. 0. 100.0 1 ;
LINE L104_158_1 CH104 CH158 1.595620 15.105684 0. 0. 1 ;
LINE L104_159_1 CH104 CH159 0.496736 4.703108 0. 0. 1 ;
LINE L104_159_2 CH104 CH159 0.496736 4.703108 0. 0. 1 ;
LINE L104_160_1 CH104 CH160 0.518396 4.911044 0. 0. 1 ;
LINE L104_160_2 CH104 CH160 0.518396 4.911044 0. 0. 1 ;
LINE L104_161_1 CH104 CH161 2.590536 24.510456 0. 0. 1 ;
LINE L104_161_2 CH104 CH161 2.590536 24.510456 0. 0. 1 ;
TRANSFO T104_162_1 CH104 CH162 0.138500 3.808800 0. 0. 100. 0. 100.0 1 ;
TRANSFO T105_163_1 CH105 CH163 0.138500 3.808800 0. 0. 100. 0. 100.0 1 ;
LINE L106_164_1 CH106 CH164 0.556600 3.179396 0. 0. 1 ;
LINE L106_164_2 CH106 CH164 0.556600 3.179396 0. 0. 1 ;
LINE L107_156_1 CH107 CH156 0.732776 4.187084 0. 0. 1 ;
LINE L107_156_2 CH107 CH156 0.732776 4.187084 0. 0. 1 ;
TRANSFO T109_130_1 CH109 CH130 0.138500 3.808800 0. 0. 100. 0. 100.0 1 ;
LINE L110_111_1 CH110 CH111 0.691152 3.947988 0. 0. 1 ;
LINE L110_111_2 CH110 CH111 0.691152 3.947988 0. 0. 1 ;
LINE L110_165_1 CH110 CH165 0.822800 4.700608 0. 0. 1 ;
LINE L111_166_1 CH111 CH166 0.533368 3.046780 0. 0. 1 ;
LINE L111_166_2 CH111 CH166 0.533368 3.046780 0. 0. 1 ;
LINE L112_167_1 CH112 CH167 1.837748 10.502316 0. 0. 1 ;
LINE L112_167_2 CH112 CH167 1.837748 10.502316 0. 0. 1 ;
TRANSFO T112_168_1 CH112 CH168 0.138500 3.808800 0. 0. 100. 0. 100.0 1 ;
LINE L112_169_1 CH112 CH169 1.293732 7.392132 0. 0. 1 ;
LINE L112_169_2 CH112 CH169 1.293732 7.392132 0. 0. 1 ;
LINE L112_170_1 CH112 CH170 1.390532 7.944376 0. 0. 1 ;
LINE L112_170_2 CH112 CH170 1.390532 7.944376 0. 0. 1 ;
LINE L113_167_1 CH113 CH167 3.505612 20.031792 0. 0. 1 ;
LINE L113_167_2 CH113 CH167 3.505612 20.031792 0. 0. 1 ;
LINE L113_171_1 CH113 CH171 1.896796 10.838696 0. 0. 1 ;
LINE L113_171_2 CH113 CH171 1.896796 10.838696 0. 0. 1 ;
LINE L114_172_1 CH114 CH172 0.688248 3.932016 0. 0. 1 ;
LINE L114_172_2 CH114 CH172 0.688248 3.932016 0. 0. 1 ;
LINE L114_173_1 CH114 CH173 0.566764 3.237476 0. 0. 1 ;
LINE L114_173_2 CH114 CH173 0.566764 3.237476 0. 0. 1 ;
LINE L115_174_1 CH115 CH174 1.788380 10.219660 0. 0. 1 ;
LINE L115_174_2 CH115 CH174 1.788380 10.219660 0. 0. 1 ;
LINE L116_175_1 CH116 CH175 0.821832 4.695284 0. 0. 1 ;
LINE L116_175_2 CH116 CH175 0.821832 4.695284 0. 0. 1 ;
LINE L117_176_1 FR117 FR176 1.194188 11.303632 0. 0. 1 ;
LINE L117_177_1 FR117 FR177 4.747872 44.935836 0. 0. 1 ;
LINE L117_177_2 FR117 FR177 4.656900 44.079544 0. 0. 1 ;
LINE L117_177_3 FR117 FR177 4.656900 44.079544 0. 0. 1 ;
LINE L117_178_1 FR117 FR178 1.301044 12.318764 0. 0. 1 ;
LINE L117_178_2 FR117 FR178 1.301044 12.318764 0. 0. 1 ;
LINE L117_179_1 FR117 FR179 0.657020 6.214976 0. 0. 1 ;
LINE L117_180_1 FR117 FR180 1.270720 12.019856 0. 0. 1 ;
LINE L117_180_2 FR117 FR180 1.270720 12.019856 0. 0. 1 ;
TRANSFO T117_181_1 FR117 FR181 0.138500 3.808800 0. 0. 100. 0. 100.0 1 ;
LINE L118_182_1 FR118 FR182 1.191124 6.806492 0. 0. 1 ;
LINE L119_120_1 FR119 FR120 0.589512 3.367188 0. 0. 1 ;
LINE L119_133_1 FR119 FR133 2.131052 12.177924 0. 0. 1 ;
LINE L119_183_1 FR119 FR183 0.413336 2.361920 0. 0. 1 ;
LINE L119_184_1 FR119 FR184 2.943204 16.818032 0. 0. 1 ;
LINE L122_182_1 FR122 FR182 3.535136 20.199256 0. 0. 1 ;
LINE L122_185_1 FR122 FR185 0.938476 5.361752 0. 0. 1 ;
LINE L122_185_2 FR122 FR185 0.938476 5.361752 0. 0. 1 ;
LINE L123_186_1 CH123 CH186 0.164616 1.556632 0. 0. 1 ;
LINE L123_186_2 CH123 CH186 0.164616 1.556632 0. 0. 1 ;
LINE L124_187_1 CH124 CH187 0.306128 2.893776 0. 0. 1 ;
LINE L124_187_2 CH124 CH187 0.306128 2.893776 0. 0. 1 ;
LINE L125_188_1 CH125 CH188 1.250656 7.147712 0. 0. 1 ;
LINE L126_189_1 CH126 CH189 0.105412 0.994916 0. 0. 1 ;
LINE L126_189_2 CH126 CH189 0.105412 0.994916 0. 0. 1 ;
LINE L127_190_1 CH127 CH190 0.705672 4.033172 0. 0. 1 ;
LINE L128_161_1 CH128 CH161 0.376884 3.560904 0. 0. 1 ;
LINE L128_161_2 CH128 CH161 0.376884 3.560904 0. 0. 1 ;
LINE L130_191_1 CH130 CH191 0.936540 5.352556 0. 0. 1 ;
LINE L130_191_2 CH130 CH191 0.936540 5.352556 0. 0. 1 ;
LINE L131_183_1 FR131 FR183 3.098084 17.702784 0. 0. 1 ;
LINE L132_192_1 FR132 FR192 0.626780 3.581116 0. 0. 1 ;
LINE L134_192_1 FR134 FR192 0.626780 3.582084 0. 0. 1 ;
LINE L134_193_1 FR134 FR193 0.669856 3.826988 0. 0. 1 ;
LINE L135_194_1 FR135 FR194 0.736440 6.962968 0. 0. 1 ;
TRANSFO T136_148_1 FR136 FR148 0.138500 3.808800 0. 0. 100. 0. 100.0 1 ;
LINE L136_195_1 FR136 FR195 0.792756 7.500136 0. 0. 1 ;
LINE L136_195_2 FR136 FR195 0.792756 7.500136 0. 0. 1 ;
LINE L137_196_1 FR137 FR196 0.658464 6.238080 0. 0. 1 ;
LINE L137_196_2 FR137 FR196 0.658464 6.238080 0. 0. 1 ;
TRANSFO T137_197_1 FR137 FR197 0.138500 3.808800 0. 0. 100. 0. 100.0 1 ;
LINE L138_146_1 FR138 FR146 0.573540 3.278132 0. 0. 1 ;
LINE L138_198_1 FR138 FR198 0.738584 4.221448 0. 0. 1 ;
LINE L139_199_1 DE139 DE199 0.446196 4.216480 0. 0. 1 ;
LINE L139_199_2 DE139 DE199 0.446196 4.216480 0. 0. 1 ;
LINE L139_199_3 DE139 DE199 0.446196 4.216480 0. 0. 1 ;
LINE L139_200_1 DE139 DE200 1.474324 13.956260 0. 0. 1 ;
LINE L139_200_2 DE139 DE200 1.474324 13.956260 0. 0. 1 ;
LINE L139_200_3 DE139 DE200 1.474324 13.956260 0. 0. 1 ;
LINE L140_201_1 DE140 DE201 0.320568 3.032400 0. 0. 1 ;
LINE L140_201_2 DE140 DE201 0.320568 3.032400 0. 0. 1 ;
LINE L140_202_1 DE140 DE202 1.358804 12.863152 0. 0. 1 ;
LINE L140_202_2 DE140 DE202 1.358804 12.863152 0. 0. 1 ;
LINE L140_202_3 DE140 DE202 1.358804 12.863152 0. 0. 1 ;
LINE L141_203_1 DE141 DE203 0.688788 6.519660 0. 0. 1 ;
LINE L141_203_2 DE141 DE203 0.688788 6.519660 0. 0. 1 ;
LINE L141_203_3 DE141 DE203 0.688788 6.519660 0. 0. 1 ;
LINE L141_204_1 DE141 DE204 0.466412 4.417196 0. 0. 1 ;
LINE L141_204_2 DE141 DE204 0.466412 4.417196 0. 0. 1 ;
LINE L141_205_1 DE141 DE205 0.288800 2.737824 0. 0. 1 ;
LINE L142_206_1 DE142 DE206 0.760364 4.344384 0. 0. 1 ;
LINE L142_206_2 DE142 DE206 0.760364 4.344384 0. 0. 1 ;
LINE L143_207_1 DE143 DE207 0.729388 4.168208 0. 0. 1 ;
LINE L143_207_2 DE143 DE207 0.729388 4.168208 0. 0. 1 ;
LINE L143_208_1 DE143 DE208 0.590480 3.372996 0. 0. 1 ;
LINE L143_208_2 DE143 DE208 0.590480 3.372996 0. 0. 1 ;
LINE L144_145_1 DE144 DE145 1.331484 7.608480 0. 0. 1 ;
LINE L144_145_2 DE144 DE145 1.331484 7.608480 0. 0. 1 ;
LINE L146_209_1 FR146 FR209 0.619520 3.540460 0. 0. 1 ;
LINE L146_209_2 FR146 FR209 0.619520 3.540460 0. 0. 1 ;
LINE L148_210_1 FR148 FR210 1.470876 8.403692 0. 0. 1 ;
LINE L148_210_2 FR148 FR210 1.470876 8.403692 0. 0. 1 ;
LINE L149_211_1 DE149 DE211 0.147288 1.397792 0. 0. 1 ;
LINE L150_211_1 AT150 DE211 1.636052 15.486900 0. 0. 1 ;
LINE L150_211_2 AT150 DE211 1.636052 15.486900 0. 0. 1 ;
LINE L150_212_1 AT150 AT212 1.696700 16.063056 0. 0. 1 ;
LINE L150_212_2 AT150 AT212 1.696700 16.063056 0. 0. 1 ;
TRANSFO T150_213_1 AT150 AT213 0.138500 3.808800 0. 0. 100. 0. 100.0 1 ;
LINE L151_214_1 DE151 DE214 0.043320 0.411540 0. 0. 1 ;
LINE L151_214_2 DE151 DE214 0.043320 0.411540 0. 0. 1 ;
LINE L151_215_1 DE151 DE215 0.207936 1.960952 0. 0. 1 ;
LINE L151_215_2 DE151 DE215 0.207936 1.960952 0. 0. 1 ;
LINE L152_216_1 DE152 DE216 0.756656 7.159352 0. 0. 1 ;
LINE L152_216_2 DE152 DE216 0.756656 7.159352 0. 0. 1 ;
LINE L153_217_1 DE153 DE217 1.779184 10.165936 0. 0. 1 ;
LINE L153_217_2 DE153 DE217 1.779184 10.165936 0. 0. 1 ;
LINE L153_217_3 DE153 DE217 1.779184 10.165936 0. 0. 1 ;
LINE L153_217_4 DE153 DE217 1.779184 10.165936 0. 0. 1 ;
LINE L153_218_1 DE153 DE218 0.967032 5.525344 0. 0. 1 ;
LINE L153_218_2 DE153 DE218 0.967032 5.525344 0. 0. 1 ;
TRANSFO T155_219_1 CH155 CH219 0.138500 3.808800 0. 0. 100. 0. 100.0 1 ;
LINE L157_220_1 CH157 CH220 0.348004 3.296652 0. 0. 1 ;
LINE L157_220_2 CH157 CH220 0.348004 3.296652 0. 0. 1 ;
LINE L158_221_1 CH158 IT221 1.146536 10.851660 0. 0. 1 ;
TRANSFO T159_222_1 CH159 CH222 0.138500 3.808800 0. 0. 100. 0. 100.0 1 ;
LINE L160_223_1 CH160 CH223 0.579044 5.474204 0. 0. 1 ;
LINE L160_223_2 CH160 CH223 0.579044 5.474204 0. 0. 1 ;
LINE L161_224_1 CH161 CH224 0.856292 8.106616 0. 0. 1 ;
LINE L161_224_2 CH161 CH224 0.856292 8.106616 0. 0. 1 ;
LINE L162_225_1 CH162 CH225 0.842644 4.814832 0. 0. 1 ;
LINE L162_225_2 CH162 CH225 0.842644 4.814832 0. 0. 1 ;
LINE L163_219_1 CH163 CH219 3.155680 18.031420 0. 0. 1 ;
LINE L163_219_2 CH163 CH219 3.155680 18.031420 0. 0. 1 ;
LINE L166_226_1 CH166 CH226 0.689216 3.938308 0. 0. 1 ;
LINE L166_226_2 CH166 CH226 0.689216 3.938308 0. 0. 1 ;
LINE L168_227_1 CH168 CH227 0.563160 5.328360 0. 0. 1 ;
LINE L168_227_2 CH168 CH227 0.563160 5.328360 0. 0. 1 ;
TRANSFO T169_227_1 CH169 CH227 0.138500 3.808800 0. 0. 100. 0. 100.0 1 ;
LINE L169_228_1 CH169 CH228 1.121428 6.407192 0. 0. 1 ;
LINE L169_228_2 CH169 CH228 1.121428 6.407192 0. 0. 1 ;
LINE L169_229_1 CH169 CH229 0.724064 4.136748 0. 0. 1 ;
LINE L169_229_2 CH169 CH229 0.724064 4.136748 0. 0. 1 ;
LINE L169_230_1 CH169 CH230 2.241404 12.807124 0. 0. 1 ;
LINE L169_230_2 CH169 CH230 2.241404 12.807124 0. 0. 1 ;
LINE L171_231_1 CH171 CH231 1.238556 7.078500 0. 0. 1 ;
LINE L171_231_2 CH171 CH231 1.238556 7.078500 0. 0. 1 ;
LINE L172_232_1 CH172 CH232 1.019304 5.823972 0. 0. 1 ;
LINE L172_232_2 CH172 CH232 1.019304 5.823972 0. 0. 1 ;
LINE L172_233_1 CH172 CH233 1.377948 7.874196 0. 0. 1 ;
LINE L172_233_2 CH172 CH233 1.377948 7.874196 0. 0. 1 ;
LINE L176_234_1 FR176 FR234 0.662796 6.272736 0. 0. 1 ;
LINE L177_235_1 FR177 FR235 1.490208 14.102104 0. 0. 1 ;
LINE L177_235_2 FR177 FR235 1.490208 14.102104 0. 0. 1 ;
LINE L177_236_1 FR177 FR236 4.264132 40.358356 0. 0. 1 ;
LINE L177_236_2 FR177 FR236 4.264132 40.358356 0. 0. 1 ;
LINE L177_237_1 FR177 FR237 3.445384 32.604076 0. 0. 1 ;
LINE L177_238_1 FR177 FR238 2.633856 24.930660 0. 0. 1 ;
LINE L177_239_1 FR177 FR239 2.343612 22.178396 0. 0. 1 ;
TRANSFO T177_240_1 FR177 FR240 0.138500 3.808800 0. 0. 100. 0. 100.0 1 ;
LINE L178_241_1 FR178 FR241 1.614392 15.284740 0. 0. 1 ;
LINE L178_241_2 FR178 FR241 1.614392 15.284740 0. 0. 1 ;
LINE L178_242_1 FR178 FR242 0.437532 4.134172 0. 0. 1 ;
LINE L178_242_2 FR178 FR242 0.437532 4.134172 0. 0. 1 ;
LINE L179_243_1 FR179 CH243 0.287356 2.717608 0. 0. 1 ;
LINE L179_243_2 FR179 CH243 0.287356 2.717608 0. 0. 1 ;
LINE L179_244_1 FR179 CH244 1.373244 12.998888 0. 0. 1 ;
LINE L179_244_2 FR179 CH244 1.373244 12.998888 0. 0. 1 ;
LINE L179_245_1 FR179 FR245 0.231040 2.184772 0. 0. 1 ;
TRANSFO T180_246_1 FR180 FR246 0.138500 3.808800 0. 0. 100. 0. 100.0 1 ;
LINE L181_182_1 FR181 FR182 5.135240 29.343468 0. 0. 1 ;
LINE L181_247_1 FR181 CH247 1.344552 7.683016 0. 0. 1 ;
LINE L181_247_2 FR181 CH247 1.344552 7.683016 0. 0. 1 ;
LINE L181_248_1 FR181 FR248 4.168692 23.820060 0. 0. 1 ;
LINE L181_249_1 FR181 FR249 4.151268 23.720356 0. 0. 1 ;
LINE L181_250_1 FR181 FR250 1.548800 8.848972 0. 0. 1 ;
LINE L181_250_2 FR181 FR250 1.548800 8.848972 0. 0. 1 ;
LINE L181_251_1 FR181 FR251 1.240008 7.084308 0. 0. 1 ;
LINE L181_252_1 FR181 FR252 2.403060 13.732532 0. 0. 1 ;
LINE L181_253_1 FR181 FR253 1.345036 7.685920 0. 0. 1 ;
LINE L183_254_1 FR183 FR254 0.361064 2.062808 0. 0. 1 ;
LINE L184_255_1 FR184 FR255 4.444088 25.393544 0. 0. 1 ;
LINE L187_256_1 CH187 IT256 0.550164 5.212840 0. 0. 1 ;
LINE L187_256_2 CH187 IT256 0.550164 5.212840 0. 0. 1 ;
LINE L187_257_1 CH187 CH257 0.306128 2.902440 0. 0. 1 ;
LINE L187_257_2 CH187 CH257 0.306128 2.902440 0. 0. 1 ;
LINE L189_258_1 CH189 CH258 0.223820 2.114016 0. 0. 1 ;
LINE L189_258_2 CH189 CH258 0.223820 2.114016 0. 0. 1 ;
LINE L190_233_1 CH190 CH233 0.678568 3.877324 0. 0. 1 ;
LINE L190_259_1 CH190 CH259 0.597256 3.414136 0. 0. 1 ;
LINE L190_260_1 CH190 CH260 0.635492 3.630484 0. 0. 1 ;
LINE L191_261_1 CH191 CH261 0.558536 3.190528 0. 0. 1 ;
LINE L191_261_2 CH191 CH261 0.558536 3.190528 0. 0. 1 ;
LINE L194_196_1 FR194 FR196 1.484432 14.042900 0. 0. 1 ;
LINE L194_196_2 FR194 FR196 1.484432 14.042900 0. 0. 1 ;
LINE L194_262_1 FR194 FR262 1.431004 13.540388 0. 0. 1 ;
LINE L194_262_2 FR194 FR262 1.431004 13.540388 0. 0. 1 ;
LINE L194_262_3 FR194 FR262 1.290936 12.223460 0. 0. 1 ;
LINE L194_262_4 FR194 FR262 1.290936 12.223460 0. 0. 1 ;
LINE L194_263_1 FR194 FR263 2.414368 22.845524 0. 0. 1 ;
TRANSFO T194_264_1 FR194 FR264 0.138500 3.808800 0. 0. 100. 0. 100.0 1 ;
LINE L195_265_1 FR195 FR265 0.901056 8.522488 0. 0. 1 ;
TRANSFO T195_266_1 FR195 FR266 0.138500 3.808800 0. 0. 100. 0. 100.0 1 ;
LINE L196_236_1 FR196 FR236 4.583256 43.377760 0. 0. 1 ;
LINE L196_236_2 FR196 FR236 4.583256 43.377760 0. 0. 1 ;
LINE L196_267_1 FR196 FR267 0.349448 3.311092 0. 0. 1 ;
LINE L197_268_1 FR197 FR268 1.934064 11.051172 0. 0. 1 ;
LINE L197_269_1 FR197 FR269 0.758912 4.337124 0. 0. 1 ;
LINE L197_270_1 FR197 FR270 2.488244 14.217500 0. 0. 1 ;
LINE L197_271_1 FR197 FR271 0.894432 5.110556 0. 0. 1 ;
LINE L197_271_2 FR197 FR271 0.894432 5.110556 0. 0. 1 ;
LINE L198_272_1 FR198 FR272 0.825704 4.718032 0. 0. 1 ;
LINE L199_273_1 DE199 DE273 0.316236 2.986192 0. 0. 1 ;
LINE L199_273_2 DE199 DE273 0.316236 2.986192 0. 0. 1 ;
LINE L199_273_3 DE199 DE273 0.316236 2.986192 0. 0. 1 ;
LINE L200_274_1 DE200 DE274 0.219488 2.077916 0. 0. 1 ;
LINE L200_274_2 DE200 DE274 0.219488 2.077916 0. 0. 1 ;
LINE L200_274_3 DE200 DE274 0.219488 2.077916 0. 0. 1 ;
LINE L200_275_1 DE200 DE275 0.837520 7.931892 0. 0. 1 ;
LINE L200_275_2 DE200 DE275 0.837520 7.931892 0. 0. 1 ;
TRANSFO T202_218_1 DE202 DE218 0.138500 3.808800 0. 0. 100. 0. 100.0 1 ;
LINE L202_276_1 DE202 DE276 1.171084 11.089920 0. 0. 1 ;
LINE L202_276_2 DE202 DE276 1.171084 11.089920 0. 0. 1 ;
LINE L203_277_1 DE203 DE277 0.189164 1.786228 0. 0. 1 ;
LINE L203_278_1 DE203 DE278 1.742908 16.493368 0. 0. 1 ;
LINE L204_273_1 DE204 DE273 0.794200 7.514576 0. 0. 1 ;
LINE L204_273_2 DE204 DE273 0.794200 7.514576 0. 0. 1 ;
LINE L206_279_1 DE206 DE279 3.385096 19.343060 0. 0. 1 ;
LINE L206_280_1 DE206 DE280 0.579832 3.312012 0. 0. 1 ;
LINE L206_280_2 DE206 DE280 0.579832 3.312012 0. 0. 1 ;
LINE L206_281_1 DE206 DE281 0.399784 2.285448 0. 0. 1 ;
LINE L206_281_2 DE206 DE281 0.399784 2.285448 0. 0. 1 ;
LINE L210_266_1 FR210 FR266 0.945736 5.402892 0. 0. 1 ;
LINE L210_282_1 FR210 FR282 0.827156 4.725776 0. 0. 1 ;
LINE L210_283_1 FR210 FR283 1.080772 6.175356 0. 0. 1 ;
LINE L210_284_1 FR210 FR284 2.208008 12.615944 0. 0. 1 ;
LINE L210_284_2 FR210 FR284 2.208008 12.615944 0. 0. 1 ;
LINE L210_285_1 FR210 FR285 0.626296 3.578212 0. 0. 1 ;
LINE L211_216_1 DE211 DE216 1.914744 18.120756 0. 0. 1 ;
LINE L211_216_2 DE211 DE216 1.914744 18.120756 0. 0. 1 ;
LINE L212_286_1 AT212 AT286 0.355224 3.363076 0. 0. 1 ;
LINE L212_286_2 AT212 AT286 0.355224 3.363076 0. 0. 1 ;
LINE L212_287_1 AT212 CH287 1.660600 15.720828 0. 0. 1 ;
LINE L212_287_2 AT212 CH287 1.660600 15.720828 0. 0. 1 ;
LINE L212_287_3 AT212 CH287 1.660600 15.720828 0. 0. 1 ;
LINE L213_288_1 AT213 AT288 1.592844 9.100168 0. 0. 1 ;
LINE L213_288_2 AT213 AT288 1.592844 9.100168 0. 0. 1 ;
LINE L213_289_1 AT213 AT289 0.440924 2.518252 0. 0. 1 ;
LINE L213_289_2 AT213 AT289 0.440924 2.518252 0. 0. 1 ;
LINE L214_290_1 DE214 DE290 0.594928 5.630156 0. 0. 1 ;
LINE L214_290_2 DE214 DE290 0.594928 5.630156 0. 0. 1 ;
LINE L215_291_1 DE215 DE291 0.206492 1.952288 0. 0. 1 ;
LINE L215_291_2 DE215 DE291 0.206492 1.952288 0. 0. 1 ;
LINE L216_292_1 DE216 DE292 0.469300 4.446076 0. 0. 1 ;
LINE L216_293_1 DE216 DE293 0.475076 4.498060 0. 0. 1 ;
LINE L216_293_2 DE216 DE293 0.475076 4.498060 0. 0. 1 ;
LINE L216_294_1 DE216 DE294 1.029572 9.745556 0. 0. 1 ;
LINE L216_294_2 DE216 DE294 1.029572 9.745556 0. 0. 1 ;
TRANSFO T217_295_1 DE217 DE295 0.138500 3.808800 0. 0. 100. 0. 100.0 1 ;
LINE L221_296_1 IT221 IT296 0.792756 7.501580 0. 0. 1 ;
LINE L222_297_1 CH222 CH297 0.580316 3.315400 0. 0. 1 ;
LINE L222_297_2 CH222 CH297 0.580316 3.315400 0. 0. 1 ;
LINE L223_298_1 CH223 CH298 0.841852 7.967992 0. 0. 1 ;
LINE L223_298_2 CH223 CH298 0.841852 7.967992 0. 0. 1 ;
LINE L223_299_1 CH223 CH299 0.681568 6.454680 0. 0. 1 ;
LINE L223_299_2 CH223 CH299 0.681568 6.454680 0. 0. 1 ;
TRANSFO T224_300_1 CH224 CH300 0.138500 3.808800 0. 0. 100. 0. 100.0 1 ;
LINE L225_301_1 CH225 CH301 0.525624 3.002736 0. 0. 1 ;
LINE L226_232_1 CH226 CH232 0.521268 2.979504 0. 0. 1 ;
LINE L226_232_2 CH226 CH232 0.521268 2.979504 0. 0. 1 ;
LINE L226_302_1 CH226 CH302 0.925892 5.290120 0. 0. 1 ;
LINE L227_303_1 CH227 CH303 0.490960 4.641016 0. 0. 1 ;
LINE L227_303_2 CH227 CH303 0.490960 4.641016 0. 0. 1 ;
LINE L229_304_1 CH229 CH304 0.405108 2.315456 0. 0. 1 ;
LINE L229_304_2 CH229 CH304 0.405108 2.315456 0. 0. 1 ;
LINE L229_305_1 CH229 CH305 0.722612 4.128520 0. 0. 1 ;
LINE L229_305_2 CH229 CH305 0.722612 4.128520 0. 0. 1 ;
LINE L230_306_1 CH230 IT306 0.988812 5.649248 0. 0. 1 ;
LINE L230_307_1 CH230 IT307 0.597256 3.411716 0. 0. 1 ;
LINE L231_308_1 CH231 CH308 1.872596 10.701240 0. 0. 1 ;
LINE L231_308_2 CH231 CH308 1.872596 10.701240 0. 0. 1 ;
LINE L233_309_1 CH233 CH309 0.316052 1.805804 0. 0. 1 ;
TRANSFO T234_248_1 FR234 FR248 0.138500 3.808800 0. 0. 100. 0. 100.0 1 ;
LINE L234_310_1 FR234 FR310 0.277248 2.617972 0. 0. 1 ;
LINE L234_311_1 FR234 IT311 4.245360 40.174968 0. 0. 1 ;
LINE L234_311_2 FR234 IT311 4.245360 40.174968 0. 0. 1 ;
LINE L234_312_1 FR234 FR312 0.684456 6.476340 0. 0. 1 ;
LINE L235_313_1 FR235 FR313 0.581932 5.510304 0. 0. 1 ;
LINE L235_313_2 FR235 FR313 0.581932 5.510304 0. 0. 1 ;
LINE L236_237_1 FR236 FR237 0.749436 7.088596 0. 0. 1 ;
LINE L236_314_1 FR236 FR314 2.308956 21.856384 0. 0. 1 ;
LINE L236_315_1 FR236 FR315 2.368160 22.416656 0. 0. 1 ;
LINE L236_316_1 FR236 FR316 2.294516 21.716316 0. 0. 1 ;
LINE L236_316_2 FR236 FR316 2.294516 21.716316 0. 0. 1 ;
LINE L236_317_1 FR236 FR317 0.635360 6.005596 0. 0. 1 ;
LINE L236_317_2 FR236 FR317 0.635360 6.005596 0. 0. 1 ;
TRANSFO T237_318_1 FR237 FR318 0.138500 3.808800 0. 0. 100. 0. 100.0 1 ;
LINE L238_319_1 FR238 FR319 0.407208 3.859812 0. 0. 1 ;
TRANSFO T238_320_1 FR238 FR320 0.138500 3.808800 0. 0. 100. 0. 100.0 1 ;
LINE L239_321_1 FR239 FR321 2.472128 23.389912 0. 0. 1 ;
TRANSFO T239_322_1 FR239 FR322 0.138500 3.808800 0. 0. 100. 0. 100.0 1 ;
LINE L240_320_1 FR240 FR320 6.087268 34.782660 0. 0. 1 ;
LINE L240_323_1 FR240 FR323 3.901524 22.293040 0. 0. 1 ;
LINE L240_324_1 FR240 FR324 5.369980 30.686568 0. 0. 1 ;
LINE L240_325_1 FR240 FR325 1.659152 9.480592 0. 0. 1 ;
LINE L240_326_1 FR240 FR326 1.935516 11.061336 0. 0. 1 ;
LINE L241_327_1 FR241 IT327 4.116844 38.957676 0. 0. 1 ;
LINE L241_328_1 FR241 FR328 1.045456 9.888512 0. 0. 1 ;
LINE L241_328_2 FR241 FR328 1.045456 9.888512 0. 0. 1 ;
LINE L241_329_1 FR241 FR329 2.102464 19.899764 0. 0. 1 ;
LINE L241_329_2 FR241 FR329 2.102464 19.899764 0. 0. 1 ;
LINE L241_330_1 FR241 FR330 0.385548 3.648988 0. 0. 1 ;
LINE L241_330_2 FR241 FR330 0.385548 3.648988 0. 0. 1 ;
TRANSFO T241_331_1 FR241 FR331 0.138500 3.808800 0. 0. 100. 0. 100.0 1 ;
LINE L242_329_1 FR242 FR329 0.599260 5.667700 0. 0. 1 ;
LINE L242_329_2 FR242 FR329 0.599260 5.667700 0. 0. 1 ;
LINE L242_329_3 FR242 FR329 0.555940 5.263380 0. 0. 1 ;
LINE L242_329_4 FR242 FR329 0.555940 5.263380 0. 0. 1 ;
LINE L242_332_1 FR242 FR332 1.527752 14.451552 0. 0. 1 ;
LINE L242_332_2 FR242 FR332 1.527752 14.451552 0. 0. 1 ;
TRANSFO T243_247_1 CH243 CH247 0.138500 3.808800 0. 0. 100. 0. 100.0 1 ;
LINE L244_333_1 CH244 CH333 0.460636 4.362324 0. 0. 1 ;
LINE L244_333_2 CH244 CH333 0.460636 4.362324 0. 0. 1 ;
LINE L246_250_1 FR246 FR250 1.098680 6.276996 0. 0. 1 ;
LINE L246_250_2 FR246 FR250 1.098680 6.276996 0. 0. 1 ;
LINE L246_304_1 FR246 CH304 3.483832 19.906920 0. 0. 1 ;
LINE L246_304_2 FR246 CH304 3.483832 19.906920 0. 0. 1 ;
LINE L246_334_1 FR246 FR334 1.139336 6.510284 0. 0. 1 ;
LINE L246_335_1 FR246 FR335 1.292280 7.385356 0. 0. 1 ;
LINE L246_335_2 FR246 FR335 1.292280 7.385356 0. 0. 1 ;
LINE L248_336_1 FR248 FR336 1.391500 7.952604 0. 0. 1 ;
LINE L248_337_1 FR248 FR337 0.048400 0.276848 0. 0. 1 ;
LINE L248_338_1 FR248 FR338 2.969340 16.966136 0. 0. 1 ;
LINE L248_339_1 FR248 FR339 1.136432 6.494312 0. 0. 1 ;
TRANSFO T249_321_1 FR249 FR321 0.138500 3.808800 0. 0. 100. 0. 100.0 1 ;
LINE L249_340_1 FR249 FR340 0.975260 5.571808 0. 0. 1 ;
LINE L249_341_1 FR249 FR341 1.451516 8.293824 0. 0. 1 ;
LINE L249_342_1 FR249 FR342 0.660660 3.776168 0. 0. 1 ;
LINE L249_342_2 FR249 FR342 0.660660 3.776168 0. 0. 1 ;
LINE L249_343_1 FR249 FR343 1.134496 6.481244 0. 0. 1 ;
LINE L249_344_1 FR249 FR344 0.683408 3.905396 0. 0. 1 ;
LINE L251_341_1 FR251 FR341 2.043448 11.677952 0. 0. 1 ;
LINE L252_345_1 FR252 FR345 2.062324 11.784916 0. 0. 1 ;
LINE L252_346_1 FR252 FR346 1.477168 8.440960 0. 0. 1 ;
LINE L253_347_1 FR253 FR347 0.939444 5.369496 0. 0. 1 ;
LINE L255_348_1 FR255 FR348 2.465496 14.087304 0. 0. 1 ;
TRANSFO T256_349_1 IT256 IT349 0.138500 3.808800 0. 0. 100. 0. 100.0 1 ;
LINE L258_350_1 CH258 IT350 0.366776 3.475708 0. 0. 1 ;
TRANSFO T258_351_1 CH258 CH351 0.138500 3.808800 0. 0. 100. 0. 100.0 1 ;
LINE L259_309_1 CH259 CH309 0.537240 3.070012 0. 0. 1 ;
LINE L260_352_1 CH260 CH352 0.498036 2.845436 0. 0. 1 ;
LINE L261_353_1 CH261 CH353 0.345576 1.974236 0. 0. 1 ;
LINE L261_353_2 CH261 CH353 0.345576 1.974236 0. 0. 1 ;
LINE L262_354_1 FR262 FR354 0.652688 6.181764 0. 0. 1 ;
LINE L262_354_2 FR262 FR354 0.652688 6.181764 0. 0. 1 ;
LINE L262_355_1 FR262 FR355 0.856292 8.108060 0. 0. 1 ;
LINE L262_355_2 FR262 FR355 0.856292 8.108060 0. 0. 1 ;
LINE L262_355_3 FR262 FR355 0.690232 6.528324 0. 0. 1 ;
LINE L262_355_4 FR262 FR355 0.690232 6.528324 0. 0. 1 ;
LINE L262_356_1 FR262 FR356 1.363136 12.894920 0. 0. 1 ;
LINE L262_356_2 FR262 FR356 1.363136 12.894920 0. 0. 1 ;
LINE L262_357_1 FR262 DE357 0.983364 9.309468 0. 0. 1 ;
LINE L262_357_2 FR262 DE357 0.983364 9.309468 0. 0. 1 ;
TRANSFO T262_358_1 FR262 FR358 0.138500 3.808800 0. 0. 100. 0. 100.0 1 ;
TRANSFO T263_359_1 FR263 FR359 0.138500 3.808800 0. 0. 100. 0. 100.0 1 ;
LINE L264_270_1 FR264 FR270 3.283456 18.762744 0. 0. 1 ;
LINE L264_360_1 FR264 FR360 0.859100 4.909212 0. 0. 1 ;
LINE L264_360_2 FR264 FR360 0.859100 4.909212 0. 0. 1 ;
LINE L264_361_1 FR264 FR361 1.062864 6.073716 0. 0. 1 ;
LINE L264_361_2 FR264 FR361 1.062864 6.073716 0. 0. 1 ;
LINE L264_362_1 FR264 FR362 1.085128 6.199072 0. 0. 1 ;
LINE L265_363_1 FR265 FR363 0.275804 2.609308 0. 0. 1 ;
LINE L266_364_1 FR266 FR364 1.001396 5.723300 0. 0. 1 ;
LINE L266_364_2 FR266 FR364 1.001396 5.723300 0. 0. 1 ;
LINE L266_365_1 FR266 FR365 2.229788 12.741300 0. 0. 1 ;
LINE L266_365_2 FR266 FR365 2.229788 12.741300 0. 0. 1 ;
LINE L269_366_1 FR269 FR366 3.539008 20.222488 0. 0. 1 ;
LINE L269_367_1 FR269 FR367 0.409464 2.339656 0. 0. 1 ;
LINE L270_368_1 FR270 FR368 1.614140 9.223588 0. 0. 1 ;
LINE L270_368_2 FR270 FR368 1.614140 9.223588 0. 0. 1 ;
LINE L271_272_1 FR271 FR272 2.455816 14.033096 0. 0. 1 ;
LINE L271_369_1 FR271 FR369 0.484000 2.764124 0. 0. 1 ;
LINE L271_369_2 FR271 FR369 0.484000 2.764124 0. 0. 1 ;
LINE L273_370_1 DE273 DE370 0.433200 4.100960 0. 0. 1 ;
LINE L273_370_2 DE273 DE370 0.433200 4.100960 0. 0. 1 ;
LINE L273_370_3 DE273 DE370 0.433200 4.100960 0. 0. 1 ;
LINE L273_371_1 DE273 DE371 1.729912 16.370628 0. 0. 1 ;
LINE L273_371_2 DE273 DE371 1.729912 16.370628 0. 0. 1 ;
TRANSFO T273_372_1 DE273 DE372 0.138500 3.808800 0. 0. 100. 0. 100.0 1 ;
TRANSFO T274_373_1 DE274 DE373 0.138500 3.808800 0. 0. 100. 0. 100.0 1 ;
LINE L275_374_1 DE275 DE374 0.199272 1.880088 0. 0. 1 ;
LINE L275_374_2 DE275 DE374 0.199272 1.880088 0. 0. 1 ;
LINE L275_374_3 DE275 DE374 0.199272 1.880088 0. 0. 1 ;
LINE L276_277_1 DE276 DE277 0.428868 4.053308 0. 0. 1 ;
LINE L276_277_2 DE276 DE277 0.428868 4.053308 0. 0. 1 ;
LINE L276_375_1 DE276 DE375 0.210824 1.991276 0. 0. 1 ;
LINE L276_375_2 DE276 DE375 0.210824 1.991276 0. 0. 1 ;
LINE L276_375_3 DE276 DE375 0.210824 1.991276 0. 0. 1 ;
LINE L276_376_1 DE276 DE376 0.469300 4.446076 0. 0. 1 ;
LINE L276_377_1 DE276 DE377 1.062784 10.054572 0. 0. 1 ;
LINE L276_377_2 DE276 DE377 1.062784 10.054572 0. 0. 1 ;
LINE L278_378_1 DE278 DE378 1.364580 12.913692 0. 0. 1 ;
LINE L281_372_1 DE281 DE372 1.849364 10.567656 0. 0. 1 ;
LINE L281_372_2 DE281 DE372 1.849364 10.567656 0. 0. 1 ;
LINE L281_379_1 DE281 DE379 0.901692 5.152180 0. 0. 1 ;
LINE L281_379_2 DE281 DE379 0.901692 5.152180 0. 0. 1 ;
TRANSFO T281_380_1 DE281 DE380 0.138500 3.808800 0. 0. 100. 0. 100.0 1 ;
LINE L282_381_1 FR282 FR381 0.937024 5.354492 0. 0. 1 ;
LINE L283_382_1 FR283 FR382 0.606452 3.466408 0. 0. 1 ;
LINE L284_364_1 FR284 FR364 0.961708 5.496788 0. 0. 1 ;
LINE L284_383_1 FR284 FR383 0.767624 4.386976 0. 0. 1 ;
LINE L284_383_2 FR284 FR383 0.767624 4.386976 0. 0. 1 ;
LINE L284_384_1 FR284 FR384 1.076416 6.151156 0. 0. 1 ;
LINE L286_385_1 AT286 DE385 2.226648 21.078068 0. 0. 1 ;
LINE L286_385_2 AT286 DE385 2.226648 21.078068 0. 0. 1 ;
LINE L286_386_1 AT286 AT386 0.359556 3.402064 0. 0. 1 ;
LINE L286_386_2 AT286 AT386 0.359556 3.402064 0. 0. 1 ;
LINE L286_386_3 AT286 AT386 0.359556 3.402064 0. 0. 1 ;
TRANSFO T286_387_1 AT286 AT387 0.138500 3.808800 0. 0. 100. 0. 100.0 1 ;
LINE L287_299_1 CH287 CH299 0.846184 8.001204 0. 0. 1 ;
LINE L287_299_2 CH287 CH299 0.846184 8.001204 0. 0. 1 ;
LINE L291_295_1 DE291 DE295 0.938600 8.877712 0. 0. 1 ;
LINE L291_295_2 DE291 DE295 0.938600 8.877712 0. 0. 1 ;
LINE L292_293_1 DE292 DE293 0.249812 2.362384 0. 0. 1 ;
LINE L292_388_1 DE292 DE388 1.029572 9.749888 0. 0. 1 ;
LINE L292_388_2 DE292 DE388 1.029572 9.749888 0. 0. 1 ;
LINE L293_385_1 DE293 DE385 1.861316 17.621132 0. 0. 1 ;
LINE L293_385_2 DE293 DE385 1.861316 17.621132 0. 0. 1 ;
LINE L293_385_3 DE293 DE385 1.861316 17.621132 0. 0. 1 ;
TRANSFO T293_389_1 DE293 DE389 0.138500 3.808800 0. 0. 100. 0. 100.0 1 ;
LINE L294_390_1 DE294 DE390 0.411540 3.891580 0. 0. 1 ;
LINE L294_390_2 DE294 DE390 0.411540 3.891580 0. 0. 1 ;
LINE L295_375_1 DE295 DE375 0.579044 5.479980 0. 0. 1 ;
LINE L295_375_2 DE295 DE375 0.579044 5.479980 0. 0. 1 ;
LINE L295_375_3 DE295 DE375 0.579044 5.479980 0. 0. 1 ;
LINE L295_391_1 DE295 DE391 0.226708 2.145784 0. 0. 1 ;
LINE L295_391_2 DE295 DE391 0.226708 2.145784 0. 0. 1 ;
LINE L296_392_1 IT296 IT392 0.706116 6.675612 0. 0. 1 ;
LINE L296_393_1 IT296 IT393 0.287356 2.721940 0. 0. 1 ;
LINE L296_394_1 IT296 IT394 0.371108 3.517584 0. 0. 1 ;
LINE L296_395_1 IT296 IT395 0.382660 3.618664 0. 0. 1 ;
LINE L296_395_2 IT296 IT395 0.382660 3.618664 0. 0. 1 ;
LINE L297_396_1 CH297 CH396 0.755040 4.314376 0. 0. 1 ;
LINE L298_397_1 CH298 IT397 0.993472 9.397552 0. 0. 1 ;
LINE L298_397_2 CH298 IT397 0.993472 9.397552 0. 0. 1 ;
LINE L300_353_1 CH300 CH353 0.346060 1.976172 0. 0. 1 ;
LINE L300_353_2 CH300 CH353 0.346060 1.976172 0. 0. 1 ;
LINE L302_398_1 CH302 CH398 0.426888 2.438392 0. 0. 1 ;
LINE L302_399_1 CH302 CH399 0.480612 2.747184 0. 0. 1 ;
TRANSFO T303_308_1 CH303 CH308 0.138500 3.808800 0. 0. 100. 0. 100.0 1 ;
LINE L303_400_1 CH303 CH400 0.602148 5.700912 0. 0. 1 ;
LINE L303_400_2 CH303 CH400 0.602148 5.700912 0. 0. 1 ;
LINE L304_308_1 CH304 CH308 0.381392 2.179452 0. 0. 1 ;
LINE L304_308_2 CH304 CH308 0.381392 2.179452 0. 0. 1 ;
LINE L305_401_1 CH305 FR401 0.841192 4.805152 0. 0. 1 ;
LINE L305_401_2 CH305 FR401 0.841192 4.805152 0. 0. 1 ;
LINE L306_402_1 IT306 IT402 1.368268 7.819504 0. 0. 1 ;
LINE L306_402_2 IT306 IT402 1.368268 7.819504 0. 0. 1 ;
LINE L307_403_1 IT307 IT403 0.574024 3.279584 0. 0. 1 ;
LINE L308_404_1 CH308 CH404 3.163424 18.077400 0. 0. 1 ;
LINE L308_404_2 CH308 CH404 3.163424 18.077400 0. 0. 1 ;
LINE L311_405_1 IT311 IT405 1.233176 11.668964 0. 0. 1 ;
LINE L311_406_1 IT311 IT406 0.602148 5.703800 0. 0. 1 ;
LINE L311_407_1 IT311 IT407 1.747240 16.538132 0. 0. 1 ;
LINE L311_408_1 IT311 IT408 0.649800 6.145664 0. 0. 1 ;
TRANSFO T311_409_1 IT311 IT409 0.138500 3.808800 0. 0. 100. 0. 100.0 1 ;
LINE L312_410_1 FR312 FR410 0.919828 8.701544 0. 0. 1 ;
LINE L313_411_1 FR313 FR411 0.095304 0.901056 0. 0. 1 ;
LINE L313_411_2 FR313 FR411 0.095304 0.901056 0. 0. 1 ;
LINE L314_412_1 FR314 FR412 0.335008 3.176800 0. 0. 1 ;
LINE L315_413_1 FR315 FR413 0.905388 8.570140 0. 0. 1 ;
TRANSFO T315_414_1 FR315 FR414 0.138500 3.808800 0. 0. 100. 0. 100.0 1 ;
LINE L316_319_1 FR316 FR319 1.835324 17.368432 0. 0. 1 ;
LINE L316_415_1 FR316 FR415 1.442556 13.658796 0. 0. 1 ;
LINE L316_415_2 FR316 FR415 1.442556 13.658796 0. 0. 1 ;
LINE L316_416_1 FR316 FR416 4.433080 41.952532 0. 0. 1 ;
LINE L316_417_1 FR316 FR417 2.141452 20.262208 0. 0. 1 ;
LINE L316_417_2 FR316 FR417 2.141452 20.262208 0. 0. 1 ;
LINE L316_418_1 FR316 FR418 1.588400 15.026264 0. 0. 1 ;
LINE L316_418_2 FR316 FR418 1.588400 15.026264 0. 0. 1 ;
TRANSFO T316_419_1 FR316 FR419 0.138500 3.808800 0. 0. 100. 0. 100.0 1 ;
LINE L317_415_1 FR317 FR415 2.005716 18.975604 0. 0. 1 ;
LINE L317_415_2 FR317 FR415 2.005716 18.975604 0. 0. 1 ;
LINE L318_348_1 FR318 FR348 4.163368 23.791020 0. 0. 1 ;
LINE L318_420_1 FR318 FR420 1.276792 7.296784 0. 0. 1 ;
LINE L318_421_1 FR318 FR421 3.070012 17.541612 0. 0. 1 ;
LINE L318_422_1 FR318 FR422 4.363260 24.932776 0. 0. 1 ;
LINE L318_423_1 FR318 FR423 3.686144 21.064164 0. 0. 1 ;
LINE L319_424_1 FR319 FR424 0.505400 4.789748 0. 0. 1 ;
LINE L319_424_2 FR319 FR424 0.505400 4.789748 0. 0. 1 ;
LINE L320_425_1 FR320 FR425 0.741488 4.235968 0. 0. 1 ;
LINE L320_425_2 FR320 FR425 0.741488 4.235968 0. 0. 1 ;
LINE L320_426_1 FR320 FR426 2.465012 14.084884 0. 0. 1 ;
LINE L320_427_1 FR320 FR427 0.343156 1.959232 0. 0. 1 ;
LINE L320_428_1 FR320 FR428 1.662540 9.499468 0. 0. 1 ;
LINE L320_428_2 FR320 FR428 1.662540 9.499468 0. 0. 1 ;
LINE L321_429_1 FR321 FR429 0.703228 6.661172 0. 0. 1 ;
LINE L322_430_1 FR322 FR430 3.547236 20.270888 0. 0. 1 ;
LINE L322_431_1 FR322 FR431 0.634524 3.625644 0. 0. 1 ;
LINE L322_431_2 FR322 FR431 0.634524 3.625644 0. 0. 1 ;
LINE L322_432_1 FR322 FR432 2.080716 11.888492 0. 0. 1 ;
LINE L322_432_2 FR322 FR432 2.080716 11.888492 0. 0. 1 ;
LINE L323_420_1 FR323 FR420 2.834788 16.198996 0. 0. 1 ;
LINE L323_433_1 FR323 FR433 1.231296 7.036392 0. 0. 1 ;
LINE L323_433_2 FR323 FR433 1.231296 7.036392 0. 0. 1 ;
LINE L324_325_1 FR324 FR325 2.732664 15.616260 0. 0. 1 ;
LINE L324_345_1 FR324 FR345 3.144064 17.965112 0. 0. 1 ;
LINE L324_434_1 FR324 FR434 0.635976 3.633872 0. 0. 1 ;
LINE L327_407_1 IT327 IT407 0.778316 7.361512 0. 0. 1 ;
LINE L327_408_1 IT327 IT408 2.080804 19.696160 0. 0. 1 ;
LINE L327_435_1 IT327 IT435 1.327036 12.561356 0. 0. 1 ;
LINE L327_436_1 IT327 IT436 1.370356 12.968564 0. 0. 1 ;
LINE L329_429_1 FR329 FR429 0.391324 3.705304 0. 0. 1 ;
LINE L329_429_2 FR329 FR429 0.313348 2.965976 0. 0. 1 ;
LINE L329_437_1 FR329 FR437 1.257724 11.898560 0. 0. 1 ;
LINE L329_438_1 FR329 FR438 2.194880 20.776272 0. 0. 1 ;
LINE L329_438_2 FR329 FR438 2.194880 20.776272 0. 0. 1 ;
LINE L329_439_1 FR329 FR439 1.429560 13.524504 0. 0. 1 ;
LINE L329_439_2 FR329 FR439 1.429560 13.524504 0. 0. 1 ;
TRANSFO T330_440_1 FR330 FR440 0.138500 3.808800 0. 0. 100. 0. 100.0 1 ;
LINE L331_441_1 FR331 FR441 0.547888 3.129060 0. 0. 1 ;
LINE L331_442_1 FR331 FR442 1.255980 7.177236 0. 0. 1 ;
LINE L332_443_1 FR332 FR443 1.249060 11.826360 0. 0. 1 ;
LINE L332_443_2 FR332 FR443 1.249060 11.826360 0. 0. 1 ;
LINE L332_444_1 FR332 FR444 1.087332 10.288500 0. 0. 1 ;
LINE L332_444_2 FR332 FR444 1.087332 10.288500 0. 0. 1 ;
TRANSFO T332_445_1 FR332 FR445 0.138500 3.808800 0. 0. 100. 0. 100.0 1 ;
LINE L333_400_1 CH333 CH400 0.886616 8.391084 0. 0. 1 ;
LINE L333_400_2 CH333 CH400 0.886616 8.391084 0. 0. 1 ;
TRANSFO T333_404_1 CH333 CH404 0.138500 3.808800 0. 0. 100. 0. 100.0 1 ;
LINE L333_446_1 CH333 CH446 0.560272 5.306700 0. 0. 1 ;
LINE L333_446_2 CH333 CH446 0.560272 5.306700 0. 0. 1 ;
LINE L334_401_1 FR334 FR401 1.404084 8.021816 0. 0. 1 ;
LINE L334_401_2 FR334 FR401 1.404084 8.021816 0. 0. 1 ;
LINE L334_447_1 FR334 FR447 1.613172 9.216328 0. 0. 1 ;
LINE L337_448_1 FR337 FR448 1.610268 9.200840 0. 0. 1 ;
LINE L338_339_1 FR338 FR339 1.830488 10.459724 0. 0. 1 ;
LINE L338_449_1 FR338 FR449 0.839740 4.797892 0. 0. 1 ;
LINE L340_450_1 FR340 FR450 0.429308 2.451944 0. 0. 1 ;
TRANSFO T341_451_1 FR341 FR451 0.138500 3.808800 0. 0. 100. 0. 100.0 1 ;
LINE L343_452_1 FR343 FR452 0.694056 3.965412 0. 0. 1 ;
LINE L344_453_1 FR344 FR453 0.650980 3.718572 0. 0. 1 ;
LINE L346_347_1 FR346 FR347 0.522236 2.982892 0. 0. 1 ;
LINE L346_347_2 FR346 FR347 0.522236 2.982892 0. 0. 1 ;
LINE L346_454_1 FR346 FR454 0.738584 4.219996 0. 0. 1 ;
LINE L346_454_2 FR346 FR454 0.738584 4.219996 0. 0. 1 ;
LINE L349_455_1 IT349 IT455 1.117072 6.383476 0. 0. 1 ;
LINE L349_455_2 IT349 IT455 1.117072 6.383476 0. 0. 1 ;
LINE L350_456_1 IT350 IT456 0.628140 5.942060 0. 0. 1 ;
LINE L350_456_2 IT350 IT456 0.628140 5.942060 0. 0. 1 ;
LINE L350_456_3 IT350 IT456 0.628140 5.942060 0. 0. 1 ;
LINE L350_457_1 IT350 IT457 0.711892 6.733372 0. 0. 1 ;
LINE L350_458_1 IT350 IT458 0.979032 9.264704 0. 0. 1 ;
LINE L351_352_1 CH351 CH352 0.884268 5.051508 0. 0. 1 ;
LINE L351_352_2 CH351 CH352 0.884268 5.051508 0. 0. 1 ;
LINE L351_459_1 CH351 CH459 1.121428 6.408160 0. 0. 1 ;
LINE L351_459_2 CH351 CH459 1.121428 6.408160 0. 0. 1 ;
LINE L351_460_1 CH351 CH460 1.503304 8.589548 0. 0. 1 ;
LINE L351_460_2 CH351 CH460 1.503304 8.589548 0. 0. 1 ;
LINE L352_461_1 CH352 CH461 0.520300 2.973696 0. 0. 1 ;
LINE L352_461_2 CH352 CH461 0.520300 2.973696 0. 0. 1 ;
LINE L354_462_1 FR354 FR462 0.371108 3.519028 0. 0. 1 ;
LINE L354_463_1 FR354 FR463 0.283024 2.678620 0. 0. 1 ;
LINE L356_464_1 FR356 FR464 3.197016 30.250356 0. 0. 1 ;
LINE L356_464_2 FR356 FR464 3.197016 30.250356 0. 0. 1 ;
TRANSFO T356_465_1 FR356 FR465 0.138500 3.808800 0. 0. 100. 0. 100.0 1 ;
LINE L357_466_1 DE357 DE466 0.329232 3.113264 0. 0. 1 ;
LINE L357_466_2 DE357 DE466 0.329232 3.113264 0. 0. 1 ;
LINE L357_466_3 DE357 DE466 0.329232 3.113264 0. 0. 1 ;
TRANSFO T357_467_1 DE357 DE467 0.138500 3.808800 0. 0. 100. 0. 100.0 1 ;
LINE L358_362_1 FR358 FR362 1.646084 9.405572 0. 0. 1 ;
LINE L358_468_1 FR358 FR468 1.996016 11.405944 0. 0. 1 ;
LINE L358_469_1 FR358 FR469 0.924440 5.282376 0. 0. 1 ;
LINE L358_470_1 FR358 FR470 1.210968 6.919264 0. 0. 1 ;
LINE L358_470_2 FR358 FR470 1.210968 6.919264 0. 0. 1 ;
LINE L358_471_1 FR358 FR471 1.048344 5.989984 0. 0. 1 ;
LINE L359_423_1 FR359 FR423 1.386176 7.920660 0. 0. 1 ;
LINE L359_472_1 FR359 FR472 0.966064 5.518568 0. 0. 1 ;
LINE L359_472_2 FR359 FR472 0.966064 5.518568 0. 0. 1 ;
LINE L359_473_1 FR359 FR473 2.487760 14.215564 0. 0. 1 ;
LINE L359_474_1 FR359 FR474 1.618012 9.245368 0. 0. 1 ;
LINE L360_470_1 FR360 FR470 1.965524 11.232672 0. 0. 1 ;
LINE L360_474_1 FR360 FR474 3.897652 22.273196 0. 0. 1 ;
LINE L360_475_1 FR360 FR475 0.832480 4.758204 0. 0. 1 ;
LINE L360_475_2 FR360 FR475 0.832480 4.758204 0. 0. 1 ;
LINE L362_476_1 FR362 FR476 0.360580 2.058936 0. 0. 1 ;
LINE L363_477_1 FR363 FR477 0.665684 6.297284 0. 0. 1 ;
LINE L363_477_2 FR363 FR477 0.665684 6.297284 0. 0. 1 ;
LINE L366_478_1 FR366 FR478 1.180960 6.748412 0. 0. 1 ;
LINE L368_468_1 FR368 FR468 2.541000 14.520000 0. 0. 1 ;
LINE L368_468_2 FR368 FR468 2.541000 14.520000 0. 0. 1 ;
LINE L369_479_1 FR369 FR479 0.614196 3.509484 0. 0. 1 ;
LINE L369_480_1 FR369 FR480 1.180960 6.749380 0. 0. 1 ;
LINE L369_480_2 FR369 FR480 1.180960 6.749380 0. 0. 1 ;
LINE L370_481_1 DE370 DE481 0.281580 2.667068 0. 0. 1 ;
LINE L370_481_2 DE370 DE481 0.281580 2.667068 0. 0. 1 ;
LINE L370_481_3 DE370 DE481 0.281580 2.667068 0. 0. 1 ;
LINE L370_482_1 DE370 DE482 0.820192 7.765832 0. 0. 1 ;
LINE L370_482_2 DE370 DE482 0.820192 7.765832 0. 0. 1 ;
LINE L370_482_3 DE370 DE482 0.820192 7.765832 0. 0. 1 ;
LINE L371_483_1 DE371 DE483 1.230288 11.640084 0. 0. 1 ;
LINE L371_483_2 DE371 DE483 1.230288 11.640084 0. 0. 1 ;
TRANSFO T371_484_1 DE371 DE484 0.138500 3.808800 0. 0. 100. 0. 100.0 1 ;
LINE L372_484_1 DE372 DE484 3.825052 21.858408 0. 0. 1 ;
LINE L372_484_2 DE372 DE484 3.825052 21.858408 0. 0. 1 ;
LINE L373_485_1 DE373 DE485 2.858988 16.337904 0. 0. 1 ;
LINE L373_485_2 DE373 DE485 2.858988 16.337904 0. 0. 1 ;
LINE L373_486_1 DE373 DE486 2.181872 12.466872 0. 0. 1 ;
LINE L373_486_2 DE373 DE486 2.181872 12.466872 0. 0. 1 ;
LINE L374_487_1 DE374 DE487 0.467856 4.434524 0. 0. 1 ;
LINE L374_487_2 DE374 DE487 0.467856 4.434524 0. 0. 1 ;
LINE L374_487_3 DE374 DE487 0.467856 4.434524 0. 0. 1 ;
LINE L377_378_1 DE377 DE378 1.558076 14.740352 0. 0. 1 ;
LINE L377_488_1 DE377 DE488 1.949400 18.444212 0. 0. 1 ;
LINE L378_489_1 DE378 DE489 0.840408 7.953552 0. 0. 1 ;
LINE L378_489_2 DE378 DE489 0.840408 7.953552 0. 0. 1 ;
LINE L378_489_3 DE378 DE489 0.840408 7.953552 0. 0. 1 ;
LINE L380_490_1 DE380 DE490 0.646912 6.124004 0. 0. 1 ;
LINE L380_490_2 DE380 DE490 0.646912 6.124004 0. 0. 1 ;
LINE L381_491_1 FR381 FR491 0.896368 5.122172 0. 0. 1 ;
LINE L384_492_1 FR384 FR492 1.117072 6.381540 0. 0. 1 ;
LINE L385_493_1 DE385 DE493 1.321260 12.499264 0. 0. 1 ;
LINE L385_493_2 DE385 DE493 1.321260 12.499264 0. 0. 1 ;
LINE L386_494_1 AT386 DE494 1.140760 10.796788 0. 0. 1 ;
LINE L386_494_2 AT386 DE494 1.140760 10.796788 0. 0. 1 ;
TRANSFO T386_495_1 AT386 AT495 0.138500 3.808800 0. 0. 100. 0. 100.0 1 ;
LINE L387_496_1 AT387 AT496 5.759600 32.911516 0. 0. 1 ;
LINE L387_496_2 AT387 AT496 5.759600 32.911516 0. 0. 1 ;
LINE L387_497_1 AT387 AT497 1.784992 10.199816 0. 0. 1 ;
LINE L387_497_2 AT387 AT497 1.784992 10.199816 0. 0. 1 ;
LINE L388_498_1 DE388 DE498 0.342228 3.236004 0. 0. 1 ;
LINE L388_499_1 DE388 DE499 0.950152 8.986012 0. 0. 1 ;
LINE L388_499_2 DE388 DE499 0.950152 8.986012 0. 0. 1 ;
LINE L389_500_1 DE389 DE500 3.423816 19.563280 0. 0. 1 ;
LINE L389_500_2 DE389 DE500 3.423816 19.563280 0. 0. 1 ;
LINE L390_488_1 DE390 DE488 0.564604 5.342800 0. 0. 1 ;
LINE L390_488_2 DE390 DE488 0.564604 5.342800 0. 0. 1 ;
LINE L392_501_1 IT392 IT501 1.150868 10.894980 0. 0. 1 ;
LINE L392_502_1 IT392 IT502 0.596372 5.646040 0. 0. 1 ;
LINE L393_503_1 IT393 IT503 0.795644 7.536236 0. 0. 1 ;
TRANSFO T393_504_1 IT393 IT504 0.138500 3.808800 0. 0. 100. 0. 100.0 1 ;
LINE L394_457_1 IT394 IT457 0.488072 4.619356 0. 0. 1 ;
TRANSFO T394_505_1 IT394 IT505 0.138500 3.808800 0. 0. 100. 0. 100.0 1 ;
LINE L395_405_1 IT395 IT405 1.046900 9.910172 0. 0. 1 ;
LINE L395_506_1 IT395 IT506 0.340784 3.223008 0. 0. 1 ;
LINE L395_506_2 IT395 IT506 0.340784 3.223008 0. 0. 1 ;
LINE L396_507_1 CH396 CH507 0.410916 2.348368 0. 0. 1 ;
LINE L397_508_1 IT397 IT508 0.462080 4.379652 0. 0. 1 ;
LINE L397_508_2 IT397 IT508 0.462080 4.379652 0. 0. 1 ;
LINE L397_509_1 IT397 IT509 1.516200 14.351916 0. 0. 1 ;
LINE L397_510_1 IT397 IT510 1.067116 10.102224 0. 0. 1 ;
LINE L397_510_2 IT397 IT510 1.067116 10.102224 0. 0. 1 ;
TRANSFO T397_511_1 IT397 IT511 0.138500 3.808800 0. 0. 100. 0. 100.0 1 ;
LINE L398_512_1 CH398 CH512 0.529496 3.025968 0. 0. 1 ;
LINE L402_513_1 IT402 IT513 0.546920 3.125672 0. 0. 1 ;
LINE L402_513_2 IT402 IT513 0.546920 3.125672 0. 0. 1 ;
LINE L402_514_1 IT402 IT514 0.407528 2.328040 0. 0. 1 ;
LINE L402_514_2 IT402 IT514 0.407528 2.328040 0. 0. 1 ;
LINE L403_515_1 IT403 IT515 1.466036 8.376104 0. 0. 1 ;
LINE L404_516_1 CH404 CH516 0.715352 4.087380 0. 0. 1 ;
LINE L404_516_2 CH404 CH516 0.715352 4.087380 0. 0. 1 ;
LINE L405_458_1 IT405 IT458 0.743660 7.032280 0. 0. 1 ;
LINE L405_517_1 IT405 IT517 0.506844 4.795524 0. 0. 1 ;
TRANSFO T405_518_1 IT405 IT518 0.138500 3.808800 0. 0. 100. 0. 100.0 1 ;
LINE L406_519_1 IT406 IT519 1.708252 16.164136 0. 0. 1 ;
LINE L406_520_1 IT406 IT520 2.030264 19.212420 0. 0. 1 ;
LINE L406_520_2 IT406 IT520 2.030264 19.212420 0. 0. 1 ;
LINE L407_435_1 IT407 IT435 1.530640 14.491984 0. 0. 1 ;
TRANSFO T407_521_1 IT407 IT521 0.138500 3.808800 0. 0. 100. 0. 100.0 1 ;
TRANSFO T408_522_1 IT408 IT522 0.138500 3.808800 0. 0. 100. 0. 100.0 1 ;
LINE L409_521_1 IT409 IT521 4.151752 23.725196 0. 0. 1 ;
LINE L409_523_1 IT409 IT523 1.579776 9.026116 0. 0. 1 ;
LINE L409_524_1 IT409 IT524 1.298088 7.417300 0. 0. 1 ;
LINE L410_525_1 FR410 FR525 0.316236 2.990524 0. 0. 1 ;
LINE L410_526_1 FR410 FR526 0.205048 1.945068 0. 0. 1 ;
TRANSFO T410_527_1 FR410 FR527 0.138500 3.808800 0. 0. 100. 0. 100.0 1 ;
LINE L411_528_1 FR411 FR528 0.231040 2.189104 0. 0. 1 ;
LINE L411_528_2 FR411 FR528 0.231040 2.189104 0. 0. 1 ;
LINE L411_529_1 FR411 FR529 0.248368 2.350832 0. 0. 1 ;
LINE L412_530_1 FR412 FR530 0.723444 6.848892 0. 0. 1 ;
LINE L413_464_1 FR413 FR464 1.007912 9.531844 0. 0. 1 ;
LINE L414_531_1 FR414 FR531 1.330032 7.601220 0. 0. 1 ;
LINE L414_531_2 FR414 FR531 1.330032 7.601220 0. 0. 1 ;
LINE L414_532_1 FR414 FR532 0.892012 5.096036 0. 0. 1 ;
LINE L414_532_2 FR414 FR532 0.892012 5.096036 0. 0. 1 ;
LINE L414_533_1 FR414 FR533 1.648988 9.422996 0. 0. 1 ;
LINE L414_533_2 FR414 FR533 1.648988 9.422996 0. 0. 1 ;
LINE L414_533_3 FR414 FR533 1.321804 7.552336 0. 0. 1 ;
LINE L414_533_4 FR414 FR533 1.321804 7.552336 0. 0. 1 ;
LINE L415_534_1 FR415 FR534 0.381216 3.605668 0. 0. 1 ;
LINE L415_534_2 FR415 FR534 0.381216 3.605668 0. 0. 1 ;
TRANSFO T415_535_1 FR415 FR535 0.138500 3.808800 0. 0. 100. 0. 100.0 1 ;
LINE L416_417_1 FR416 FR417 2.498120 23.641168 0. 0. 1 ;
LINE L416_536_1 FR416 FR536 2.460576 23.293164 0. 0. 1 ;
LINE L416_537_1 FR416 FR537 5.667700 53.637380 0. 0. 1 ;
LINE L416_538_1 FR416 FR538 3.088716 29.236668 0. 0. 1 ;
LINE L416_538_2 FR416 FR538 3.088716 29.236668 0. 0. 1 ;
TRANSFO T416_539_1 FR416 FR539 0.138500 3.808800 0. 0. 100. 0. 100.0 1 ;
LINE L417_540_1 FR417 FR540 1.150868 10.893536 0. 0. 1 ;
LINE L417_540_2 FR417 FR540 1.150868 10.893536 0. 0. 1 ;
TRANSFO T417_541_1 FR417 FR541 0.138500 3.808800 0. 0. 100. 0. 100.0 1 ;
LINE L418_540_1 FR418 FR540 1.442556 13.650132 0. 0. 1 ;
LINE L418_540_2 FR418 FR540 1.442556 13.650132 0. 0. 1 ;
LINE L418_542_1 FR418 FR542 0.515508 4.876388 0. 0. 1 ;
TRANSFO T418_543_1 FR418 FR543 0.138500 3.808800 0. 0. 100. 0. 100.0 1 ;
LINE L419_426_1 FR419 FR426 2.760252 15.771624 0. 0. 1 ;
LINE L419_544_1 FR419 FR544 1.468456 8.392076 0. 0. 1 ;
LINE L419_545_1 FR419 FR545 0.866844 4.954224 0. 0. 1 ;
LINE L419_546_1 FR419 FR546 0.766656 4.382136 0. 0. 1 ;
LINE L420_547_1 FR420 FR547 0.944768 5.398052 0. 0. 1 ;
LINE L420_547_2 FR420 FR547 0.944768 5.398052 0. 0. 1 ;
LINE L421_548_1 FR421 FR548 0.468028 2.674584 0. 0. 1 ;
LINE L421_548_2 FR421 FR548 0.468028 2.674584 0. 0. 1 ;
LINE L421_549_1 FR421 FR549 3.854576 22.026356 0. 0. 1 ;
LINE L422_478_1 FR422 FR478 0.648560 3.706472 0. 0. 1 ;
LINE L422_550_1 FR422 FR550 0.563376 3.219568 0. 0. 1 ;
LINE L423_551_1 FR423 FR551 0.813120 4.645432 0. 0. 1 ;
LINE L427_552_1 FR427 FR552 0.804408 4.596548 0. 0. 1 ;
LINE L427_552_2 FR427 FR552 0.804408 4.596548 0. 0. 1 ;
LINE L428_553_1 FR428 FR553 2.909808 16.626368 0. 0. 1 ;
TRANSFO T429_450_1 FR429 FR450 0.138500 3.808800 0. 0. 100. 0. 100.0 1 ;
LINE L429_554_1 FR429 FR554 2.225204 21.059296 0. 0. 1 ;
LINE L430_555_1 FR430 FR555 1.243880 7.108024 0. 0. 1 ;
LINE L431_556_1 FR431 FR556 0.452540 2.586012 0. 0. 1 ;
LINE L432_434_1 FR432 FR434 3.077272 17.584204 0. 0. 1 ;
LINE L435_557_1 IT435 IT557 1.152312 10.906532 0. 0. 1 ;
LINE L435_557_2 IT435 IT557 1.205740 11.416264 0. 0. 1 ;
LINE L435_558_1 IT435 IT558 2.103908 19.905540 0. 0. 1 ;
LINE L436_525_1 IT436 FR525 0.502512 4.759424 0. 0. 1 ;
LINE L437_554_1 FR437 FR554 0.756656 7.155020 0. 0. 1 ;
LINE L437_554_2 FR437 FR554 0.756656 7.155020 0. 0. 1 ;
LINE L438_559_1 FR438 FR559 1.504648 14.243616 0. 0. 1 ;
LINE L438_559_2 FR438 FR559 1.504648 14.243616 0. 0. 1 ;
TRANSFO T438_560_1 FR438 FR560 0.138500 3.808800 0. 0. 100. 0. 100.0 1 ;
LINE L439_444_1 FR439 FR444 0.335008 3.169580 0. 0. 1 ;
LINE L439_444_2 FR439 FR444 0.335008 3.169580 0. 0. 1 ;
LINE L439_559_1 FR439 FR559 2.430252 23.005808 0. 0. 1 ;
LINE L439_559_2 FR439 FR559 2.430252 23.005808 0. 0. 1 ;
LINE L440_561_1 FR440 FR561 0.954448 5.453228 0. 0. 1 ;
LINE L442_562_1 FR442 FR562 0.645172 3.687596 0. 0. 1 ;
LINE L443_538_1 FR443 FR538 2.118348 20.047052 0. 0. 1 ;
LINE L443_538_2 FR443 FR538 2.118348 20.047052 0. 0. 1 ;
TRANSFO T444_563_1 FR444 FR563 0.138500 3.808800 0. 0. 100. 0. 100.0 1 ;
LINE L445_453_1 FR445 FR453 0.726968 4.154656 0. 0. 1 ;
LINE L447_564_1 FR447 FR564 2.089912 11.943184 0. 0. 1 ;
LINE L448_564_1 FR448 FR564 1.403116 8.017944 0. 0. 1 ;
LINE L449_527_1 FR449 FR527 0.593868 3.393324 0. 0. 1 ;
LINE L450_565_1 FR450 FR565 3.792624 21.672068 0. 0. 1 ;
LINE L450_566_1 FR450 FR566 0.528528 3.021128 0. 0. 1 ;
LINE L450_567_1 FR450 FR567 3.488188 19.933056 0. 0. 1 ;
LINE L450_568_1 FR450 FR568 1.094324 6.253764 0. 0. 1 ;
LINE L450_568_2 FR450 FR568 1.094324 6.253764 0. 0. 1 ;
LINE L450_569_1 FR450 FR569 1.416668 8.095384 0. 0. 1 ;
LINE L450_569_2 FR450 FR569 1.163052 6.645320 0. 0. 1 ;
LINE L451_570_1 FR451 FR570 1.260612 11.923108 0. 0. 1 ;
LINE L451_570_2 FR451 FR570 1.260612 11.923108 0. 0. 1 ;
LINE L452_571_1 FR452 FR571 0.657272 3.756324 0. 0. 1 ;
LINE L453_572_1 FR453 FR572 0.405592 2.318360 0. 0. 1 ;
LINE L453_573_1 FR453 FR573 0.428824 2.450008 0. 0. 1 ;
LINE L455_574_1 IT455 IT574 1.308252 7.473928 0. 0. 1 ;
LINE L457_575_1 IT457 CH575 0.612256 5.791884 0. 0. 1 ;
LINE L460_576_1 CH460 CH576 0.531432 3.037100 0. 0. 1 ;
LINE L462_477_1 FR462 FR477 0.399988 3.784724 0. 0. 1 ;
LINE L462_477_2 FR462 FR477 0.399988 3.784724 0. 0. 1 ;
TRANSFO T463_468_1 FR463 FR468 0.138500 3.808800 0. 0. 100. 0. 100.0 1 ;
LINE L464_577_1 FR464 FR577 1.474324 13.957704 0. 0. 1 ;
LINE L464_578_1 FR464 FR578 3.012184 28.513224 0. 0. 1 ;
LINE L464_578_2 FR464 FR578 3.012184 28.513224 0. 0. 1 ;
LINE L464_579_1 FR464 FR579 1.013688 9.586716 0. 0. 1 ;
LINE L464_579_2 FR464 FR579 1.013688 9.586716 0. 0. 1 ;
LINE L464_580_1 FR464 FR580 0.197828 1.874312 0. 0. 1 ;
LINE L464_581_1 FR464 FR581 1.110436 10.509432 0. 0. 1 ;
LINE L464_581_2 FR464 FR581 1.110436 10.509432 0. 0. 1 ;
LINE L465_582_1 FR465 LU582 1.376496 7.864032 0. 0. 1 ;
LINE L465_583_1 FR465 FR583 0.959772 5.482752 0. 0. 1 ;
LINE L465_584_1 FR465 FR584 0.695024 3.970736 0. 0. 1 ;
LINE L466_487_1 DE466 DE487 0.241148 2.275744 0. 0. 1 ;
LINE L466_487_2 DE466 DE487 0.241148 2.275744 0. 0. 1 ;
LINE L466_487_3 DE466 DE487 0.241148 2.275744 0. 0. 1 ;
LINE L466_585_1 DE466 DE585 0.408652 3.861256 0. 0. 1 ;
LINE L466_585_2 DE466 DE585 0.408652 3.861256 0. 0. 1 ;
LINE L467_468_1 DE467 FR468 1.303412 7.447792 0. 0. 1 ;
LINE L468_586_1 FR468 FR586 0.572572 3.272808 0. 0. 1 ;
LINE L468_587_1 FR468 FR587 0.753588 4.305664 0. 0. 1 ;
LINE L469_470_1 FR469 FR470 0.707608 4.044304 0. 0. 1 ;
LINE L469_588_1 FR469 FR588 0.819896 4.684636 0. 0. 1 ;
LINE L470_584_1 FR470 FR584 1.510564 8.630204 0. 0. 1 ;
LINE L470_584_2 FR470 FR584 1.510564 8.630204 0. 0. 1 ;
LINE L473_589_1 FR473 FR589 1.387144 7.927436 0. 0. 1 ;
LINE L478_590_1 FR478 FR590 0.715836 4.090768 0. 0. 1 ;
LINE L481_591_1 DE481 DE591 0.425980 4.027316 0. 0. 1 ;
LINE L481_591_2 DE481 DE591 0.425980 4.027316 0. 0. 1 ;
LINE L482_592_1 DE482 DE592 0.189164 1.784784 0. 0. 1 ;
LINE L482_592_2 DE482 DE592 0.189164 1.784784 0. 0. 1 ;
TRANSFO T482_593_1 DE482 DE593 0.138500 3.808800 0. 0. 100. 0. 100.0 1 ;
LINE L483_594_1 DE483 DE594 0.405764 3.841040 0. 0. 1 ;
LINE L483_594_2 DE483 DE594 0.405764 3.841040 0. 0. 1 ;
LINE L483_595_1 DE483 DE595 0.231040 2.191992 0. 0. 1 ;
LINE L484_485_1 DE484 DE485 1.503788 8.592936 0. 0. 1 ;
LINE L484_485_2 DE484 DE485 1.503788 8.592936 0. 0. 1 ;
LINE L486_596_1 DE486 DE596 0.988812 5.650216 0. 0. 1 ;
LINE L486_596_2 DE486 DE596 0.988812 5.650216 0. 0. 1 ;
LINE L487_597_1 DE487 DE597 1.576848 14.928072 0. 0. 1 ;
LINE L487_597_2 DE487 DE597 1.576848 14.928072 0. 0. 1 ;
LINE L487_597_3 DE487 DE597 1.576848 14.928072 0. 0. 1 ;
TRANSFO T487_598_1 DE487 DE598 0.138500 3.808800 0. 0. 100. 0. 100.0 1 ;
LINE L489_599_1 DE489 DE599 0.255588 2.424476 0. 0. 1 ;
LINE L489_599_2 DE489 DE599 0.255588 2.424476 0. 0. 1 ;
LINE L489_600_1 DE489 DE600 0.268584 2.541440 0. 0. 1 ;
LINE L489_600_2 DE489 DE600 0.268584 2.541440 0. 0. 1 ;
LINE L493_601_1 DE493 DE601 0.945820 8.947024 0. 0. 1 ;
LINE L493_601_2 DE493 DE601 0.945820 8.947024 0. 0. 1 ;
LINE L495_602_1 AT495 AT602 0.781176 4.462480 0. 0. 1 ;
LINE L495_602_2 AT495 AT602 0.781176 4.462480 0. 0. 1 ;
LINE L496_603_1 AT496 AT603 1.170312 6.687428 0. 0. 1 ;
LINE L496_603_2 AT496 AT603 1.170312 6.687428 0. 0. 1 ;
LINE L496_604_1 AT496 AT604 0.956384 5.464360 0. 0. 1 ;
LINE L496_604_2 AT496 AT604 0.956384 5.464360 0. 0. 1 ;
TRANSFO T496_605_1 AT496 AT605 0.138500 3.808800 0. 0. 100. 0. 100.0 1 ;
LINE L499_601_1 DE499 DE601 1.018020 9.632924 0. 0. 1 ;
LINE L499_601_2 DE499 DE601 1.018020 9.632924 0. 0. 1 ;
LINE L499_606_1 DE499 DE606 0.684456 6.477784 0. 0. 1 ;
LINE L499_606_2 DE499 DE606 0.684456 6.477784 0. 0. 1 ;
LINE L499_606_3 DE499 DE606 0.684456 6.477784 0. 0. 1 ;
LINE L499_607_1 DE499 DE607 1.288048 12.196024 0. 0. 1 ;
LINE L499_607_2 DE499 DE607 1.288048 12.196024 0. 0. 1 ;
LINE L499_608_1 DE499 DE608 0.382660 3.624440 0. 0. 1 ;
LINE L499_608_2 DE499 DE608 0.382660 3.624440 0. 0. 1 ;
TRANSFO T500_601_1 DE500 DE601 0.138500 3.808800 0. 0. 100. 0. 100.0 1 ;
LINE L501_510_1 IT501 IT510 0.724888 6.866220 0. 0. 1 ;
LINE L501_510_2 IT501 IT510 0.724888 6.866220 0. 0. 1 ;
LINE L501_609_1 IT501 IT609 0.333564 3.155140 0. 0. 1 ;
LINE L502_503_1 IT502 IT503 0.622364 5.887188 0. 0. 1 ;
LINE L502_610_1 IT502 IT610 0.431756 4.083632 0. 0. 1 ;
LINE L502_610_2 IT502 IT610 0.431756 4.083632 0. 0. 1 ;
LINE L503_611_1 IT503 IT611 1.543636 14.607504 0. 0. 1 ;
TRANSFO T503_612_1 IT503 IT612 0.138500 3.808800 0. 0. 100. 0. 100.0 1 ;
LINE L504_613_1 IT504 IT613 1.110780 6.346692 0. 0. 1 ;
LINE L504_613_2 IT504 IT613 1.110780 6.346692 0. 0. 1 ;
LINE L504_614_1 IT504 IT614 1.785960 10.204656 0. 0. 1 ;
LINE L505_518_1 IT505 IT518 2.728792 15.593028 0. 0. 1 ;
LINE L505_615_1 IT505 IT615 4.190472 23.945416 0. 0. 1 ;
LINE L505_615_2 IT505 IT615 4.190472 23.945416 0. 0. 1 ;
LINE L506_517_1 IT506 IT517 0.623808 5.897296 0. 0. 1 ;
LINE L506_520_1 IT506 IT520 0.644024 6.098012 0. 0. 1 ;
TRANSFO T506_614_1 IT506 IT614 0.138500 3.808800 0. 0. 100. 0. 100.0 1 ;
LINE L506_616_1 IT506 IT616 1.331368 12.598900 0. 0. 1 ;
LINE L509_617_1 IT509 IT617 0.711892 6.742036 0. 0. 1 ;
LINE L509_618_1 IT509 IT618 0.568936 5.378900 0. 0. 1 ;
TRANSFO T509_619_1 IT509 IT619 0.138500 3.808800 0. 0. 100. 0. 100.0 1 ;
TRANSFO T510_620_1 IT510 IT620 0.138500 3.808800 0. 0. 100. 0. 100.0 1 ;
LINE L511_620_1 IT511 IT620 2.559876 14.627448 0. 0. 1 ;
LINE L511_620_2 IT511 IT620 2.559876 14.627448 0. 0. 1 ;
LINE L513_515_1 IT513 IT515 0.907500 5.184608 0. 0. 1 ;
LINE L514_522_1 IT514 IT522 2.927232 16.727524 0. 0. 1 ;
LINE L514_522_2 IT514 IT522 2.927232 16.727524 0. 0. 1 ;
LINE L516_621_1 CH516 CH621 1.654796 9.456876 0. 0. 1 ;
LINE L516_621_2 CH516 CH621 1.654796 9.456876 0. 0. 1 ;
TRANSFO T517_622_1 IT517 IT622 0.138500 3.808800 0. 0. 100. 0. 100.0 1 ;
LINE L518_524_1 IT518 IT524 1.960200 11.200728 0. 0. 1 ;
LINE L518_574_1 IT518 IT574 3.430592 19.602968 0. 0. 1 ;
LINE L518_622_1 IT518 IT622 1.310672 7.490384 0. 0. 1 ;
LINE L519_623_1 IT519 IT623 0.895280 8.473392 0. 0. 1 ;
LINE L519_624_1 IT519 IT624 0.239704 2.268524 0. 0. 1 ;
LINE L520_625_1 IT520 IT625 0.746548 7.066936 0. 0. 1 ;
LINE L521_626_1 IT521 IT626 2.863828 16.365492 0. 0. 1 ;
LINE L521_627_1 IT521 IT627 6.110016 34.913824 0. 0. 1 ;
LINE L523_622_1 IT523 IT622 3.093244 17.675680 0. 0. 1 ;
LINE L527_628_1 FR527 FR628 0.649044 3.709860 0. 0. 1 ;
LINE L528_629_1 FR528 FR629 0.187720 1.779008 0. 0. 1 ;
LINE L528_629_2 FR528 FR629 0.187720 1.779008 0. 0. 1 ;
TRANSFO T529_630_1 FR529 FR630 0.138500 3.808800 0. 0. 100. 0. 100.0 1 ;
LINE L530_631_1 FR530 FR631 0.348004 3.299540 0. 0. 1 ;
LINE L530_631_2 FR530 FR631 0.348004 3.299540 0. 0. 1 ;
LINE L530_632_1 FR530 FR632 0.879396 8.324660 0. 0. 1 ;
LINE L530_632_2 FR530 FR632 0.879396 8.324660 0. 0. 1 ;
LINE L530_632_3 FR530 FR632 0.794200 7.510244 0. 0. 1 ;
LINE L530_632_4 FR530 FR632 0.794200 7.510244 0. 0. 1 ;
TRANSFO T530_633_1 FR530 FR633 0.138500 3.808800 0. 0. 100. 0. 100.0 1 ;
LINE L531_589_1 FR531 FR589 0.465124 2.658612 0. 0. 1 ;
LINE L531_634_1 FR531 FR634 0.786500 4.493940 0. 0. 1 ;
LINE L531_634_2 FR531 FR634 0.786500 4.493940 0. 0. 1 ;
LINE L533_635_1 FR533 FR635 0.560472 3.203596 0. 0. 1 ;
LINE L533_636_1 FR533 FR636 1.530408 8.743944 0. 0. 1 ;
LINE L533_636_2 FR533 FR636 1.530408 8.743944 0. 0. 1 ;
LINE L533_637_1 FR533 FR637 0.698412 3.991548 0. 0. 1 ;
LINE L534_631_1 FR534 FR631 0.301796 2.856232 0. 0. 1 ;
LINE L534_631_2 FR534 FR631 0.301796 2.856232 0. 0. 1 ;
LINE L534_638_1 FR534 FR638 1.568184 14.842876 0. 0. 1 ;
LINE L534_638_2 FR534 FR638 1.568184 14.842876 0. 0. 1 ;
TRANSFO T534_639_1 FR534 FR639 0.138500 3.808800 0. 0. 100. 0. 100.0 1 ;
LINE L535_639_1 FR535 FR639 0.857648 4.899532 0. 0. 1 ;
LINE L535_640_1 FR535 FR640 0.934604 5.339004 0. 0. 1 ;
LINE L535_640_2 FR535 FR640 0.934604 5.339004 0. 0. 1 ;
LINE L536_641_1 FR536 FR641 3.965224 37.526672 0. 0. 1 ;
LINE L536_642_1 FR536 FR642 2.119792 20.058604 0. 0. 1 ;
LINE L536_642_2 FR536 FR642 2.119792 20.058604 0. 0. 1 ;
LINE L536_643_1 FR536 FR643 6.232304 58.988844 0. 0. 1 ;
LINE L536_644_1 FR536 FR644 2.295960 21.723536 0. 0. 1 ;
TRANSFO T536_645_1 FR536 FR645 0.138500 3.808800 0. 0. 100. 0. 100.0 1 ;
LINE L537_643_1 FR537 FR643 1.768900 16.747512 0. 0. 1 ;
TRANSFO T537_646_1 FR537 FR646 0.138500 3.808800 0. 0. 100. 0. 100.0 1 ;
LINE L538_647_1 FR538 FR647 2.233868 21.140160 0. 0. 1 ;
LINE L538_647_2 FR538 FR647 2.233868 21.140160 0. 0. 1 ;
LINE L538_648_1 FR538 FR648 1.399236 13.245812 0. 0. 1 ;
LINE L538_648_2 FR538 FR648 1.399236 13.245812 0. 0. 1 ;
TRANSFO T538_649_1 FR538 FR649 0.138500 3.808800 0. 0. 100. 0. 100.0 1 ;
LINE L539_645_1 FR539 FR645 5.900444 33.717376 0. 0. 1 ;
LINE L539_650_1 FR539 FR650 6.424132 36.709948 0. 0. 1 ;
LINE L540_651_1 FR540 FR651 2.199212 20.815260 0. 0. 1 ;
LINE L540_651_2 FR540 FR651 2.199212 20.815260 0. 0. 1 ;
LINE L540_652_1 FR540 FR652 1.007912 9.539064 0. 0. 1 ;
LINE L540_652_2 FR540 FR652 1.007912 9.539064 0. 0. 1 ;
LINE L541_653_1 FR541 FR653 0.582252 3.326532 0. 0. 1 ;
LINE L541_653_2 FR541 FR653 0.582252 3.326532 0. 0. 1 ;
LINE L542_652_1 FR542 FR652 1.906080 18.035560 0. 0. 1 ;
LINE L542_652_2 FR542 FR652 1.906080 18.035560 0. 0. 1 ;
LINE L542_654_1 FR542 FR654 1.117656 10.574412 0. 0. 1 ;
LINE L542_654_2 FR542 FR654 1.117656 10.574412 0. 0. 1 ;
TRANSFO T542_655_1 FR542 FR655 0.138500 3.808800 0. 0. 100. 0. 100.0 1 ;
LINE L543_656_1 FR543 FR656 0.609840 3.483348 0. 0. 1 ;
LINE L543_656_2 FR543 FR656 0.609840 3.483348 0. 0. 1 ;
LINE L543_657_1 FR543 FR657 0.732776 4.186116 0. 0. 1 ;
LINE L543_657_2 FR543 FR657 0.732776 4.186116 0. 0. 1 ;
LINE L543_658_1 FR543 FR658 0.953964 5.450324 0. 0. 1 ;
LINE L543_658_2 FR543 FR658 0.953964 5.450324 0. 0. 1 ;
LINE L544_659_1 FR544 FR659 1.299056 7.422624 0. 0. 1 ;
LINE L544_660_1 FR544 FR660 0.571120 3.262644 0. 0. 1 ;
LINE L544_660_2 FR544 FR660 0.571120 3.262644 0. 0. 1 ;
LINE L549_639_1 FR549 FR639 1.056088 6.034996 0. 0. 1 ;
LINE L549_661_1 FR549 FR661 0.429792 2.456300 0. 0. 1 ;
LINE L553_662_1 FR553 FR662 1.729816 9.885700 0. 0. 1 ;
LINE L554_663_1 FR554 FR663 1.103216 10.441564 0. 0. 1 ;
LINE L554_663_2 FR554 FR663 1.103216 10.441564 0. 0. 1 ;
TRANSFO T554_664_1 FR554 FR664 0.138500 3.808800 0. 0. 100. 0. 100.0 1 ;
LINE L555_630_1 FR555 FR630 0.673244 3.848284 0. 0. 1 ;
LINE L558_623_1 IT558 IT623 1.777564 16.819712 0. 0. 1 ;
TRANSFO T558_665_1 IT558 IT665 0.138500 3.808800 0. 0. 100. 0. 100.0 1 ;
LINE L559_666_1 FR559 FR666 0.862068 8.155712 0. 0. 1 ;
LINE L559_666_2 FR559 FR666 0.862068 8.155712 0. 0. 1 ;
LINE L559_667_1 FR559 FR667 2.053368 19.436240 0. 0. 1 ;
LINE L559_667_2 FR559 FR667 2.053368 19.436240 0. 0. 1 ;
LINE L560_668_1 FR560 FR668 1.303412 7.449244 0. 0. 1 ;
LINE L560_668_2 FR560 FR668 1.303412 7.449244 0. 0. 1 ;
LINE L560_669_1 FR560 FR669 2.306260 13.178352 0. 0. 1 ;
LINE L560_669_2 FR560 FR669 2.306260 13.178352 0. 0. 1 ;
LINE L560_670_1 FR560 FR670 0.964612 5.512760 0. 0. 1 ;
LINE L560_671_1 FR560 FR671 0.678568 3.876356 0. 0. 1 ;
LINE L561_672_1 FR561 FR672 0.879428 5.024888 0. 0. 1 ;
LINE L562_565_1 FR562 FR565 0.593868 3.392840 0. 0. 1 ;
LINE L562_673_1 FR562 FR673 0.680504 3.887488 0. 0. 1 ;
LINE L563_569_1 FR563 FR569 0.611292 3.491576 0. 0. 1 ;
LINE L563_674_1 FR563 FR674 1.642212 9.383792 0. 0. 1 ;
LINE L564_675_1 FR564 FR675 1.087548 6.213108 0. 0. 1 ;
LINE L566_573_1 FR566 FR573 0.645172 3.685176 0. 0. 1 ;
LINE L567_676_1 FR567 FR676 0.458832 2.622312 0. 0. 1 ;
LINE L567_677_1 FR567 FR677 0.482548 2.758800 0. 0. 1 ;
LINE L567_678_1 FR567 FR678 1.280180 7.314208 0. 0. 1 ;
LINE L568_669_1 FR568 FR669 1.294700 7.398908 0. 0. 1 ;
LINE L568_669_2 FR568 FR669 1.294700 7.398908 0. 0. 1 ;
LINE L569_573_1 FR569 FR573 0.965580 5.518568 0. 0. 1 ;
LINE L569_679_1 FR569 FR679 0.760364 4.343900 0. 0. 1 ;
LINE L569_680_1 FR569 FR680 1.913736 10.935980 0. 0. 1 ;
LINE L570_629_1 FR570 FR629 1.802112 17.053640 0. 0. 1 ;
LINE L570_629_2 FR570 FR629 1.802112 17.053640 0. 0. 1 ;
LINE L572_573_1 FR572 FR573 0.416240 2.377408 0. 0. 1 ;
LINE L576_681_1 CH576 CH681 1.271468 7.265324 0. 0. 1 ;
LINE L576_681_2 CH576 CH681 1.271468 7.265324 0. 0. 1 ;
LINE L576_682_1 CH576 CH682 1.515888 8.660696 0. 0. 1 ;
LINE L577_578_1 FR577 FR578 1.631720 15.436360 0. 0. 1 ;
TRANSFO T577_683_1 FR577 FR683 0.138500 3.808800 0. 0. 100. 0. 100.0 1 ;
LINE L578_684_1 FR578 FR684 0.820192 7.757168 0. 0. 1 ;
LINE L578_685_1 FR578 FR685 0.786980 7.446708 0. 0. 1 ;
LINE L578_685_2 FR578 FR685 0.786980 7.446708 0. 0. 1 ;
TRANSFO T578_686_1 FR578 FR686 0.138500 3.808800 0. 0. 100. 0. 100.0 1 ;
LINE L579_581_1 FR579 FR581 0.219488 2.080804 0. 0. 1 ;
LINE L579_687_1 FR579 BE687 0.938600 8.877712 0. 0. 1 ;
LINE L580_688_1 FR580 FR688 0.236816 2.241088 0. 0. 1 ;
TRANSFO T580_689_1 FR580 FR689 0.138500 3.808800 0. 0. 100. 0. 100.0 1 ;
TRANSFO T581_690_1 FR581 FR690 0.138500 3.808800 0. 0. 100. 0. 100.0 1 ;
LINE L583_691_1 FR583 BE691 1.149016 6.566428 0. 0. 1 ;
LINE L583_691_2 FR583 BE691 1.149016 6.566428 0. 0. 1 ;
LINE L584_692_1 FR584 FR692 3.342020 19.097672 0. 0. 1 ;
TRANSFO T585_693_1 DE585 DE693 0.138500 3.808800 0. 0. 100. 0. 100.0 1 ;
LINE L587_694_1 FR587 FR694 0.992200 5.669092 0. 0. 1 ;
LINE L589_695_1 FR589 FR695 0.514492 2.939332 0. 0. 1 ;
LINE L589_695_2 FR589 FR695 0.514492 2.939332 0. 0. 1 ;
LINE L591_696_1 DE591 DE696 0.941488 8.903704 0. 0. 1 ;
LINE L591_696_2 DE591 DE696 0.941488 8.903704 0. 0. 1 ;
LINE L591_697_1 DE591 DE697 0.425980 4.025872 0. 0. 1 ;
LINE L591_697_2 DE591 DE697 0.425980 4.025872 0. 0. 1 ;
LINE L591_698_1 DE591 DE698 0.402876 3.817936 0. 0. 1 ;
LINE L591_698_2 DE591 DE698 0.402876 3.817936 0. 0. 1 ;
TRANSFO T591_699_1 DE591 DE699 0.138500 3.808800 0. 0. 100. 0. 100.0 1 ;
LINE L592_700_1 DE592 DE700 0.425980 4.033092 0. 0. 1 ;
LINE L592_700_2 DE592 DE700 0.425980 4.033092 0. 0. 1 ;
LINE L592_701_1 DE592 DE701 0.244036 2.310400 0. 0. 1 ;
LINE L592_701_2 DE592 DE701 0.244036 2.310400 0. 0. 1 ;
LINE L593_702_1 DE593 DE702 3.256836 18.611736 0. 0. 1 ;
LINE L593_702_2 DE593 DE702 3.256836 18.611736 0. 0. 1 ;
LINE L593_703_1 DE593 DE703 1.252108 7.154488 0. 0. 1 ;
LINE L593_703_2 DE593 DE703 1.252108 7.154488 0. 0. 1 ;
LINE L593_703_3 DE593 DE703 1.252108 7.154488 0. 0. 1 ;
LINE L593_703_4 DE593 DE703 1.252108 7.154488 0. 0. 1 ;
LINE L594_595_1 DE594 DE595 0.420204 3.982552 0. 0. 1 ;
LINE L594_595_2 DE594 DE595 0.420204 3.982552 0. 0. 1 ;
LINE L594_704_1 DE594 DE704 1.604284 15.185104 0. 0. 1 ;
LINE L594_704_2 DE594 DE704 1.604284 15.185104 0. 0. 1 ;
LINE L594_705_1 DE594 DE705 0.983364 9.306580 0. 0. 1 ;
LINE L594_705_2 DE594 DE705 0.983364 9.306580 0. 0. 1 ;
TRANSFO T594_706_1 DE594 DE706 0.138500 3.808800 0. 0. 100. 0. 100.0 1 ;
LINE L595_696_1 DE595 DE696 1.256280 11.882676 0. 0. 1 ;
LINE L595_696_2 DE595 DE696 1.256280 11.882676 0. 0. 1 ;
TRANSFO T595_707_1 DE595 DE707 0.138500 3.808800 0. 0. 100. 0. 100.0 1 ;
LINE L597_708_1 DE597 DE708 0.138624 1.315484 0. 0. 1 ;
LINE L597_708_2 DE597 DE708 0.138624 1.315484 0. 0. 1 ;
LINE L597_708_3 DE597 DE708 0.138624 1.315484 0. 0. 1 ;
TRANSFO T597_709_1 DE597 DE709 0.138500 3.808800 0. 0. 100. 0. 100.0 1 ;
LINE L598_710_1 DE598 DE710 0.529496 3.026452 0. 0. 1 ;
LINE L599_711_1 DE599 DE711 0.353780 3.351524 0. 0. 1 ;
LINE L599_711_2 DE599 DE711 0.353780 3.351524 0. 0. 1 ;
LINE L599_712_1 DE599 DE712 2.255528 21.342320 0. 0. 1 ;
LINE L599_712_2 DE599 DE712 2.255528 21.342320 0. 0. 1 ;
LINE L599_712_3 DE599 DE712 2.255528 21.342320 0. 0. 1 ;
LINE L599_713_1 DE599 DE713 0.346560 3.283656 0. 0. 1 ;
LINE L599_713_2 DE599 DE713 0.346560 3.283656 0. 0. 1 ;
LINE L600_714_1 DE600 DE714 1.173972 11.105804 0. 0. 1 ;
LINE L600_714_2 DE600 DE714 1.173972 11.105804 0. 0. 1 ;
LINE L601_606_1 DE601 DE606 0.773984 7.329744 0. 0. 1 ;
LINE L601_606_2 DE601 DE606 0.773984 7.329744 0. 0. 1 ;
LINE L601_606_3 DE601 DE606 0.773984 7.329744 0. 0. 1 ;
LINE L603_715_1 AT603 AT715 0.887172 5.070384 0. 0. 1 ;
LINE L603_716_1 AT603 AT716 0.940412 5.372884 0. 0. 1 ;
LINE L603_716_2 AT603 AT716 0.940412 5.372884 0. 0. 1 ;
LINE L604_717_1 AT604 AT717 1.142240 6.527708 0. 0. 1 ;
LINE L604_717_2 AT604 AT717 1.142240 6.527708 0. 0. 1 ;
LINE L604_718_1 AT604 AT718 1.887600 10.785940 0. 0. 1 ;
LINE L604_718_2 AT604 AT718 1.887600 10.785940 0. 0. 1 ;
LINE L605_719_1 AT605 AT719 1.647604 15.596644 0. 0. 1 ;
LINE L605_719_2 AT605 AT719 1.647604 15.596644 0. 0. 1 ;
LINE L605_720_1 AT605 AT720 0.278692 2.639632 0. 0. 1 ;
LINE L606_721_1 DE606 DE721 0.324900 3.074276 0. 0. 1 ;
LINE L606_721_2 DE606 DE721 0.324900 3.074276 0. 0. 1 ;
LINE L607_722_1 DE607 DE722 1.016576 9.619928 0. 0. 1 ;
LINE L607_722_2 DE607 DE722 1.016576 9.619928 0. 0. 1 ;
LINE L607_722_3 DE607 DE722 1.016576 9.619928 0. 0. 1 ;
LINE L607_723_1 DE607 DE723 0.886616 8.391084 0. 0. 1 ;
LINE L607_723_2 DE607 DE723 0.886616 8.391084 0. 0. 1 ;
LINE L607_724_1 DE607 DE724 0.304684 2.882224 0. 0. 1 ;
LINE L607_724_2 DE607 DE724 0.304684 2.882224 0. 0. 1 ;
LINE L609_725_1 IT609 IT725 0.440420 4.165940 0. 0. 1 ;
LINE L611_726_1 IT611 IT726 0.307572 2.903884 0. 0. 1 ;
LINE L611_727_1 IT611 IT727 0.921272 8.718872 0. 0. 1 ;
LINE L611_728_1 IT611 IT728 1.270720 12.031408 0. 0. 1 ;
LINE L612_729_1 IT612 IT729 7.203372 41.162748 0. 0. 1 ;
LINE L612_730_1 IT612 IT730 10.043000 57.387880 0. 0. 1 ;
LINE L613_731_1 IT613 IT731 0.570636 3.261676 0. 0. 1 ;
LINE L613_731_2 IT613 IT731 0.570636 3.261676 0. 0. 1 ;
LINE L613_732_1 IT613 IT732 1.880824 10.747220 0. 0. 1 ;
LINE L613_732_2 IT613 IT732 1.880824 10.747220 0. 0. 1 ;
LINE L614_622_1 IT614 IT622 1.402148 8.011652 0. 0. 1 ;
LINE L614_733_1 IT614 IT733 8.698448 49.706800 0. 0. 1 ;
LINE L615_734_1 IT615 IT734 0.902660 5.158956 0. 0. 1 ;
LINE L615_734_2 IT615 IT734 0.902660 5.158956 0. 0. 1 ;
LINE L616_624_1 IT616 IT624 0.241148 2.277188 0. 0. 1 ;
LINE L616_735_1 IT616 IT735 0.264252 2.499564 0. 0. 1 ;
LINE L617_736_1 IT617 IT736 1.117656 10.580188 0. 0. 1 ;
LINE L618_725_1 IT618 IT725 0.238260 2.248308 0. 0. 1 ;
LINE L618_737_1 IT618 IT737 2.168888 20.522128 0. 0. 1 ;
LINE L618_738_1 IT618 IT738 1.019464 9.651696 0. 0. 1 ;
LINE L619_739_1 IT619 IT739 7.260000 41.484608 0. 0. 1 ;
LINE L619_739_2 IT619 IT739 7.260000 41.484608 0. 0. 1 ;
LINE L620_731_1 IT620 IT731 4.042368 23.099384 0. 0. 1 ;
LINE L620_731_2 IT620 IT731 4.042368 23.099384 0. 0. 1 ;
LINE L621_740_1 CH621 CH740 1.134496 6.482212 0. 0. 1 ;
LINE L621_740_2 CH621 CH740 1.134496 6.482212 0. 0. 1 ;
TRANSFO T623_627_1 IT623 IT627 0.138500 3.808800 0. 0. 100. 0. 100.0 1 ;
LINE L623_741_1 IT623 IT741 2.805692 26.550828 0. 0. 1 ;
LINE L623_742_1 IT623 IT742 0.606480 5.745676 0. 0. 1 ;
LINE L624_743_1 IT624 IT743 0.288800 2.733492 0. 0. 1 ;
LINE L625_727_1 IT625 IT727 0.893836 8.457508 0. 0. 1 ;
LINE L625_727_2 IT625 IT727 0.893836 8.457508 0. 0. 1 ;
LINE L625_744_1 IT625 IT744 0.257032 2.437472 0. 0. 1 ;
LINE L626_745_1 IT626 IT745 3.172136 18.124832 0. 0. 1 ;
LINE L627_745_1 IT627 IT745 1.712392 9.784060 0. 0. 1 ;
LINE L627_746_1 IT627 IT746 3.459148 19.767044 0. 0. 1 ;
LINE L630_747_1 FR630 FR747 0.611292 3.491576 0. 0. 1 ;
LINE L630_748_1 FR630 FR748 0.645656 3.690500 0. 0. 1 ;
LINE L630_749_1 FR630 FR749 0.539176 3.081628 0. 0. 1 ;
LINE L631_750_1 FR631 FR750 0.151620 1.435336 0. 0. 1 ;
LINE L632_751_1 FR632 FR751 2.365272 22.383444 0. 0. 1 ;
LINE L632_751_2 FR632 FR751 2.327728 22.029664 0. 0. 1 ;
LINE L632_751_3 FR632 FR751 2.327728 22.029664 0. 0. 1 ;
LINE L632_752_1 FR632 FR752 0.759544 7.191120 0. 0. 1 ;
LINE L632_752_2 FR632 FR752 0.759544 7.191120 0. 0. 1 ;
LINE L632_753_1 FR632 FR753 0.657020 6.217864 0. 0. 1 ;
LINE L632_753_2 FR632 FR753 0.657020 6.217864 0. 0. 1 ;
LINE L632_754_1 FR632 FR754 2.791252 26.422312 0. 0. 1 ;
LINE L632_754_2 FR632 FR754 2.791252 26.422312 0. 0. 1 ;
TRANSFO T632_755_1 FR632 FR755 0.138500 3.808800 0. 0. 100. 0. 100.0 1 ;
LINE L633_756_1 FR633 FR756 0.812636 4.642044 0. 0. 1 ;
LINE L633_756_2 FR633 FR756 0.812636 4.642044 0. 0. 1 ;
LINE L633_757_1 FR633 FR757 1.619948 9.256984 0. 0. 1 ;
LINE L633_758_1 FR633 FR758 0.612744 3.501256 0. 0. 1 ;
LINE L633_759_1 FR633 FR759 0.787952 4.503136 0. 0. 1 ;
LINE L633_759_2 FR633 FR759 0.787952 4.503136 0. 0. 1 ;
LINE L633_760_1 FR633 FR760 0.925408 5.286732 0. 0. 1 ;
LINE L633_760_2 FR633 FR760 0.925408 5.286732 0. 0. 1 ;
LINE L633_761_1 FR633 FR761 1.666896 9.525604 0. 0. 1 ;
LINE L633_761_2 FR633 FR761 1.666896 9.525604 0. 0. 1 ;
LINE L635_762_1 FR635 FR762 1.079320 6.168580 0. 0. 1 ;
LINE L635_763_1 FR635 FR763 1.085612 6.204396 0. 0. 1 ;
LINE L635_763_2 FR635 FR763 1.085612 6.204396 0. 0. 1 ;
LINE L636_764_1 FR636 FR764 1.684804 9.628212 0. 0. 1 ;
LINE L638_765_1 FR638 FR765 1.132096 10.713036 0. 0. 1 ;
LINE L638_765_2 FR638 FR765 1.132096 10.713036 0. 0. 1 ;
LINE L639_756_1 FR639 FR756 0.768592 4.390848 0. 0. 1 ;
LINE L639_756_2 FR639 FR756 0.768592 4.390848 0. 0. 1 ;
LINE L639_766_1 FR639 FR766 1.053184 6.018540 0. 0. 1 ;
LINE L639_766_2 FR639 FR766 1.053184 6.018540 0. 0. 1 ;
LINE L640_767_1 FR640 FR767 0.591932 3.381708 0. 0. 1 ;
LINE L640_767_2 FR640 FR767 0.591932 3.381708 0. 0. 1 ;
LINE L641_652_1 FR641 FR652 1.638940 15.504228 0. 0. 1 ;
LINE L641_652_2 FR641 FR652 1.638940 15.504228 0. 0. 1 ;
LINE L641_768_1 FR641 FR768 0.782648 7.412052 0. 0. 1 ;
LINE L641_768_2 FR641 FR768 0.782648 7.412052 0. 0. 1 ;
LINE L641_769_1 FR641 FR769 0.349448 3.305316 0. 0. 1 ;
LINE L641_770_1 FR641 FR770 0.645468 6.102344 0. 0. 1 ;
LINE L641_770_2 FR641 FR770 0.645468 6.102344 0. 0. 1 ;
LINE L642_771_1 FR642 FR771 1.393460 13.188052 0. 0. 1 ;
LINE L642_772_1 FR642 FR772 0.306128 2.893776 0. 0. 1 ;
TRANSFO T642_773_1 FR642 FR773 0.138500 3.808800 0. 0. 100. 0. 100.0 1 ;
LINE L643_774_1 FR643 FR774 0.245480 2.321952 0. 0. 1 ;
LINE L643_775_1 FR643 FR775 0.329232 3.110376 0. 0. 1 ;
TRANSFO T643_776_1 FR643 FR776 0.138500 3.808800 0. 0. 100. 0. 100.0 1 ;
LINE L644_777_1 FR644 FR777 3.888692 36.801784 0. 0. 1 ;
LINE L645_778_1 FR645 FR778 2.937880 16.786572 0. 0. 1 ;
LINE L645_779_1 FR645 FR779 6.167128 35.239556 0. 0. 1 ;
LINE L645_780_1 FR645 FR780 4.510396 25.774452 0. 0. 1 ;
LINE L645_781_1 FR645 FR781 5.005528 28.603916 0. 0. 1 ;
LINE L645_782_1 FR645 FR782 6.399932 36.569588 0. 0. 1 ;
LINE L645_783_1 FR645 FR783 5.956104 34.035848 0. 0. 1 ;
LINE L645_784_1 FR645 FR784 4.728196 27.016880 0. 0. 1 ;
LINE L645_785_1 FR645 FR785 7.795304 44.543004 0. 0. 1 ;
LINE L646_781_1 FR646 FR781 3.755356 21.458624 0. 0. 1 ;
LINE L646_785_1 FR646 FR785 1.361492 7.779332 0. 0. 1 ;
LINE L646_786_1 FR646 FR786 1.157728 6.614828 0. 0. 1 ;
LINE L646_786_2 FR646 FR786 1.300992 7.433272 0. 0. 1 ;
LINE L646_786_3 FR646 FR786 1.300992 7.433272 0. 0. 1 ;
LINE L646_787_1 FR646 FR787 0.972840 5.558256 0. 0. 1 ;
LINE L646_788_1 FR646 FR788 5.082968 29.046292 0. 0. 1 ;
LINE L647_651_1 FR647 FR651 2.004272 18.964052 0. 0. 1 ;
LINE L647_651_2 FR647 FR651 2.004272 18.964052 0. 0. 1 ;
TRANSFO T647_789_1 FR647 FR789 0.138500 3.808800 0. 0. 100. 0. 100.0 1 ;
TRANSFO T648_790_1 FR648 FR790 0.138500 3.808800 0. 0. 100. 0. 100.0 1 ;
LINE L649_791_1 FR649 FR791 0.974292 5.568420 0. 0. 1 ;
LINE L649_791_2 FR649 FR791 0.974292 5.568420 0. 0. 1 ;
LINE L649_792_1 FR649 FR792 1.194996 6.828272 0. 0. 1 ;
LINE L649_792_2 FR649 FR792 1.194996 6.828272 0. 0. 1 ;
LINE L649_793_1 FR649 FR793 2.672164 15.269716 0. 0. 1 ;
LINE L649_794_1 FR649 FR794 2.130084 12.173084 0. 0. 1 ;
LINE L649_795_1 FR649 FR795 2.673132 15.275040 0. 0. 1 ;
LINE L649_795_2 FR649 FR795 2.673132 15.275040 0. 0. 1 ;
LINE L651_796_1 FR651 FR796 0.498180 4.713216 0. 0. 1 ;
LINE L651_796_2 FR651 FR796 0.498180 4.713216 0. 0. 1 ;
LINE L651_796_3 FR651 FR796 0.498180 4.713216 0. 0. 1 ;
LINE L651_796_4 FR651 FR796 0.498180 4.713216 0. 0. 1 ;
TRANSFO T652_797_1 FR652 FR797 0.138500 3.808800 0. 0. 100. 0. 100.0 1 ;
LINE L653_659_1 FR653 FR659 2.225432 12.715164 0. 0. 1 ;
LINE L653_789_1 FR653 FR789 7.090600 40.516124 0. 0. 1 ;
LINE L654_798_1 FR654 FR798 0.534280 5.049668 0. 0. 1 ;
LINE L654_798_2 FR654 FR798 0.534280 5.049668 0. 0. 1 ;
TRANSFO T654_799_1 FR654 FR799 0.138500 3.808800 0. 0. 100. 0. 100.0 1 ;
LINE L655_656_1 FR655 FR656 0.649044 3.707440 0. 0. 1 ;
LINE L655_656_2 FR655 FR656 0.649044 3.707440 0. 0. 1 ;
LINE L655_767_1 FR655 FR767 0.680988 3.890392 0. 0. 1 ;
LINE L655_767_2 FR655 FR767 0.680988 3.890392 0. 0. 1 ;
LINE L655_797_1 FR655 FR797 4.304212 24.595428 0. 0. 1 ;
LINE L655_797_2 FR655 FR797 4.244196 24.253240 0. 0. 1 ;
LINE L655_800_1 FR655 FR800 1.068188 6.104692 0. 0. 1 ;
LINE L655_800_2 FR655 FR800 1.068188 6.104692 0. 0. 1 ;
LINE L655_801_1 FR655 FR801 1.016884 5.810420 0. 0. 1 ;
LINE L655_801_2 FR655 FR801 1.016884 5.810420 0. 0. 1 ;
LINE L655_802_1 FR655 FR802 1.366816 7.811276 0. 0. 1 ;
LINE L655_802_2 FR655 FR802 1.366816 7.811276 0. 0. 1 ;
LINE L657_658_1 FR657 FR658 0.728420 4.162884 0. 0. 1 ;
LINE L657_658_2 FR657 FR658 0.728420 4.162884 0. 0. 1 ;
LINE L658_803_1 FR658 FR803 0.892012 5.097972 0. 0. 1 ;
LINE L658_803_2 FR658 FR803 0.892012 5.097972 0. 0. 1 ;
LINE L662_804_1 FR662 FR804 2.934976 16.770600 0. 0. 1 ;
LINE L664_672_1 FR664 FR672 0.583704 3.335728 0. 0. 1 ;
LINE L664_678_1 FR664 FR678 0.429308 2.454364 0. 0. 1 ;
LINE L664_805_1 FR664 FR805 2.585044 14.771680 0. 0. 1 ;
LINE L664_806_1 FR664 FR806 1.182896 6.759544 0. 0. 1 ;
LINE L664_806_2 FR664 FR806 1.182896 6.759544 0. 0. 1 ;
LINE L664_807_1 FR664 FR807 3.185688 18.203724 0. 0. 1 ;
LINE L665_808_1 IT665 IT808 2.792196 15.954576 0. 0. 1 ;
LINE L665_809_1 IT665 IT809 1.243880 7.108024 0. 0. 1 ;
LINE L666_667_1 FR666 FR667 1.133540 10.723144 0. 0. 1 ;
LINE L666_667_2 FR666 FR667 1.133540 10.723144 0. 0. 1 ;
LINE L666_667_3 FR666 FR667 1.435336 13.579376 0. 0. 1 ;
LINE L666_667_4 FR666 FR667 1.435336 13.579376 0. 0. 1 ;
TRANSFO T666_810_1 FR666 FR810 0.138500 3.808800 0. 0. 100. 0. 100.0 1 ;
LINE L667_811_1 FR667 FR811 2.938540 27.804220 0. 0. 1 ;
LINE L667_811_2 FR667 FR811 2.938540 27.804220 0. 0. 1 ;
LINE L667_812_1 FR667 FR812 0.661352 6.258296 0. 0. 1 ;
LINE L667_812_2 FR667 FR812 0.661352 6.258296 0. 0. 1 ;
LINE L667_813_1 FR667 FR813 2.483680 23.503988 0. 0. 1 ;
LINE L667_813_2 FR667 FR813 2.483680 23.503988 0. 0. 1 ;
LINE L667_814_1 FR667 FR814 0.693120 6.554316 0. 0. 1 ;
LINE L667_814_2 FR667 FR814 0.693120 6.554316 0. 0. 1 ;
TRANSFO T667_815_1 FR667 FR815 0.138500 3.808800 0. 0. 100. 0. 100.0 1 ;
LINE L668_816_1 FR668 FR816 0.606452 3.464956 0. 0. 1 ;
LINE L671_817_1 FR671 FR817 0.564828 3.228764 0. 0. 1 ;
LINE L674_818_1 FR674 FR818 0.420112 2.401608 0. 0. 1 ;
LINE L674_819_1 FR674 FR819 1.605912 9.175672 0. 0. 1 ;
LINE L680_818_1 FR680 FR818 0.388168 2.216720 0. 0. 1 ;
LINE L680_820_1 FR680 FR820 0.707608 4.044304 0. 0. 1 ;
LINE L683_821_1 FR683 FR821 1.343584 7.676724 0. 0. 1 ;
LINE L683_821_2 FR683 FR821 1.343584 7.676724 0. 0. 1 ;
LINE L683_822_1 FR683 FR822 0.531916 3.038552 0. 0. 1 ;
LINE L683_822_2 FR683 FR822 0.531916 3.038552 0. 0. 1 ;
LINE L684_685_1 FR684 FR685 0.428868 4.059084 0. 0. 1 ;
LINE L684_823_1 FR684 BE823 0.602148 5.699468 0. 0. 1 ;
LINE L684_823_2 FR684 BE823 0.602148 5.699468 0. 0. 1 ;
LINE L685_824_1 FR685 FR824 0.553052 5.233056 0. 0. 1 ;
LINE L685_824_2 FR685 FR824 0.553052 5.233056 0. 0. 1 ;
LINE L685_825_1 FR685 FR825 0.844740 7.991096 0. 0. 1 ;
TRANSFO T685_826_1 FR685 FR826 0.138500 3.808800 0. 0. 100. 0. 100.0 1 ;
LINE L686_821_1 FR686 FR821 2.661032 15.204860 0. 0. 1 ;
LINE L686_827_1 FR686 FR827 1.083676 6.192780 0. 0. 1 ;
LINE L686_827_2 FR686 FR827 1.083676 6.192780 0. 0. 1 ;
LINE L686_828_1 FR686 FR828 0.415756 2.376440 0. 0. 1 ;
LINE L686_829_1 FR686 FR829 1.732236 9.898768 0. 0. 1 ;
LINE L686_830_1 FR686 FR830 2.888028 16.503432 0. 0. 1 ;
LINE L687_831_1 BE687 BE831 0.730664 6.916760 0. 0. 1 ;
LINE L689_832_1 FR689 FR832 1.846460 10.550232 0. 0. 1 ;
LINE L689_833_1 FR689 FR833 1.072544 6.127924 0. 0. 1 ;
LINE L690_834_1 FR690 BE834 2.275284 13.000724 0. 0. 1 ;
LINE L691_835_1 BE691 BE835 1.041568 5.951264 0. 0. 1 ;
LINE L691_835_2 BE691 BE835 1.041568 5.951264 0. 0. 1 ;
LINE L691_836_1 BE691 BE836 0.597740 3.414620 0. 0. 1 ;
LINE L691_836_2 BE691 BE836 0.597740 3.414620 0. 0. 1 ;
TRANSFO T691_837_1 BE691 BE837 0.138500 3.808800 0. 0. 100. 0. 100.0 1 ;
LINE L691_838_1 BE691 LU838 1.002364 5.728140 0. 0. 1 ;
LINE L691_838_2 BE691 LU838 1.002364 5.728140 0. 0. 1 ;
LINE L692_832_1 FR692 FR832 2.647480 15.128388 0. 0. 1 ;
LINE L693_839_1 DE693 DE839 0.812636 4.644464 0. 0. 1 ;
LINE L693_839_2 DE693 DE839 0.812636 4.644464 0. 0. 1 ;
LINE L694_840_1 FR694 FR840 1.182896 6.760028 0. 0. 1 ;
LINE L696_841_1 DE696 DE841 0.285912 2.708944 0. 0. 1 ;
LINE L696_841_2 DE696 DE841 0.285912 2.708944 0. 0. 1 ;
LINE L697_842_1 DE697 DE842 0.649800 6.149996 0. 0. 1 ;
LINE L697_842_2 DE697 DE842 0.649800 6.149996 0. 0. 1 ;
TRANSFO T698_703_1 DE698 DE703 0.138500 3.808800 0. 0. 100. 0. 100.0 1 ;
LINE L699_703_1 DE699 DE703 0.907500 5.186544 0. 0. 1 ;
LINE L699_703_2 DE699 DE703 0.907500 5.186544 0. 0. 1 ;
LINE L700_842_1 DE700 DE842 0.707560 6.692940 0. 0. 1 ;
LINE L700_842_2 DE700 DE842 0.707560 6.692940 0. 0. 1 ;
LINE L700_843_1 DE700 DE843 0.219488 2.079360 0. 0. 1 ;
LINE L700_843_2 DE700 DE843 0.219488 2.079360 0. 0. 1 ;
TRANSFO T700_844_1 DE700 DE844 0.138500 3.808800 0. 0. 100. 0. 100.0 1 ;
LINE L704_705_1 DE704 DE705 0.554496 5.241720 0. 0. 1 ;
LINE L704_705_2 DE704 DE705 0.554496 5.241720 0. 0. 1 ;
LINE L704_845_1 DE704 DE845 0.599260 5.676364 0. 0. 1 ;
LINE L704_845_2 DE704 DE845 0.599260 5.676364 0. 0. 1 ;
LINE L704_845_3 DE704 DE845 0.599260 5.676364 0. 0. 1 ;
LINE L704_846_1 DE704 DE846 0.456304 4.314672 0. 0. 1 ;
LINE L704_846_2 DE704 DE846 0.456304 4.314672 0. 0. 1 ;
LINE L704_846_3 DE704 DE846 0.456304 4.314672 0. 0. 1 ;
LINE L704_847_1 DE704 DE847 0.216600 2.044704 0. 0. 1 ;
LINE L704_847_2 DE704 DE847 0.216600 2.044704 0. 0. 1 ;
TRANSFO T704_848_1 DE704 DE848 0.138500 3.808800 0. 0. 100. 0. 100.0 1 ;
LINE L706_707_1 DE706 DE707 0.947188 5.411604 0. 0. 1 ;
LINE L706_707_2 DE706 DE707 0.947188 5.411604 0. 0. 1 ;
LINE L707_849_1 DE707 DE849 3.303300 18.875032 0. 0. 1 ;
LINE L707_849_2 DE707 DE849 3.303300 18.875032 0. 0. 1 ;
LINE L708_850_1 DE708 DE850 0.453416 4.288680 0. 0. 1 ;
LINE L708_850_2 DE708 DE850 0.453416 4.288680 0. 0. 1 ;
LINE L708_850_3 DE708 DE850 0.453416 4.288680 0. 0. 1 ;
LINE L709_839_1 DE709 DE839 2.217204 12.670636 0. 0. 1 ;
LINE L709_839_2 DE709 DE839 2.217204 12.670636 0. 0. 1 ;
LINE L711_851_1 DE711 DE851 1.059896 10.031468 0. 0. 1 ;
LINE L711_851_2 DE711 DE851 1.059896 10.031468 0. 0. 1 ;
LINE L712_852_1 DE712 DE852 0.987696 9.351344 0. 0. 1 ;
LINE L712_852_2 DE712 DE852 0.987696 9.351344 0. 0. 1 ;
LINE L712_853_1 DE712 DE853 2.153004 20.369064 0. 0. 1 ;
LINE L712_853_2 DE712 DE853 2.153004 20.369064 0. 0. 1 ;
LINE L712_853_3 DE712 DE853 2.153004 20.369064 0. 0. 1 ;
LINE L713_854_1 DE713 DE854 0.489516 4.633796 0. 0. 1 ;
LINE L714_843_1 DE714 DE843 0.993472 9.401884 0. 0. 1 ;
LINE L714_843_2 DE714 DE843 0.993472 9.401884 0. 0. 1 ;
LINE L718_855_1 AT718 AT855 0.445280 2.544872 0. 0. 1 ;
LINE L718_855_2 AT718 AT855 0.445280 2.544872 0. 0. 1 ;
LINE L719_856_1 AT719 AT856 0.166060 1.575404 0. 0. 1 ;
LINE L719_856_2 AT719 AT856 0.166060 1.575404 0. 0. 1 ;
LINE L719_857_1 AT719 AT857 1.945068 18.413888 0. 0. 1 ;
LINE L719_857_2 AT719 AT857 1.945068 18.413888 0. 0. 1 ;
LINE L722_858_1 DE722 DE858 0.646912 6.124004 0. 0. 1 ;
LINE L722_858_2 DE722 DE858 0.646912 6.124004 0. 0. 1 ;
LINE L722_859_1 DE722 DE859 0.257032 2.428808 0. 0. 1 ;
LINE L722_859_2 DE722 DE859 0.257032 2.428808 0. 0. 1 ;
LINE L722_859_3 DE722 DE859 0.257032 2.428808 0. 0. 1 ;
TRANSFO T723_860_1 DE723 DE860 0.138500 3.808800 0. 0. 100. 0. 100.0 1 ;
LINE L726_861_1 IT726 IT861 0.187720 1.777564 0. 0. 1 ;
LINE L726_862_1 IT726 IT862 0.392768 3.721188 0. 0. 1 ;
LINE L727_738_1 IT727 IT738 0.259920 2.456244 0. 0. 1 ;
LINE L727_862_1 IT727 IT862 0.769652 7.282092 0. 0. 1 ;
LINE L727_862_2 IT727 IT862 0.769652 7.282092 0. 0. 1 ;
LINE L727_863_1 IT727 IT863 0.875064 8.287116 0. 0. 1 ;
LINE L728_741_1 IT728 IT741 1.833880 17.361212 0. 0. 1 ;
LINE L728_864_1 IT728 IT864 1.579736 14.946844 0. 0. 1 ;
LINE L729_865_1 IT729 IT865 1.965524 11.231704 0. 0. 1 ;
LINE L729_866_1 IT729 IT866 5.220424 29.831824 0. 0. 1 ;
LINE L729_867_1 IT729 IT867 6.806492 38.892788 0. 0. 1 ;
LINE L729_868_1 IT729 IT868 0.729872 4.171596 0. 0. 1 ;
LINE L730_869_1 IT730 IT869 7.229024 41.309400 0. 0. 1 ;
TRANSFO T730_870_1 IT730 IT870 0.138500 3.808800 0. 0. 100. 0. 100.0 1 ;
LINE L730_871_1 IT730 IT871 6.679684 38.170176 0. 0. 1 ;
LINE L730_872_1 IT730 IT872 0.695992 3.976544 0. 0. 1 ;
LINE L733_873_1 IT733 IT873 0.892012 5.097004 0. 0. 1 ;
LINE L736_874_1 IT736 IT874 0.838964 7.940556 0. 0. 1 ;
TRANSFO T736_875_1 IT736 IT875 0.138500 3.808800 0. 0. 100. 0. 100.0 1 ;
LINE L737_876_1 IT737 IT876 0.447640 4.235252 0. 0. 1 ;
LINE L737_877_1 IT737 IT877 0.225264 2.132788 0. 0. 1 ;
LINE L738_878_1 IT738 IT878 0.427424 4.050420 0. 0. 1 ;
LINE L738_878_2 IT738 IT878 0.427424 4.050420 0. 0. 1 ;
LINE L739_873_1 IT739 IT873 4.309536 24.624952 0. 0. 1 ;
LINE L739_879_1 IT739 IT879 0.990264 5.656992 0. 0. 1 ;
LINE L739_880_1 IT739 IT880 0.768592 4.392784 0. 0. 1 ;
TRANSFO T741_872_1 IT741 IT872 0.138500 3.808800 0. 0. 100. 0. 100.0 1 ;
LINE L741_881_1 IT741 IT881 0.428868 4.056196 0. 0. 1 ;
LINE L741_882_1 IT741 IT882 2.866340 27.126984 0. 0. 1 ;
TRANSFO T742_871_1 IT742 IT871 0.138500 3.808800 0. 0. 100. 0. 100.0 1 ;
LINE L744_862_1 IT744 IT862 0.270028 2.548660 0. 0. 1 ;
TRANSFO T750_756_1 FR750 FR756 0.138500 3.808800 0. 0. 100. 0. 100.0 1 ;
LINE L751_883_1 FR751 FR883 1.672152 15.829128 0. 0. 1 ;
LINE L751_883_2 FR751 FR883 1.672152 15.829128 0. 0. 1 ;
LINE L751_884_1 FR751 FR884 1.002136 9.479860 0. 0. 1 ;
LINE L751_884_2 FR751 FR884 1.002136 9.479860 0. 0. 1 ;
LINE L751_885_1 FR751 FR885 2.066364 19.557536 0. 0. 1 ;
LINE L751_885_2 FR751 FR885 2.066364 19.557536 0. 0. 1 ;
TRANSFO T751_886_1 FR751 FR886 0.138500 3.808800 0. 0. 100. 0. 100.0 1 ;
TRANSFO T752_761_1 FR752 FR761 0.138500 3.808800 0. 0. 100. 0. 100.0 1 ;
LINE L752_798_1 FR752 FR798 0.821636 7.778828 0. 0. 1 ;
LINE L752_798_2 FR752 FR798 0.821636 7.778828 0. 0. 1 ;
LINE L753_887_1 FR753 FR887 1.432448 13.551940 0. 0. 1 ;
LINE L753_887_2 FR753 FR887 1.432448 13.551940 0. 0. 1 ;
TRANSFO T753_888_1 FR753 FR888 0.138500 3.808800 0. 0. 100. 0. 100.0 1 ;
LINE L754_885_1 FR754 FR885 0.990584 9.374448 0. 0. 1 ;
LINE L754_885_2 FR754 FR885 0.990584 9.374448 0. 0. 1 ;
LINE L754_887_1 FR754 FR887 0.843296 7.980988 0. 0. 1 ;
LINE L754_887_2 FR754 FR887 0.843296 7.980988 0. 0. 1 ;
LINE L754_887_3 FR754 FR887 0.834632 7.894348 0. 0. 1 ;
LINE L754_887_4 FR754 FR887 0.834632 7.894348 0. 0. 1 ;
LINE L754_889_1 FR754 FR889 0.776872 7.352848 0. 0. 1 ;
LINE L754_889_2 FR754 FR889 0.776872 7.352848 0. 0. 1 ;
LINE L754_889_3 FR754 FR889 0.799976 7.566560 0. 0. 1 ;
LINE L754_889_4 FR754 FR889 0.799976 7.566560 0. 0. 1 ;
LINE L754_890_1 FR754 FR890 0.597816 5.650372 0. 0. 1 ;
LINE L754_890_2 FR754 FR890 0.597816 5.650372 0. 0. 1 ;
LINE L754_891_1 FR754 FR891 1.314040 12.440060 0. 0. 1 ;
LINE L754_891_2 FR754 FR891 1.314040 12.440060 0. 0. 1 ;
LINE L755_757_1 FR755 FR757 0.854260 4.880656 0. 0. 1 ;
LINE L755_892_1 FR755 FR892 1.124332 6.425584 0. 0. 1 ;
LINE L757_893_1 FR757 FR893 3.769876 21.540904 0. 0. 1 ;
LINE L757_894_1 FR757 FR894 1.168860 6.680168 0. 0. 1 ;
LINE L757_894_2 FR757 FR894 1.168860 6.680168 0. 0. 1 ;
LINE L758_895_1 FR758 FR895 3.007092 17.184420 0. 0. 1 ;
LINE L761_896_1 FR761 FR896 1.797092 10.267576 0. 0. 1 ;
LINE L761_896_2 FR761 FR896 1.797092 10.267576 0. 0. 1 ;
LINE L761_897_1 FR761 FR897 1.119008 6.395092 0. 0. 1 ;
LINE L761_897_2 FR761 FR897 1.119008 6.395092 0. 0. 1 ;
LINE L762_898_1 FR762 FR898 2.572944 14.702952 0. 0. 1 ;
LINE L762_899_1 FR762 FR899 0.531916 3.040004 0. 0. 1 ;
LINE L762_899_2 FR762 FR899 0.531916 3.040004 0. 0. 1 ;
LINE L765_884_1 FR765 FR884 1.696700 16.063056 0. 0. 1 ;
LINE L765_884_2 FR765 FR884 1.696700 16.063056 0. 0. 1 ;
TRANSFO T765_900_1 FR765 FR900 0.138500 3.808800 0. 0. 100. 0. 100.0 1 ;
LINE L768_901_1 FR768 FR901 0.769652 7.283536 0. 0. 1 ;
LINE L768_901_2 FR768 FR901 0.769652 7.283536 0. 0. 1 ;
TRANSFO T770_902_1 FR770 FR902 0.138500 3.808800 0. 0. 100. 0. 100.0 1 ;
LINE L771_903_1 FR771 FR903 1.646160 15.580760 0. 0. 1 ;
LINE L773_904_1 FR773 FR904 2.312068 13.210780 0. 0. 1 ;
LINE L773_904_2 FR773 FR904 2.312068 13.210780 0. 0. 1 ;
LINE L774_905_1 FR774 FR905 4.691556 44.395780 0. 0. 1 ;
LINE L776_785_1 FR776 FR785 4.874364 27.853232 0. 0. 1 ;
LINE L776_785_2 FR776 FR785 5.142500 29.386544 0. 0. 1 ;
LINE L776_788_1 FR776 FR788 2.956272 16.892568 0. 0. 1 ;
LINE L776_906_1 FR776 FR906 2.637800 15.074180 0. 0. 1 ;
LINE L776_907_1 FR776 FR907 3.056460 17.464656 0. 0. 1 ;
LINE L776_908_1 FR776 FR908 0.877008 5.009884 0. 0. 1 ;
LINE L776_909_1 FR776 FR909 2.846888 16.268692 0. 0. 1 ;
LINE L776_910_1 FR776 FR910 2.299968 13.143504 0. 0. 1 ;
LINE L777_911_1 FR777 FR911 0.242592 2.301736 0. 0. 1 ;
LINE L777_911_2 FR777 FR911 0.242592 2.301736 0. 0. 1 ;
LINE L777_912_1 FR777 FR912 0.215156 2.040372 0. 0. 1 ;
LINE L778_785_1 FR778 FR785 4.899048 27.995044 0. 0. 1 ;
LINE L778_913_1 FR778 FR913 0.499004 2.851728 0. 0. 1 ;
LINE L779_914_1 FR779 FR914 2.831400 16.177700 0. 0. 1 ;
LINE L780_794_1 FR780 FR794 1.169344 6.683072 0. 0. 1 ;
LINE L783_915_1 FR783 FR915 1.616076 9.233268 0. 0. 1 ;
LINE L783_916_1 FR783 FR916 1.209032 6.909100 0. 0. 1 ;
LINE L784_785_1 FR784 FR785 3.282004 18.755000 0. 0. 1 ;
LINE L785_917_1 FR785 FR917 0.771012 4.404400 0. 0. 1 ;
LINE L786_918_1 FR786 FR918 1.249688 7.141904 0. 0. 1 ;
LINE L786_919_1 FR786 FR919 2.650868 15.148716 0. 0. 1 ;
LINE L787_920_1 FR787 FR920 1.136916 6.495764 0. 0. 1 ;
LINE L788_921_1 FR788 FR921 6.703400 38.306180 0. 0. 1 ;
LINE L788_922_1 FR788 FR922 4.347772 24.845172 0. 0. 1 ;
LINE L788_923_1 FR788 FR923 0.621456 3.550624 0. 0. 1 ;
LINE L789_804_1 FR789 FR804 1.178056 6.730504 0. 0. 1 ;
LINE L790_924_1 FR790 FR924 0.534820 3.056944 0. 0. 1 ;
LINE L792_925_1 FR792 FR925 2.704592 15.453636 0. 0. 1 ;
LINE L793_926_1 FR793 FR926 1.079804 6.169064 0. 0. 1 ;
LINE L793_927_1 FR793 FR927 1.544444 8.825256 0. 0. 1 ;
LINE L797_902_1 FR797 FR902 1.716748 9.810196 0. 0. 1 ;
LINE L797_902_2 FR797 FR902 1.716748 9.810196 0. 0. 1 ;
LINE L797_902_3 FR797 FR902 1.851784 10.581692 0. 0. 1 ;
LINE L797_928_1 FR797 FR928 1.425864 8.147172 0. 0. 1 ;
LINE L797_928_2 FR797 FR928 1.425864 8.147172 0. 0. 1 ;
LINE L797_929_1 FR797 FR929 1.866304 10.664456 0. 0. 1 ;
LINE L797_929_2 FR797 FR929 1.866304 10.664456 0. 0. 1 ;
LINE L798_930_1 FR798 FR930 1.696700 16.054392 0. 0. 1 ;
LINE L798_930_2 FR798 FR930 1.696700 16.054392 0. 0. 1 ;
LINE L798_931_1 FR798 FR931 0.199272 1.885864 0. 0. 1 ;
LINE L798_931_2 FR798 FR931 0.199272 1.885864 0. 0. 1 ;
TRANSFO T798_932_1 FR798 FR932 0.138500 3.808800 0. 0. 100. 0. 100.0 1 ;
LINE L799_802_1 FR799 FR802 0.710512 4.059308 0. 0. 1 ;
LINE L802_932_1 FR802 FR932 1.581228 9.033860 0. 0. 1 ;
LINE L802_932_2 FR802 FR932 1.581228 9.033860 0. 0. 1 ;
LINE L805_807_1 FR805 FR807 0.785048 4.484744 0. 0. 1 ;
LINE L806_933_1 FR806 FR933 3.994452 22.824472 0. 0. 1 ;
LINE L806_933_2 FR806 FR933 3.994452 22.824472 0. 0. 1 ;
LINE L807_934_1 FR807 FR934 1.577840 9.015952 0. 0. 1 ;
LINE L808_935_1 IT808 IT935 2.570040 14.685528 0. 0. 1 ;
LINE L809_871_1 IT809 IT871 1.902120 10.868220 0. 0. 1 ;
LINE L810_936_1 FR810 FR936 0.581284 3.321692 0. 0. 1 ;
LINE L810_937_1 FR810 FR937 0.760848 4.348256 0. 0. 1 ;
LINE L811_938_1 FR811 FR938 0.199272 1.881532 0. 0. 1 ;
LINE L811_938_2 FR811 FR938 0.199272 1.881532 0. 0. 1 ;
LINE L811_939_1 FR811 FR939 0.077976 0.732108 0. 0. 1 ;
LINE L812_940_1 FR812 FR940 1.864204 17.645680 0. 0. 1 ;
LINE L812_940_2 FR812 FR940 1.864204 17.645680 0. 0. 1 ;
LINE L813_905_1 FR813 FR905 2.708944 25.641108 0. 0. 1 ;
LINE L813_905_2 FR813 FR905 2.708944 25.641108 0. 0. 1 ;
TRANSFO T813_941_1 FR813 FR941 0.138500 3.808800 0. 0. 100. 0. 100.0 1 ;
LINE L814_942_1 FR814 FR942 0.327788 3.101712 0. 0. 1 ;
LINE L814_942_2 FR814 FR942 0.327788 3.101712 0. 0. 1 ;
LINE L815_943_1 FR815 FR943 2.692008 15.382004 0. 0. 1 ;
LINE L816_944_1 FR816 FR944 0.543532 3.106312 0. 0. 1 ;
LINE L818_945_1 FR818 FR945 0.388168 2.218172 0. 0. 1 ;
LINE L819_946_1 FR819 FR946 1.454904 8.314636 0. 0. 1 ;
LINE L821_947_1 FR821 FR947 0.776820 4.439248 0. 0. 1 ;
LINE L821_948_1 FR821 FR948 0.886204 5.064092 0. 0. 1 ;
LINE L821_948_2 FR821 FR948 0.886204 5.064092 0. 0. 1 ;
LINE L821_949_1 FR821 FR949 0.834900 4.770304 0. 0. 1 ;
LINE L822_898_1 FR822 FR898 3.420912 19.546340 0. 0. 1 ;
LINE L823_950_1 BE823 BE950 0.886616 8.385308 0. 0. 1 ;
LINE L823_950_2 BE823 BE950 0.886616 8.385308 0. 0. 1 ;
LINE L823_951_1 BE823 BE951 0.657020 6.214976 0. 0. 1 ;
LINE L823_951_2 BE823 BE951 0.657020 6.214976 0. 0. 1 ;
LINE L824_952_1 FR824 FR952 1.751572 16.571344 0. 0. 1 ;
LINE L824_952_2 FR824 FR952 1.751572 16.571344 0. 0. 1 ;
TRANSFO T824_953_1 FR824 FR953 0.138500 3.808800 0. 0. 100. 0. 100.0 1 ;
LINE L825_884_1 FR825 FR884 0.576156 5.458320 0. 0. 1 ;
LINE L825_884_2 FR825 FR884 0.576156 5.458320 0. 0. 1 ;
TRANSFO T825_954_1 FR825 FR954 0.138500 3.808800 0. 0. 100. 0. 100.0 1 ;
LINE L826_830_1 FR826 FR830 0.974292 5.568420 0. 0. 1 ;
LINE L826_955_1 FR826 FR955 0.816024 4.663340 0. 0. 1 ;
LINE L826_955_2 FR826 FR955 0.816024 4.663340 0. 0. 1 ;
LINE L827_828_1 FR827 FR828 0.692120 3.955248 0. 0. 1 ;
LINE L827_949_1 FR827 FR949 1.251140 7.148196 0. 0. 1 ;
LINE L829_956_1 FR829 FR956 1.332936 7.615256 0. 0. 1 ;
LINE L830_954_1 FR830 FR954 1.008172 5.759600 0. 0. 1 ;
LINE L830_957_1 FR830 FR957 0.441892 2.525512 0. 0. 1 ;
LINE L830_957_2 FR830 FR957 0.441892 2.525512 0. 0. 1 ;
LINE L830_958_1 FR830 FR958 0.506264 2.893352 0. 0. 1 ;
LINE L830_959_1 FR830 FR959 1.315028 7.514584 0. 0. 1 ;
LINE L830_959_2 FR830 FR959 1.315028 7.514584 0. 0. 1 ;
LINE L830_960_1 FR830 FR960 1.591392 9.094844 0. 0. 1 ;
LINE L830_961_1 FR830 FR961 0.676632 3.866676 0. 0. 1 ;
LINE L831_962_1 BE831 BE962 0.771096 7.296532 0. 0. 1 ;
LINE L831_962_2 BE831 BE962 0.771096 7.296532 0. 0. 1 ;
LINE L831_963_1 BE831 BE963 0.459192 4.346440 0. 0. 1 ;
LINE L831_963_2 BE831 BE963 0.459192 4.346440 0. 0. 1 ;
LINE L831_963_3 BE831 BE963 0.506844 4.794080 0. 0. 1 ;
LINE L831_963_4 BE831 BE963 0.506844 4.794080 0. 0. 1 ;
LINE L831_964_1 BE831 BE964 2.215096 20.968324 0. 0. 1 ;
LINE L831_964_2 BE831 BE964 2.215096 20.968324 0. 0. 1 ;
LINE L831_965_1 BE831 BE965 0.437532 4.138504 0. 0. 1 ;
LINE L831_965_2 BE831 BE965 0.437532 4.138504 0. 0. 1 ;
LINE L831_966_1 BE831 BE966 1.316928 12.466052 0. 0. 1 ;
LINE L831_966_2 BE831 BE966 1.316928 12.466052 0. 0. 1 ;
LINE L832_967_1 FR832 FR967 0.553212 3.161972 0. 0. 1 ;
LINE L835_968_1 BE835 BE968 1.911800 10.924364 0. 0. 1 ;
LINE L835_968_2 BE835 BE968 1.911800 10.924364 0. 0. 1 ;
LINE L836_969_1 BE836 BE969 0.600644 3.431076 0. 0. 1 ;
LINE L836_969_2 BE836 BE969 0.600644 3.431076 0. 0. 1 ;
LINE L837_970_1 BE837 BE970 1.331368 12.606120 0. 0. 1 ;
LINE L837_970_2 BE837 BE970 1.331368 12.606120 0. 0. 1 ;
LINE L838_971_1 LU838 LU971 0.648076 3.702600 0. 0. 1 ;
LINE L838_972_1 LU838 LU972 0.615164 3.515776 0. 0. 1 ;
LINE L838_972_2 LU838 LU972 0.615164 3.515776 0. 0. 1 ;
LINE L839_973_1 DE839 DE973 0.798116 4.559764 0. 0. 1 ;
LINE L839_973_2 DE839 DE973 0.798116 4.559764 0. 0. 1 ;
LINE L841_974_1 DE841 DE974 1.469992 13.917272 0. 0. 1 ;
LINE L841_974_2 DE841 DE974 1.469992 13.917272 0. 0. 1 ;
LINE L842_975_1 DE842 DE975 0.129960 1.234620 0. 0. 1 ;
LINE L842_975_2 DE842 DE975 0.129960 1.234620 0. 0. 1 ;
LINE L843_976_1 DE843 DE976 2.297404 21.736532 0. 0. 1 ;
LINE L843_976_2 DE843 DE976 2.297404 21.736532 0. 0. 1 ;
LINE L844_977_1 DE844 DE977 0.815056 4.657048 0. 0. 1 ;
LINE L844_977_2 DE844 DE977 0.815056 4.657048 0. 0. 1 ;
LINE L844_977_3 DE844 DE977 0.815056 4.657048 0. 0. 1 ;
LINE L845_978_1 DE845 DE978 0.336452 3.182576 0. 0. 1 ;
LINE L845_978_2 DE845 DE978 0.336452 3.182576 0. 0. 1 ;
LINE L845_978_3 DE845 DE978 0.336452 3.182576 0. 0. 1 ;
LINE L845_979_1 DE845 DE979 0.262808 2.486568 0. 0. 1 ;
LINE L845_979_2 DE845 DE979 0.262808 2.486568 0. 0. 1 ;
LINE L846_974_1 DE846 DE974 1.790560 16.946784 0. 0. 1 ;
LINE L846_974_2 DE846 DE974 1.790560 16.946784 0. 0. 1 ;
LINE L846_974_3 DE846 DE974 1.790560 16.946784 0. 0. 1 ;
LINE L846_980_1 DE846 DE980 0.368220 3.478596 0. 0. 1 ;
LINE L846_980_2 DE846 DE980 0.368220 3.478596 0. 0. 1 ;
TRANSFO T846_981_1 DE846 DE981 0.138500 3.808800 0. 0. 100. 0. 100.0 1 ;
LINE L847_979_1 DE847 DE979 0.300352 2.836016 0. 0. 1 ;
LINE L847_979_2 DE847 DE979 0.300352 2.836016 0. 0. 1 ;
LINE L847_982_1 DE847 DE982 0.729220 6.895100 0. 0. 1 ;
LINE L847_982_2 DE847 DE982 0.729220 6.895100 0. 0. 1 ;
LINE L848_983_1 DE848 DE983 1.950036 11.143132 0. 0. 1 ;
LINE L848_983_2 DE848 DE983 1.950036 11.143132 0. 0. 1 ;
LINE L849_984_1 DE849 DE984 2.912712 16.642340 0. 0. 1 ;
LINE L849_984_2 DE849 DE984 2.912712 16.642340 0. 0. 1 ;
LINE L849_984_3 DE849 DE984 2.912712 16.642340 0. 0. 1 ;
TRANSFO T850_984_1 DE850 DE984 0.138500 3.808800 0. 0. 100. 0. 100.0 1 ;
LINE L850_985_1 DE850 DE985 1.530640 14.484764 0. 0. 1 ;
LINE L850_985_2 DE850 DE985 1.530640 14.484764 0. 0. 1 ;
LINE L851_986_1 DE851 DE986 0.495292 4.693000 0. 0. 1 ;
LINE L851_986_2 DE851 DE986 0.495292 4.693000 0. 0. 1 ;
LINE L852_986_1 DE852 DE986 1.309708 12.401072 0. 0. 1 ;
LINE L852_986_2 DE852 DE986 1.309708 12.401072 0. 0. 1 ;
LINE L853_987_1 DE853 DE987 0.342228 3.243224 0. 0. 1 ;
LINE L853_987_2 DE853 DE987 0.342228 3.243224 0. 0. 1 ;
LINE L853_987_3 DE853 DE987 0.342228 3.243224 0. 0. 1 ;
TRANSFO T853_988_1 DE853 DE988 0.138500 3.808800 0. 0. 100. 0. 100.0 1 ;
LINE L856_989_1 AT856 AT989 0.810084 7.663308 0. 0. 1 ;
TRANSFO T856_990_1 AT856 AT990 0.138500 3.808800 0. 0. 100. 0. 100.0 1 ;
TRANSFO T857_991_1 AT857 AT991 0.138500 3.808800 0. 0. 100. 0. 100.0 1 ;
LINE L858_987_1 DE858 DE987 0.953040 9.014892 0. 0. 1 ;
LINE L858_987_2 DE858 DE987 0.953040 9.014892 0. 0. 1 ;
LINE L859_992_1 DE859 DE992 1.565296 14.809664 0. 0. 1 ;
LINE L859_992_2 DE859 DE992 1.565296 14.809664 0. 0. 1 ;
LINE L859_992_3 DE859 DE992 1.565296 14.809664 0. 0. 1 ;
LINE L859_993_1 DE859 DE993 0.296020 2.797028 0. 0. 1 ;
LINE L859_993_2 DE859 DE993 0.296020 2.797028 0. 0. 1 ;
LINE L859_994_1 DE859 DE994 0.631028 5.970940 0. 0. 1 ;
LINE L859_994_2 DE859 DE994 0.631028 5.970940 0. 0. 1 ;
LINE L860_995_1 DE860 DE995 3.914108 22.365156 0. 0. 1 ;
LINE L860_995_2 DE860 DE995 3.914108 22.365156 0. 0. 1 ;
LINE L863_996_1 IT863 IT996 2.747932 26.007884 0. 0. 1 ;
LINE L864_997_1 IT864 IT997 0.293132 2.776812 0. 0. 1 ;
LINE L865_875_1 IT865 IT875 1.834360 10.481988 0. 0. 1 ;
LINE L865_998_1 IT865 IT998 2.272864 12.987172 0. 0. 1 ;
LINE L865_998_2 IT865 IT998 2.272864 12.987172 0. 0. 1 ;
LINE L865_999_1 IT865 IT999 2.003276 11.445632 0. 0. 1 ;
LINE L865_999_2 IT865 IT999 2.003276 11.445632 0. 0. 1 ;
LINE L865_1000_1 IT865 IT1000 2.838176 16.216904 0. 0. 1 ;
LINE L865_1000_2 IT865 IT1000 2.838176 16.216904 0. 0. 1 ;
LINE L866_998_1 IT866 IT998 4.613004 26.359124 0. 0. 1 ;
LINE L866_1001_1 IT866 IT1001 2.493568 14.247992 0. 0. 1 ;
LINE L866_1001_2 IT866 IT1001 2.493568 14.247992 0. 0. 1 ;
LINE L866_1002_1 IT866 IT1002 0.921536 5.264952 0. 0. 1 ;
TRANSFO T867_1003_1 IT867 IT1003 0.138500 3.808800 0. 0. 100. 0. 100.0 1 ;
LINE L868_1004_1 IT868 IT1004 5.279956 30.169656 0. 0. 1 ;
LINE L868_1005_1 IT868 IT1005 1.810160 10.342596 0. 0. 1 ;
TRANSFO T869_1006_1 IT869 IT1006 0.138500 3.808800 0. 0. 100. 0. 100.0 1 ;
LINE L870_881_1 IT870 IT881 0.231040 2.181884 0. 0. 1 ;
LINE L872_1000_1 IT872 IT1000 5.744112 32.823428 0. 0. 1 ;
LINE L874_876_1 IT874 IT876 1.078668 10.213412 0. 0. 1 ;
LINE L874_1007_1 IT874 IT1007 1.392016 13.170724 0. 0. 1 ;
LINE L874_1008_1 IT874 IT1008 0.960260 9.087092 0. 0. 1 ;
TRANSFO T874_1009_1 IT874 IT1009 0.138500 3.808800 0. 0. 100. 0. 100.0 1 ;
TRANSFO T876_999_1 IT876 IT999 0.138500 3.808800 0. 0. 100. 0. 100.0 1 ;
LINE L876_1010_1 IT876 IT1010 1.542192 14.600284 0. 0. 1 ;
LINE L876_1011_1 IT876 IT1011 0.361000 3.419392 0. 0. 1 ;
LINE L879_1012_1 IT879 IT1012 1.659636 9.483496 0. 0. 1 ;
LINE L879_1012_2 IT879 IT1012 1.659636 9.483496 0. 0. 1 ;
LINE L881_1013_1 IT881 IT1013 2.103908 19.908428 0. 0. 1 ;
LINE L882_1013_1 IT882 IT1013 1.103216 10.434344 0. 0. 1 ;
LINE L882_1013_2 IT882 IT1013 1.103216 10.434344 0. 0. 1 ;
LINE L882_1014_1 IT882 IT1014 0.733552 6.941308 0. 0. 1 ;
LINE L882_1014_2 IT882 IT1014 0.616588 5.840980 0. 0. 1 ;
LINE L883_1015_1 FR883 FR1015 1.396348 13.215488 0. 0. 1 ;
LINE L883_1015_2 FR883 FR1015 1.396348 13.215488 0. 0. 1 ;
LINE L884_952_1 FR884 FR952 2.843236 26.907496 0. 0. 1 ;
LINE L884_952_2 FR884 FR952 2.843236 26.907496 0. 0. 1 ;
LINE L885_1016_1 FR885 FR1016 0.207936 1.962396 0. 0. 1 ;
LINE L885_1016_2 FR885 FR1016 0.207936 1.962396 0. 0. 1 ;
LINE L886_1017_1 FR886 FR1017 2.807684 16.043148 0. 0. 1 ;
LINE L886_1018_1 FR886 FR1018 2.076360 11.864776 0. 0. 1 ;
LINE L886_1019_1 FR886 FR1019 3.168748 18.108376 0. 0. 1 ;
LINE L886_1020_1 FR886 FR1020 2.326104 13.291124 0. 0. 1 ;
LINE L886_1021_1 FR886 FR1021 0.753104 4.303728 0. 0. 1 ;
LINE L888_892_1 FR888 FR892 1.102552 6.300228 0. 0. 1 ;
TRANSFO T890_1022_1 FR890 FR1022 0.138500 3.808800 0. 0. 100. 0. 100.0 1 ;
LINE L891_930_1 FR891 FR930 1.110436 10.502212 0. 0. 1 ;
LINE L891_930_2 FR891 FR930 1.110436 10.502212 0. 0. 1 ;
LINE L891_1023_1 FR891 FR1023 2.311844 21.879488 0. 0. 1 ;
LINE L891_1023_2 FR891 FR1023 2.311844 21.879488 0. 0. 1 ;
LINE L891_1024_1 FR891 FR1024 1.057008 10.004032 0. 0. 1 ;
LINE L891_1024_2 FR891 FR1024 1.057008 10.004032 0. 0. 1 ;
TRANSFO T891_1025_1 FR891 FR1025 0.138500 3.808800 0. 0. 100. 0. 100.0 1 ;
LINE L893_900_1 FR893 FR900 0.662112 3.783912 0. 0. 1 ;
LINE L893_1026_1 FR893 FR1026 0.496100 2.834788 0. 0. 1 ;
LINE L893_1027_1 FR893 FR1027 0.552728 3.157616 0. 0. 1 ;
LINE L894_895_1 FR894 FR895 0.810700 4.631880 0. 0. 1 ;
LINE L895_1028_1 FR895 FR1028 0.825220 4.715612 0. 0. 1 ;
TRANSFO T896_931_1 FR896 FR931 0.138500 3.808800 0. 0. 100. 0. 100.0 1 ;
LINE L896_1029_1 FR896 FR1029 2.988700 17.078908 0. 0. 1 ;
LINE L898_900_1 FR898 FR900 1.994080 11.395296 0. 0. 1 ;
LINE L898_900_2 FR898 FR900 2.093300 11.961576 0. 0. 1 ;
LINE L898_900_3 FR898 FR900 2.093300 11.961576 0. 0. 1 ;
LINE L898_956_1 FR898 FR956 1.438448 8.219772 0. 0. 1 ;
LINE L899_1030_1 FR899 FR1030 0.319924 1.828068 0. 0. 1 ;
LINE L899_1030_2 FR899 FR1030 0.319924 1.828068 0. 0. 1 ;
LINE L900_1026_1 FR900 FR1026 0.647592 3.699696 0. 0. 1 ;
LINE L900_1026_2 FR900 FR1026 0.647592 3.699696 0. 0. 1 ;
LINE L900_1028_1 FR900 FR1028 2.269960 12.969748 0. 0. 1 ;
LINE L901_1031_1 FR901 FR1031 2.947204 27.890860 0. 0. 1 ;
LINE L901_1031_2 FR901 FR1031 2.947204 27.890860 0. 0. 1 ;
LINE L902_914_1 FR902 FR914 1.179024 6.735828 0. 0. 1 ;
LINE L902_914_2 FR902 FR914 1.179024 6.735828 0. 0. 1 ;
LINE L902_914_3 FR902 FR914 1.179024 6.735828 0. 0. 1 ;
LINE L903_1032_1 FR903 FR1032 0.267140 2.528444 0. 0. 1 ;
LINE L903_1032_2 FR903 FR1032 0.267140 2.528444 0. 0. 1 ;
LINE L903_1033_1 FR903 FR1033 1.936404 18.328692 0. 0. 1 ;
LINE L903_1033_2 FR903 FR1033 1.936404 18.328692 0. 0. 1 ;
LINE L904_915_1 FR904 FR915 0.485936 2.777192 0. 0. 1 ;
LINE L905_1034_1 FR905 FR1034 1.610060 15.244308 0. 0. 1 ;
LINE L905_1034_2 FR905 FR1034 1.610060 15.244308 0. 0. 1 ;
LINE L905_1035_1 FR905 FR1035 2.095244 19.827564 0. 0. 1 ;
LINE L905_1035_2 FR905 FR1035 2.095244 19.827564 0. 0. 1 ;
TRANSFO T905_1036_1 FR905 FR1036 0.138500 3.808800 0. 0. 100. 0. 100.0 1 ;
LINE L906_1037_1 FR906 FR1037 2.339172 13.365660 0. 0. 1 ;
LINE L906_1038_1 FR906 FR1038 0.687764 3.929596 0. 0. 1 ;
LINE L907_1039_1 FR907 FR1039 2.423872 13.851112 0. 0. 1 ;
LINE L908_1040_1 FR908 FR1040 1.004784 5.741208 0. 0. 1 ;
LINE L910_1039_1 FR910 FR1039 2.905936 16.606040 0. 0. 1 ;
LINE L912_1041_1 FR912 FR1041 0.815860 7.726844 0. 0. 1 ;
LINE L912_1041_2 FR912 FR1041 0.815860 7.726844 0. 0. 1 ;
LINE L912_1042_1 FR912 FR1042 0.401432 3.797720 0. 0. 1 ;
LINE L912_1043_1 FR912 FR1043 5.051112 47.806508 0. 0. 1 ;
LINE L912_1043_2 FR912 FR1043 5.051112 47.806508 0. 0. 1 ;
LINE L912_1044_1 FR912 FR1044 1.708252 16.165580 0. 0. 1 ;
LINE L912_1044_2 FR912 FR1044 1.708252 16.165580 0. 0. 1 ;
TRANSFO T912_1045_1 FR912 FR1045 0.138500 3.808800 0. 0. 100. 0. 100.0 1 ;
LINE L915_1046_1 FR915 FR1046 3.664848 20.940744 0. 0. 1 ;
LINE L916_1047_1 FR916 FR1047 3.506580 20.038084 0. 0. 1 ;
LINE L918_1048_1 FR918 FR1048 2.562780 14.644388 0. 0. 1 ;
LINE L919_1048_1 FR919 FR1048 2.487276 14.211692 0. 0. 1 ;
LINE L921_1049_1 FR921 FR1049 4.848228 27.705128 0. 0. 1 ;
LINE L921_1050_1 FR921 FR1050 2.359984 13.484240 0. 0. 1 ;
LINE L921_1051_1 FR921 FR1051 1.249204 7.137064 0. 0. 1 ;
LINE L922_1052_1 FR922 FR1052 0.549340 3.139708 0. 0. 1 ;
LINE L924_1053_1 FR924 FR1053 0.862488 4.929056 0. 0. 1 ;
LINE L926_1053_1 FR926 FR1053 1.633016 9.331520 0. 0. 1 ;
LINE L928_1054_1 FR928 FR1054 0.372196 2.126212 0. 0. 1 ;
LINE L928_1055_1 FR928 FR1055 0.328636 1.878404 0. 0. 1 ;
LINE L928_1055_2 FR928 FR1055 0.328636 1.878404 0. 0. 1 ;
LINE L929_1055_1 FR929 FR1055 0.256520 1.467004 0. 0. 1 ;
LINE L929_1055_2 FR929 FR1055 0.256520 1.467004 0. 0. 1 ;
LINE L929_1056_1 FR929 FR1056 0.711964 4.068020 0. 0. 1 ;
LINE L929_1056_2 FR929 FR1056 0.711964 4.068020 0. 0. 1 ;
LINE L932_1057_1 FR932 FR1057 0.813604 4.650272 0. 0. 1 ;
LINE L932_1057_2 FR932 FR1057 0.813604 4.650272 0. 0. 1 ;
LINE L932_1058_1 FR932 FR1058 1.294216 7.396004 0. 0. 1 ;
LINE L932_1058_2 FR932 FR1058 1.294216 7.396004 0. 0. 1 ;
LINE L933_1059_1 FR933 FR1059 0.967516 5.528732 0. 0. 1 ;
LINE L933_1060_1 FR933 FR1060 1.164988 6.656452 0. 0. 1 ;
LINE L935_1061_1 IT935 FR1061 2.074424 11.853644 0. 0. 1 ;
LINE L936_937_1 FR936 FR937 1.106908 6.325396 0. 0. 1 ;
LINE L936_1062_1 FR936 FR1062 2.245276 12.829872 0. 0. 1 ;
LINE L936_1063_1 FR936 FR1063 3.702600 21.156124 0. 0. 1 ;
LINE L936_1064_1 FR936 FR1064 0.946704 5.409184 0. 0. 1 ;
LINE L937_944_1 FR937 FR944 1.609784 9.199388 0. 0. 1 ;
LINE L937_1065_1 FR937 FR1065 2.186712 12.493976 0. 0. 1 ;
TRANSFO T938_1066_1 FR938 FR1066 0.138500 3.808800 0. 0. 100. 0. 100.0 1 ;
LINE L939_1067_1 FR939 FR1067 0.134292 1.266388 0. 0. 1 ;
LINE L939_1068_1 FR939 FR1068 0.142956 1.350140 0. 0. 1 ;
LINE L940_1069_1 FR940 FR1069 1.881532 17.811740 0. 0. 1 ;
LINE L940_1069_2 FR940 FR1069 1.881532 17.811740 0. 0. 1 ;
TRANSFO T940_1070_1 FR940 FR1070 0.138500 3.808800 0. 0. 100. 0. 100.0 1 ;
LINE L941_1071_1 FR941 FR1071 1.161116 6.634188 0. 0. 1 ;
LINE L941_1071_2 FR941 FR1071 1.161116 6.634188 0. 0. 1 ;
LINE L941_1072_1 FR941 FR1072 0.685828 3.918464 0. 0. 1 ;
LINE L941_1072_2 FR941 FR1072 0.685828 3.918464 0. 0. 1 ;
LINE L941_1073_1 FR941 FR1073 1.830488 10.460208 0. 0. 1 ;
LINE L941_1073_2 FR941 FR1073 1.830488 10.460208 0. 0. 1 ;
TRANSFO T942_1074_1 FR942 FR1074 0.138500 3.808800 0. 0. 100. 0. 100.0 1 ;
LINE L943_1075_1 FR943 FR1075 2.646996 15.124516 0. 0. 1 ;
LINE L943_1075_2 FR943 FR1075 2.646996 15.124516 0. 0. 1 ;
LINE L946_1039_1 FR946 FR1039 1.361976 7.782236 0. 0. 1 ;
LINE L950_1076_1 BE950 BE1076 0.635360 6.012816 0. 0. 1 ;
LINE L950_1076_2 BE950 BE1076 0.635360 6.012816 0. 0. 1 ;
LINE L950_1077_1 BE950 BE1077 0.489516 4.632352 0. 0. 1 ;
LINE L950_1077_2 BE950 BE1077 0.489516 4.632352 0. 0. 1 ;
LINE L952_1078_1 FR952 FR1078 0.540056 5.117536 0. 0. 1 ;
LINE L952_1078_2 FR952 FR1078 0.540056 5.117536 0. 0. 1 ;
LINE L952_1079_1 FR952 FR1079 0.215156 2.033152 0. 0. 1 ;
TRANSFO T952_1080_1 FR952 FR1080 0.138500 3.808800 0. 0. 100. 0. 100.0 1 ;
LINE L953_961_1 FR953 FR961 0.677116 3.868612 0. 0. 1 ;
LINE L953_1081_1 FR953 FR1081 1.286956 7.353896 0. 0. 1 ;
LINE L953_1081_2 FR953 FR1081 1.286956 7.353896 0. 0. 1 ;
LINE L953_1082_1 FR953 FR1082 0.792792 4.530240 0. 0. 1 ;
LINE L953_1082_2 FR953 FR1082 0.792792 4.530240 0. 0. 1 ;
LINE L954_1026_1 FR954 FR1026 4.398108 25.132668 0. 0. 1 ;
LINE L954_1083_1 FR954 FR1083 1.274856 7.285652 0. 0. 1 ;
LINE L955_1081_1 FR955 FR1081 0.686312 3.920884 0. 0. 1 ;
LINE L955_1081_2 FR955 FR1081 0.686312 3.920884 0. 0. 1 ;
LINE L957_958_1 FR957 FR958 0.403656 2.305292 0. 0. 1 ;
LINE L957_1084_1 FR957 FR1084 0.402204 2.297064 0. 0. 1 ;
LINE L957_1084_2 FR957 FR1084 0.402204 2.297064 0. 0. 1 ;
LINE L958_1085_1 FR958 FR1085 0.402204 2.297548 0. 0. 1 ;
LINE L959_1086_1 FR959 FR1086 0.419144 2.395316 0. 0. 1 ;
LINE L959_1086_2 FR959 FR1086 0.419144 2.395316 0. 0. 1 ;
LINE L960_1087_1 FR960 FR1087 1.255012 7.169976 0. 0. 1 ;
LINE L961_1088_1 FR961 FR1088 1.862432 10.642676 0. 0. 1 ;
LINE L962_1089_1 BE962 BE1089 0.206492 1.953732 0. 0. 1 ;
LINE L962_1089_2 BE962 BE1089 0.206492 1.953732 0. 0. 1 ;
LINE L962_1090_1 BE962 BE1090 0.659908 6.249632 0. 0. 1 ;
LINE L962_1090_2 BE962 BE1090 0.659908 6.249632 0. 0. 1 ;
LINE L964_1091_1 BE964 NL1091 0.463524 4.386872 0. 0. 1 ;
LINE L964_1091_2 BE964 NL1091 0.463524 4.386872 0. 0. 1 ;
LINE L964_1092_1 BE964 BE1092 1.299600 12.292772 0. 0. 1 ;
LINE L964_1092_2 BE964 BE1092 1.299600 12.292772 0. 0. 1 ;
TRANSFO T965_1093_1 BE965 BE1093 0.138500 3.808800 0. 0. 100. 0. 100.0 1 ;
LINE L966_1094_1 BE966 BE1094 0.333564 3.150808 0. 0. 1 ;
LINE L966_1094_2 BE966 BE1094 0.333564 3.150808 0. 0. 1 ;
LINE L966_1095_1 BE966 BE1095 0.548720 5.194068 0. 0. 1 ;
LINE L966_1095_2 BE966 BE1095 0.548720 5.194068 0. 0. 1 ;
TRANSFO T968_970_1 BE968 BE970 0.138500 3.808800 0. 0. 100. 0. 100.0 1 ;
LINE L968_1096_1 BE968 BE1096 1.400696 8.003908 0. 0. 1 ;
LINE L970_1095_1 BE970 BE1095 0.592040 5.598388 0. 0. 1 ;
LINE L970_1095_2 BE970 BE1095 0.592040 5.598388 0. 0. 1 ;
LINE L971_1097_1 LU971 LU1097 1.009624 5.770248 0. 0. 1 ;
LINE L972_1097_1 LU972 LU1097 0.615164 3.515776 0. 0. 1 ;
LINE L973_1098_1 DE973 DE1098 0.601612 3.437368 0. 0. 1 ;
LINE L973_1098_2 DE973 DE1098 0.601612 3.437368 0. 0. 1 ;
LINE L974_1099_1 DE974 DE1099 1.087332 10.285612 0. 0. 1 ;
LINE L974_1099_2 DE974 DE1099 1.087332 10.285612 0. 0. 1 ;
LINE L974_1099_3 DE974 DE1099 1.087332 10.285612 0. 0. 1 ;
LINE L974_1100_1 DE974 DE1100 1.355916 12.825608 0. 0. 1 ;
LINE L974_1100_2 DE974 DE1100 1.355916 12.825608 0. 0. 1 ;
LINE L974_1101_1 DE974 DE1101 0.336452 3.182576 0. 0. 1 ;
TRANSFO T974_1102_1 DE974 DE1102 0.138500 3.808800 0. 0. 100. 0. 100.0 1 ;
LINE L975_1103_1 DE975 DE1103 1.345808 12.738968 0. 0. 1 ;
LINE L975_1103_2 DE975 DE1103 1.345808 12.738968 0. 0. 1 ;
LINE L975_1103_3 DE975 DE1103 1.345808 12.738968 0. 0. 1 ;
LINE L975_1104_1 DE975 DE1104 0.385548 3.654764 0. 0. 1 ;
LINE L975_1104_2 DE975 DE1104 0.385548 3.654764 0. 0. 1 ;
LINE L976_1105_1 DE976 DE1105 1.020908 9.666136 0. 0. 1 ;
LINE L976_1105_2 DE976 DE1105 1.020908 9.666136 0. 0. 1 ;
LINE L977_1106_1 DE977 DE1106 0.838288 4.791116 0. 0. 1 ;
LINE L977_1106_2 DE977 DE1106 0.838288 4.791116 0. 0. 1 ;
LINE L977_1106_3 DE977 DE1106 0.838288 4.791116 0. 0. 1 ;
TRANSFO T978_983_1 DE978 DE983 0.138500 3.808800 0. 0. 100. 0. 100.0 1 ;
LINE L978_1107_1 DE978 DE1107 0.860624 8.149936 0. 0. 1 ;
LINE L978_1107_2 DE978 DE1107 0.860624 8.149936 0. 0. 1 ;
LINE L978_1107_3 DE978 DE1107 0.860624 8.149936 0. 0. 1 ;
LINE L978_1107_4 DE978 DE1107 0.626696 5.930508 0. 0. 1 ;
LINE L978_1107_5 DE978 DE1107 0.626696 5.930508 0. 0. 1 ;
LINE L978_1108_1 DE978 DE1108 0.379772 3.591228 0. 0. 1 ;
LINE L978_1108_2 DE978 DE1108 0.379772 3.591228 0. 0. 1 ;
LINE L978_1108_3 DE978 DE1108 0.379772 3.591228 0. 0. 1 ;
LINE L978_1109_1 DE978 DE1109 0.257032 2.436028 0. 0. 1 ;
LINE L978_1110_1 DE978 DE1110 0.436088 4.131284 0. 0. 1 ;
LINE L978_1110_2 DE978 DE1110 0.436088 4.131284 0. 0. 1 ;
LINE L981_1102_1 DE981 DE1102 3.689532 21.082556 0. 0. 1 ;
LINE L981_1102_2 DE981 DE1102 3.689532 21.082556 0. 0. 1 ;
LINE L981_1111_1 DE981 DE1111 0.901208 5.150728 0. 0. 1 ;
LINE L981_1111_2 DE981 DE1111 0.901208 5.150728 0. 0. 1 ;
LINE L982_985_1 DE982 DE985 1.495984 14.164196 0. 0. 1 ;
LINE L982_985_2 DE982 DE985 1.495984 14.164196 0. 0. 1 ;
LINE L982_1110_1 DE982 DE1110 0.548720 5.194068 0. 0. 1 ;
LINE L982_1110_2 DE982 DE1110 0.548720 5.194068 0. 0. 1 ;
LINE L982_1112_1 DE982 DE1112 0.710448 6.718932 0. 0. 1 ;
LINE L982_1112_2 DE982 DE1112 0.710448 6.718932 0. 0. 1 ;
LINE L982_1113_1 DE982 DE1113 0.388436 3.674980 0. 0. 1 ;
LINE L982_1113_2 DE982 DE1113 0.388436 3.674980 0. 0. 1 ;
LINE L984_1114_1 DE984 LU1114 2.272380 12.985720 0. 0. 1 ;
LINE L984_1114_2 DE984 LU1114 2.272380 12.985720 0. 0. 1 ;
LINE L984_1115_1 DE984 DE1115 1.203708 6.878608 0. 0. 1 ;
LINE L984_1115_2 DE984 DE1115 1.203708 6.878608 0. 0. 1 ;
LINE L986_1116_1 DE986 DE1116 0.745104 7.051052 0. 0. 1 ;
LINE L986_1116_2 DE986 DE1116 0.745104 7.051052 0. 0. 1 ;
LINE L986_1116_3 DE986 DE1116 0.745104 7.051052 0. 0. 1 ;
LINE L988_1117_1 DE988 DE1117 2.235596 12.774696 0. 0. 1 ;
LINE L988_1117_2 DE988 DE1117 2.235596 12.774696 0. 0. 1 ;
LINE L990_1118_1 AT990 AT1118 7.715444 44.088044 0. 0. 1 ;
LINE L990_1118_2 AT990 AT1118 7.715444 44.088044 0. 0. 1 ;
LINE L990_1119_1 AT990 AT1119 0.959288 5.481784 0. 0. 1 ;
LINE L990_1120_1 AT990 AT1120 6.128892 35.022724 0. 0. 1 ;
LINE L990_1120_2 AT990 AT1120 6.128892 35.022724 0. 0. 1 ;
LINE L991_1121_1 AT991 AT1121 4.022040 22.982740 0. 0. 1 ;
LINE L991_1121_2 AT991 AT1121 4.022040 22.982740 0. 0. 1 ;
LINE L991_1122_1 AT991 IT1122 5.190900 29.663392 0. 0. 1 ;
LINE L991_1123_1 AT991 AT1123 1.274372 7.282748 0. 0. 1 ;
LINE L991_1123_2 AT991 AT1123 1.274372 7.282748 0. 0. 1 ;
LINE L992_1124_1 DE992 DE1124 1.605728 15.202432 0. 0. 1 ;
LINE L992_1124_2 DE992 DE1124 1.605728 15.202432 0. 0. 1 ;
LINE L993_1125_1 DE993 DE1125 1.446888 13.697784 0. 0. 1 ;
LINE L993_1125_2 DE993 DE1125 1.446888 13.697784 0. 0. 1 ;
LINE L993_1125_3 DE993 DE1125 1.446888 13.697784 0. 0. 1 ;
LINE L995_1126_1 DE995 DE1126 0.467060 2.668292 0. 0. 1 ;
LINE L996_997_1 IT996 IT997 0.294576 2.794140 0. 0. 1 ;
LINE L996_997_2 IT996 IT997 0.294576 2.794140 0. 0. 1 ;
LINE L997_1127_1 IT997 IT1127 0.563160 5.331248 0. 0. 1 ;
LINE L998_1005_1 IT998 IT1005 2.313036 13.217556 0. 0. 1 ;
LINE L999_1128_1 IT999 IT1128 5.869952 33.542652 0. 0. 1 ;
LINE L1001_1012_1 IT1001 IT1012 1.119976 6.399448 0. 0. 1 ;
LINE L1001_1012_2 IT1001 IT1012 1.119976 6.399448 0. 0. 1 ;
LINE L1002_1129_1 IT1002 IT1129 1.804836 10.312588 0. 0. 1 ;
LINE L1003_1130_1 IT1003 IT1130 0.379772 3.586896 0. 0. 1 ;
LINE L1003_1130_2 IT1003 IT1130 0.379772 3.586896 0. 0. 1 ;
LINE L1004_1128_1 IT1004 IT1128 2.574396 14.710212 0. 0. 1 ;
LINE L1004_1131_1 IT1004 IT1131 5.318676 30.393264 0. 0. 1 ;
LINE L1005_1132_1 IT1005 IT1132 3.015320 17.231368 0. 0. 1 ;
LINE L1006_1013_1 IT1006 IT1013 0.304684 2.886556 0. 0. 1 ;
LINE L1007_1130_1 IT1007 IT1130 0.326344 3.082940 0. 0. 1 ;
TRANSFO T1007_1133_1 IT1007 IT1133 0.138500 3.808800 0. 0. 100. 0. 100.0 1 ;
LINE L1008_1134_1 IT1008 IT1134 3.259108 30.848172 0. 0. 1 ;
LINE L1009_1132_1 IT1009 IT1132 1.350844 7.717864 0. 0. 1 ;
LINE L1010_1135_1 IT1010 IT1135 1.692368 16.018292 0. 0. 1 ;
LINE L1011_1127_1 IT1011 IT1127 1.358804 12.854488 0. 0. 1 ;
LINE L1011_1136_1 IT1011 IT1136 0.388436 3.670648 0. 0. 1 ;
LINE L1013_1137_1 IT1013 IT1137 0.866400 8.196144 0. 0. 1 ;
LINE L1014_1138_1 IT1014 IT1138 1.442556 13.653020 0. 0. 1 ;
LINE L1014_1139_1 IT1014 IT1139 0.519840 4.921152 0. 0. 1 ;
LINE L1014_1139_2 IT1014 IT1139 0.519840 4.921152 0. 0. 1 ;
LINE L1014_1140_1 IT1014 IT1140 2.820132 26.693784 0. 0. 1 ;
LINE L1014_1141_1 IT1014 IT1141 0.314792 2.974640 0. 0. 1 ;
TRANSFO T1014_1142_1 IT1014 IT1142 0.138500 3.808800 0. 0. 100. 0. 100.0 1 ;
LINE L1015_1078_1 FR1015 FR1078 0.108300 1.026684 0. 0. 1 ;
LINE L1015_1078_2 FR1015 FR1078 0.108300 1.026684 0. 0. 1 ;
TRANSFO T1015_1143_1 FR1015 FR1143 0.138500 3.808800 0. 0. 100. 0. 100.0 1 ;
LINE L1017_1144_1 FR1017 FR1144 1.538636 8.791860 0. 0. 1 ;
LINE L1021_1087_1 FR1021 FR1087 2.285448 13.058320 0. 0. 1 ;
LINE L1022_1145_1 FR1022 FR1145 0.628716 3.592732 0. 0. 1 ;
LINE L1022_1146_1 FR1022 FR1146 0.725516 4.144492 0. 0. 1 ;
LINE L1022_1146_2 FR1022 FR1146 0.725516 4.144492 0. 0. 1 ;
LINE L1022_1147_1 FR1022 FR1147 1.274856 7.284684 0. 0. 1 ;
LINE L1022_1147_2 FR1022 FR1147 1.274856 7.284684 0. 0. 1 ;
LINE L1022_1148_1 FR1022 FR1148 0.567248 3.241832 0. 0. 1 ;
LINE L1022_1148_2 FR1022 FR1148 0.567248 3.241832 0. 0. 1 ;
LINE L1022_1149_1 FR1022 FR1149 3.316852 18.951988 0. 0. 1 ;
LINE L1023_1150_1 FR1023 FR1150 1.793448 16.972776 0. 0. 1 ;
LINE L1023_1150_2 FR1023 FR1150 1.793448 16.972776 0. 0. 1 ;
TRANSFO T1023_1151_1 FR1023 FR1151 0.138500 3.808800 0. 0. 100. 0. 100.0 1 ;
LINE L1024_1152_1 FR1024 FR1152 0.404320 3.828044 0. 0. 1 ;
LINE L1024_1152_2 FR1024 FR1152 0.404320 3.828044 0. 0. 1 ;
TRANSFO T1024_1153_1 FR1024 FR1153 0.138500 3.808800 0. 0. 100. 0. 100.0 1 ;
LINE L1025_1154_1 FR1025 FR1154 0.403172 2.304324 0. 0. 1 ;
LINE L1025_1154_2 FR1025 FR1154 0.403172 2.304324 0. 0. 1 ;
LINE L1025_1155_1 FR1025 FR1155 2.634412 15.052884 0. 0. 1 ;
LINE L1025_1155_2 FR1025 FR1155 2.634412 15.052884 0. 0. 1 ;
LINE L1025_1155_3 FR1025 FR1155 2.634412 15.052884 0. 0. 1 ;
LINE L1025_1156_1 FR1025 FR1156 2.024088 11.564696 0. 0. 1 ;
LINE L1026_1027_1 FR1026 FR1027 0.555632 3.174072 0. 0. 1 ;
LINE L1026_1157_1 FR1026 FR1157 0.495616 2.831400 0. 0. 1 ;
LINE L1026_1157_2 FR1026 FR1157 0.495616 2.831400 0. 0. 1 ;
LINE L1029_1158_1 FR1029 FR1158 0.671792 3.839088 0. 0. 1 ;
LINE L1029_1158_2 FR1029 FR1158 0.671792 3.839088 0. 0. 1 ;
LINE L1030_1159_1 FR1030 FR1159 0.752136 4.296952 0. 0. 1 ;
LINE L1030_1159_2 FR1030 FR1159 0.752136 4.296952 0. 0. 1 ;
LINE L1030_1160_1 FR1030 FR1160 0.806828 4.609616 0. 0. 1 ;
LINE L1031_1033_1 FR1031 FR1033 1.449776 13.716556 0. 0. 1 ;
LINE L1031_1033_2 FR1031 FR1033 1.449776 13.716556 0. 0. 1 ;
TRANSFO T1031_1047_1 FR1031 FR1047 0.138500 3.808800 0. 0. 100. 0. 100.0 1 ;
LINE L1031_1161_1 FR1031 FR1161 0.892392 8.444512 0. 0. 1 ;
LINE L1031_1161_2 FR1031 FR1161 0.892392 8.444512 0. 0. 1 ;
LINE L1031_1162_1 FR1031 FR1162 1.969616 18.642040 0. 0. 1 ;
LINE L1032_1163_1 FR1032 FR1163 1.817996 17.199484 0. 0. 1 ;
LINE L1032_1163_2 FR1032 FR1163 1.817996 17.199484 0. 0. 1 ;
TRANSFO T1032_1164_1 FR1032 FR1164 0.138500 3.808800 0. 0. 100. 0. 100.0 1 ;
LINE L1034_1165_1 FR1034 FR1165 0.944376 8.936916 0. 0. 1 ;
LINE L1034_1165_2 FR1034 FR1165 0.944376 8.936916 0. 0. 1 ;
LINE L1035_1166_1 FR1035 ES1166 2.467796 23.355256 0. 0. 1 ;
TRANSFO T1035_1167_1 FR1035 FR1167 0.138500 3.808800 0. 0. 100. 0. 100.0 1 ;
LINE L1036_1168_1 FR1036 FR1168 1.726428 9.866340 0. 0. 1 ;
LINE L1036_1168_2 FR1036 FR1168 1.726428 9.866340 0. 0. 1 ;
LINE L1036_1169_1 FR1036 FR1169 3.161004 18.062396 0. 0. 1 ;
LINE L1036_1170_1 FR1036 FR1170 1.354716 7.739644 0. 0. 1 ;
LINE L1036_1170_2 FR1036 FR1170 1.466036 8.377072 0. 0. 1 ;
LINE L1037_1052_1 FR1037 FR1052 0.772948 4.417952 0. 0. 1 ;
LINE L1037_1171_1 FR1037 FR1171 0.389136 2.224464 0. 0. 1 ;
LINE L1039_1053_1 FR1039 FR1053 4.667212 26.669368 0. 0. 1 ;
LINE L1039_1172_1 FR1039 FR1172 4.581060 26.177624 0. 0. 1 ;
LINE L1039_1173_1 FR1039 FR1173 4.464416 25.509704 0. 0. 1 ;
LINE L1041_1042_1 FR1041 FR1042 0.795644 7.533348 0. 0. 1 ;
LINE L1041_1042_2 FR1041 FR1042 0.795644 7.533348 0. 0. 1 ;
LINE L1041_1163_1 FR1041 FR1163 1.246172 11.794592 0. 0. 1 ;
LINE L1041_1163_2 FR1041 FR1163 1.246172 11.794592 0. 0. 1 ;
LINE L1041_1174_1 FR1041 FR1174 0.216600 2.051924 0. 0. 1 ;
LINE L1041_1174_2 FR1041 FR1174 0.216600 2.051924 0. 0. 1 ;
TRANSFO T1041_1175_1 FR1041 FR1175 0.138500 3.808800 0. 0. 100. 0. 100.0 1 ;
LINE L1042_1044_1 FR1042 FR1044 1.625944 15.390152 0. 0. 1 ;
TRANSFO T1042_1176_1 FR1042 FR1176 0.138500 3.808800 0. 0. 100. 0. 100.0 1 ;
TRANSFO T1043_1050_1 FR1043 FR1050 0.138500 3.808800 0. 0. 100. 0. 100.0 1 ;
LINE L1043_1177_1 FR1043 FR1177 1.358804 12.855932 0. 0. 1 ;
LINE L1043_1177_2 FR1043 FR1177 1.358804 12.855932 0. 0. 1 ;
LINE L1043_1178_1 FR1043 FR1178 0.285912 2.703168 0. 0. 1 ;
LINE L1044_1179_1 FR1044 FR1179 2.064920 19.547428 0. 0. 1 ;
LINE L1044_1179_2 FR1044 FR1179 1.992720 18.854308 0. 0. 1 ;
TRANSFO T1044_1180_1 FR1044 FR1180 0.138500 3.808800 0. 0. 100. 0. 100.0 1 ;
LINE L1045_1181_1 FR1045 FR1181 0.511104 2.921424 0. 0. 1 ;
LINE L1047_1182_1 FR1047 FR1182 4.360840 24.918740 0. 0. 1 ;
LINE L1047_1183_1 FR1047 FR1183 2.827528 16.157372 0. 0. 1 ;
LINE L1047_1183_2 FR1047 FR1183 2.827528 16.157372 0. 0. 1 ;
LINE L1047_1184_1 FR1047 FR1184 1.822744 10.416164 0. 0. 1 ;
LINE L1047_1185_1 FR1047 FR1185 3.983804 22.764456 0. 0. 1 ;
LINE L1049_1186_1 FR1049 FR1186 2.746216 15.691764 0. 0. 1 ;
LINE L1050_1187_1 FR1050 FR1187 1.936484 11.066176 0. 0. 1 ;
TRANSFO T1051_1177_1 FR1051 FR1177 0.138500 3.808800 0. 0. 100. 0. 100.0 1 ;
LINE L1051_1188_1 FR1051 FR1188 0.729388 4.166756 0. 0. 1 ;
LINE L1051_1188_2 FR1051 FR1188 0.729388 4.166756 0. 0. 1 ;
LINE L1051_1189_1 FR1051 FR1189 2.750088 15.714028 0. 0. 1 ;
LINE L1052_1075_1 FR1052 FR1075 4.789664 27.370200 0. 0. 1 ;
LINE L1052_1190_1 FR1052 FR1190 2.102980 12.015784 0. 0. 1 ;
LINE L1052_1191_1 FR1052 FR1191 3.503676 20.019692 0. 0. 1 ;
LINE L1052_1192_1 FR1052 FR1192 4.365680 24.945360 0. 0. 1 ;
LINE L1053_1193_1 FR1053 FR1193 0.609840 3.484800 0. 0. 1 ;
LINE L1055_1194_1 FR1055 FR1194 1.426832 8.153948 0. 0. 1 ;
LINE L1055_1195_1 FR1055 FR1195 0.545468 3.115508 0. 0. 1 ;
LINE L1057_1196_1 FR1057 FR1196 0.606452 3.465924 0. 0. 1 ;
LINE L1057_1196_2 FR1057 FR1196 0.606452 3.465924 0. 0. 1 ;
LINE L1058_1197_1 FR1058 FR1197 1.331484 7.607028 0. 0. 1 ;
LINE L1058_1197_2 FR1058 FR1197 1.331484 7.607028 0. 0. 1 ;
LINE L1058_1198_1 FR1058 FR1198 4.285820 24.490884 0. 0. 1 ;
LINE L1058_1199_1 FR1058 FR1199 0.567248 3.239896 0. 0. 1 ;
LINE L1058_1199_2 FR1058 FR1199 0.567248 3.239896 0. 0. 1 ;
LINE L1059_1200_1 FR1059 FR1200 0.858616 4.905824 0. 0. 1 ;
LINE L1060_1201_1 FR1060 FR1201 0.487388 2.784452 0. 0. 1 ;
LINE L1061_1202_1 FR1061 FR1202 0.555148 3.173104 0. 0. 1 ;
LINE L1061_1203_1 FR1061 FR1203 0.845548 4.830804 0. 0. 1 ;
LINE L1062_1204_1 FR1062 FR1204 0.666952 3.810048 0. 0. 1 ;
LINE L1062_1205_1 FR1062 FR1205 0.545952 3.119380 0. 0. 1 ;
LINE L1063_1172_1 FR1063 FR1172 1.130140 6.458012 0. 0. 1 ;
LINE L1064_1206_1 FR1064 FR1206 0.662596 3.787300 0. 0. 1 ;
LINE L1065_1173_1 FR1065 FR1173 1.245816 7.118672 0. 0. 1 ;
LINE L1066_1207_1 FR1066 FR1207 3.424300 19.567636 0. 0. 1 ;
LINE L1066_1208_1 FR1066 FR1208 0.940896 5.375304 0. 0. 1 ;
LINE L1066_1209_1 FR1066 FR1209 3.694856 21.114500 0. 0. 1 ;
LINE L1066_1210_1 FR1066 FR1210 1.281632 7.323404 0. 0. 1 ;
LINE L1066_1211_1 FR1066 FR1211 2.029896 11.598576 0. 0. 1 ;
LINE L1069_1212_1 FR1069 FR1212 1.090220 10.321712 0. 0. 1 ;
LINE L1069_1212_2 FR1069 FR1212 1.090220 10.321712 0. 0. 1 ;
TRANSFO T1069_1213_1 FR1069 FR1213 0.138500 3.808800 0. 0. 100. 0. 100.0 1 ;
LINE L1070_1214_1 FR1070 FR1214 1.100132 6.285708 0. 0. 1 ;
LINE L1070_1215_1 FR1070 FR1215 0.646624 3.694856 0. 0. 1 ;
LINE L1070_1216_1 FR1070 FR1216 0.398816 2.277220 0. 0. 1 ;
LINE L1071_1217_1 FR1071 FR1217 1.616560 9.236656 0. 0. 1 ;
LINE L1071_1218_1 FR1071 FR1218 0.595320 3.402520 0. 0. 1 ;
LINE L1071_1219_1 FR1071 FR1219 1.191608 6.808912 0. 0. 1 ;
LINE L1074_1206_1 FR1074 FR1206 1.836296 10.491668 0. 0. 1 ;
LINE L1074_1220_1 FR1074 FR1220 0.275880 1.575420 0. 0. 1 ;
LINE L1074_1221_1 FR1074 FR1221 1.335840 7.633648 0. 0. 1 ;
LINE L1074_1222_1 FR1074 FR1222 0.568216 3.246672 0. 0. 1 ;
LINE L1076_1223_1 BE1076 BE1223 0.150176 1.415120 0. 0. 1 ;
LINE L1076_1224_1 BE1076 BE1224 0.802864 7.598328 0. 0. 1 ;
LINE L1076_1224_2 BE1076 BE1224 0.802864 7.598328 0. 0. 1 ;
LINE L1077_1225_1 BE1077 BE1225 0.824524 7.803376 0. 0. 1 ;
TRANSFO T1078_1226_1 FR1078 FR1226 0.138500 3.808800 0. 0. 100. 0. 100.0 1 ;
TRANSFO T1079_1227_1 FR1079 FR1227 0.138500 3.808800 0. 0. 100. 0. 100.0 1 ;
LINE L1080_1228_1 FR1080 FR1228 1.695936 9.692100 0. 0. 1 ;
LINE L1080_1228_2 FR1080 FR1228 1.695936 9.692100 0. 0. 1 ;
LINE L1082_1088_1 FR1082 FR1088 1.315996 7.519908 0. 0. 1 ;
LINE L1088_1229_1 FR1088 FR1229 1.343584 7.677692 0. 0. 1 ;
LINE L1090_1230_1 BE1090 BE1230 0.437532 4.138504 0. 0. 1 ;
LINE L1090_1230_2 BE1090 BE1230 0.437532 4.138504 0. 0. 1 ;
LINE L1090_1231_1 BE1090 BE1231 0.218044 2.066364 0. 0. 1 ;
LINE L1090_1231_2 BE1090 BE1231 0.218044 2.066364 0. 0. 1 ;
LINE L1091_1112_1 NL1091 DE1112 0.931380 8.812732 0. 0. 1 ;
LINE L1091_1112_2 NL1091 DE1112 0.931380 8.812732 0. 0. 1 ;
LINE L1091_1232_1 NL1091 NL1232 1.289492 12.197468 0. 0. 1 ;
LINE L1091_1232_2 NL1091 NL1232 1.289492 12.197468 0. 0. 1 ;
LINE L1091_1233_1 NL1091 NL1233 1.204296 11.393160 0. 0. 1 ;
LINE L1091_1233_2 NL1091 NL1233 1.204296 11.393160 0. 0. 1 ;
LINE L1092_1234_1 BE1092 BE1234 1.029572 9.744112 0. 0. 1 ;
LINE L1093_1096_1 BE1093 BE1096 1.522180 8.696512 0. 0. 1 ;
LINE L1093_1235_1 BE1093 BE1235 0.557568 3.186656 0. 0. 1 ;
LINE L1093_1235_2 BE1093 BE1235 0.557568 3.186656 0. 0. 1 ;
LINE L1093_1236_1 BE1093 BE1236 0.851840 4.866620 0. 0. 1 ;
LINE L1093_1236_2 BE1093 BE1236 0.851840 4.866620 0. 0. 1 ;
LINE L1093_1237_1 BE1093 BE1237 1.774828 10.141252 0. 0. 1 ;
LINE L1093_1237_2 BE1093 BE1237 1.774828 10.141252 0. 0. 1 ;
LINE L1097_1238_1 LU1097 LU1238 0.596772 3.409296 0. 0. 1 ;
LINE L1097_1238_2 LU1097 LU1238 0.596772 3.409296 0. 0. 1 ;
LINE L1097_1239_1 LU1097 LU1239 1.073512 6.134216 0. 0. 1 ;
LINE L1097_1239_2 LU1097 LU1239 1.073512 6.134216 0. 0. 1 ;
LINE L1097_1240_1 LU1097 LU1240 0.815540 4.661404 0. 0. 1 ;
LINE L1097_1240_2 LU1097 LU1240 0.815540 4.661404 0. 0. 1 ;
LINE L1099_1241_1 DE1099 DE1241 0.977588 9.256040 0. 0. 1 ;
LINE L1099_1241_2 DE1099 DE1241 0.977588 9.256040 0. 0. 1 ;
LINE L1099_1241_3 DE1099 DE1241 0.977588 9.256040 0. 0. 1 ;
LINE L1099_1242_1 DE1099 DE1242 0.183388 1.732800 0. 0. 1 ;
LINE L1100_1103_1 DE1100 DE1103 0.433200 4.099516 0. 0. 1 ;
LINE L1100_1103_2 DE1100 DE1103 0.433200 4.099516 0. 0. 1 ;
LINE L1100_1103_3 DE1100 DE1103 0.433200 4.099516 0. 0. 1 ;
LINE L1100_1243_1 DE1100 DE1243 0.411540 3.900244 0. 0. 1 ;
LINE L1100_1243_2 DE1100 DE1243 0.411540 3.900244 0. 0. 1 ;
LINE L1101_1244_1 DE1101 DE1244 0.547276 5.183960 0. 0. 1 ;
TRANSFO T1101_1245_1 DE1101 DE1245 0.138500 3.808800 0. 0. 100. 0. 100.0 1 ;
LINE L1102_1246_1 DE1102 DE1246 0.632104 3.612092 0. 0. 1 ;
LINE L1102_1246_2 DE1102 DE1246 0.632104 3.612092 0. 0. 1 ;
LINE L1103_1247_1 DE1103 DE1247 1.664932 15.762704 0. 0. 1 ;
LINE L1103_1247_2 DE1103 DE1247 1.664932 15.762704 0. 0. 1 ;
LINE L1103_1247_3 DE1103 DE1247 1.664932 15.762704 0. 0. 1 ;
TRANSFO T1104_1106_1 DE1104 DE1106 0.138500 3.808800 0. 0. 100. 0. 100.0 1 ;
LINE L1105_1247_1 DE1105 DE1247 0.915496 8.668332 0. 0. 1 ;
LINE L1105_1247_2 DE1105 DE1247 0.915496 8.668332 0. 0. 1 ;
LINE L1105_1248_1 DE1105 DE1248 1.546524 14.630608 0. 0. 1 ;
LINE L1105_1248_2 DE1105 DE1248 1.546524 14.630608 0. 0. 1 ;
LINE L1107_1241_1 DE1107 DE1241 0.566048 5.357240 0. 0. 1 ;
LINE L1107_1241_2 DE1107 DE1241 0.566048 5.357240 0. 0. 1 ;
LINE L1107_1241_3 DE1107 DE1241 0.566048 5.357240 0. 0. 1 ;
LINE L1107_1249_1 DE1107 DE1249 0.244036 2.303180 0. 0. 1 ;
LINE L1107_1249_2 DE1107 DE1249 0.244036 2.303180 0. 0. 1 ;
LINE L1107_1249_3 DE1107 DE1249 0.244036 2.303180 0. 0. 1 ;
TRANSFO T1107_1250_1 DE1107 DE1250 0.138500 3.808800 0. 0. 100. 0. 100.0 1 ;
LINE L1108_1251_1 DE1108 DE1251 0.436088 4.124064 0. 0. 1 ;
LINE L1108_1251_2 DE1108 DE1251 0.436088 4.124064 0. 0. 1 ;
LINE L1108_1252_1 DE1108 DE1252 0.324900 3.068500 0. 0. 1 ;
LINE L1108_1252_2 DE1108 DE1252 0.324900 3.068500 0. 0. 1 ;
LINE L1108_1252_3 DE1108 DE1252 0.324900 3.068500 0. 0. 1 ;
LINE L1108_1253_1 DE1108 DE1253 0.210824 1.999940 0. 0. 1 ;
LINE L1108_1253_2 DE1108 DE1253 0.210824 1.999940 0. 0. 1 ;
LINE L1108_1253_3 DE1108 DE1253 0.210824 1.999940 0. 0. 1 ;
LINE L1111_1250_1 DE1111 DE1250 1.128204 6.446396 0. 0. 1 ;
LINE L1111_1250_2 DE1111 DE1250 1.128204 6.446396 0. 0. 1 ;
LINE L1112_1254_1 DE1112 DE1254 0.194940 1.838212 0. 0. 1 ;
LINE L1113_1255_1 DE1113 DE1255 0.454860 4.310340 0. 0. 1 ;
LINE L1113_1255_2 DE1113 DE1255 0.454860 4.310340 0. 0. 1 ;
LINE L1114_1115_1 LU1114 DE1115 0.938960 5.365140 0. 0. 1 ;
LINE L1114_1115_2 LU1114 DE1115 0.938960 5.365140 0. 0. 1 ;
LINE L1115_1256_1 DE1115 LU1256 0.838772 4.792568 0. 0. 1 ;
LINE L1115_1257_1 DE1115 LU1257 1.740464 9.944264 0. 0. 1 ;
LINE L1115_1257_2 DE1115 LU1257 1.740464 9.944264 0. 0. 1 ;
LINE L1116_1258_1 DE1116 DE1258 0.873620 8.272676 0. 0. 1 ;
LINE L1116_1258_2 DE1116 DE1258 0.873620 8.272676 0. 0. 1 ;
LINE L1116_1258_3 DE1116 DE1258 0.873620 8.272676 0. 0. 1 ;
LINE L1116_1259_1 DE1116 DE1259 1.620168 15.338168 0. 0. 1 ;
LINE L1116_1259_2 DE1116 DE1259 1.620168 15.338168 0. 0. 1 ;
LINE L1116_1260_1 DE1116 DE1260 1.195632 11.319516 0. 0. 1 ;
LINE L1116_1260_2 DE1116 DE1260 1.195632 11.319516 0. 0. 1 ;
LINE L1117_1261_1 DE1117 DE1261 5.102812 29.157128 0. 0. 1 ;
LINE L1117_1261_2 DE1117 DE1261 5.102812 29.157128 0. 0. 1 ;
LINE L1117_1262_1 DE1117 DE1262 2.224464 12.712260 0. 0. 1 ;
LINE L1117_1262_2 DE1117 DE1262 2.224464 12.712260 0. 0. 1 ;
LINE L1118_1263_1 AT1118 AT1263 3.449468 19.711868 0. 0. 1 ;
LINE L1118_1263_2 AT1118 AT1263 3.449468 19.711868 0. 0. 1 ;
LINE L1118_1264_1 AT1118 AT1264 0.924440 5.280924 0. 0. 1 ;
LINE L1118_1264_2 AT1118 AT1264 0.924440 5.280924 0. 0. 1 ;
TRANSFO T1120_1265_1 AT1120 AT1265 0.138500 3.808800 0. 0. 100. 0. 100.0 1 ;
LINE L1120_1266_1 AT1120 AT1266 0.550792 3.147452 0. 0. 1 ;
LINE L1120_1266_2 AT1120 AT1266 0.550792 3.147452 0. 0. 1 ;
LINE L1120_1266_3 AT1120 AT1266 0.550792 3.147452 0. 0. 1 ;
LINE L1122_1267_1 IT1122 IT1267 0.929764 5.312384 0. 0. 1 ;
LINE L1122_1268_1 IT1122 IT1268 2.723468 15.562536 0. 0. 1 ;
LINE L1122_1269_1 IT1122 IT1269 4.314860 24.654960 0. 0. 1 ;
LINE L1123_1270_1 AT1123 AT1270 5.341908 30.523944 0. 0. 1 ;
LINE L1123_1270_2 AT1123 AT1270 5.341908 30.523944 0. 0. 1 ;
LINE L1124_1271_1 DE1124 DE1271 0.719112 6.808460 0. 0. 1 ;
LINE L1124_1271_2 DE1124 DE1271 0.719112 6.808460 0. 0. 1 ;
TRANSFO T1124_1272_1 DE1124 DE1272 0.138500 3.808800 0. 0. 100. 0. 100.0 1 ;
LINE L1127_1273_1 IT1127 IT1273 0.785536 7.430824 0. 0. 1 ;
LINE L1127_1274_1 IT1127 IT1274 0.792756 7.503024 0. 0. 1 ;
TRANSFO T1128_1275_1 IT1128 IT1275 0.138500 3.808800 0. 0. 100. 0. 100.0 1 ;
LINE L1128_1276_1 IT1128 IT1276 4.967776 28.387084 0. 0. 1 ;
LINE L1129_1268_1 IT1129 IT1268 2.136376 12.207448 0. 0. 1 ;
LINE L1130_1277_1 IT1130 IT1277 0.883728 8.357872 0. 0. 1 ;
LINE L1130_1277_2 IT1130 IT1277 0.883728 8.357872 0. 0. 1 ;
LINE L1130_1278_1 IT1130 IT1278 0.771096 7.302308 0. 0. 1 ;
LINE L1130_1278_2 IT1130 IT1278 0.771096 7.302308 0. 0. 1 ;
LINE L1131_1132_1 IT1131 IT1132 0.961708 5.494852 0. 0. 1 ;
LINE L1131_1279_1 IT1131 IT1279 1.392952 7.958412 0. 0. 1 ;
LINE L1133_1269_1 IT1133 IT1269 1.835812 10.490216 0. 0. 1 ;
LINE L1134_1280_1 IT1134 IT1280 0.329232 3.120484 0. 0. 1 ;
LINE L1135_1281_1 IT1135 IT1281 0.425980 4.028760 0. 0. 1 ;
LINE L1135_1282_1 IT1135 IT1282 1.913300 18.104872 0. 0. 1 ;
LINE L1135_1282_2 IT1135 IT1282 1.913300 18.104872 0. 0. 1 ;
LINE L1135_1283_1 IT1135 IT1283 0.701784 6.646732 0. 0. 1 ;
LINE L1135_1283_2 IT1135 IT1283 0.821636 7.778828 0. 0. 1 ;
LINE L1135_1284_1 IT1135 IT1284 0.316236 2.991968 0. 0. 1 ;
LINE L1135_1285_1 IT1135 IT1285 1.344364 12.728860 0. 0. 1 ;
LINE L1138_1286_1 IT1138 IT1286 0.314792 2.973196 0. 0. 1 ;
LINE L1138_1287_1 IT1138 IT1287 1.664932 15.761260 0. 0. 1 ;
LINE L1139_1288_1 IT1139 IT1288 0.309016 2.918324 0. 0. 1 ;
TRANSFO T1139_1289_1 IT1139 IT1289 0.138500 3.808800 0. 0. 100. 0. 100.0 1 ;
LINE L1140_1141_1 IT1140 IT1141 3.233116 30.596916 0. 0. 1 ;
LINE L1140_1290_1 IT1140 IT1290 0.205048 1.936404 0. 0. 1 ;
LINE L1140_1291_1 IT1140 IT1291 1.514756 14.340364 0. 0. 1 ;
LINE L1140_1291_2 IT1140 IT1291 1.514756 14.340364 0. 0. 1 ;
LINE L1141_1274_1 IT1141 IT1274 1.341476 12.701424 0. 0. 1 ;
LINE L1142_1276_1 IT1142 IT1276 0.563376 3.219084 0. 0. 1 ;
LINE L1143_1292_1 FR1143 FR1292 1.434092 8.195572 0. 0. 1 ;
LINE L1143_1292_2 FR1143 FR1292 1.434092 8.195572 0. 0. 1 ;
LINE L1144_1292_1 FR1144 FR1292 1.627208 9.298124 0. 0. 1 ;
LINE L1146_1154_1 FR1146 FR1154 1.399244 7.995680 0. 0. 1 ;
LINE L1146_1156_1 FR1146 FR1156 1.586552 9.065320 0. 0. 1 ;
LINE L1147_1154_1 FR1147 FR1154 0.158752 0.908468 0. 0. 1 ;
LINE L1147_1154_2 FR1147 FR1154 0.158752 0.908468 0. 0. 1 ;
LINE L1147_1293_1 FR1147 FR1293 0.447216 2.556004 0. 0. 1 ;
LINE L1147_1293_2 FR1147 FR1293 0.447216 2.556004 0. 0. 1 ;
LINE L1149_1294_1 FR1149 FR1294 0.675180 3.857480 0. 0. 1 ;
LINE L1150_1295_1 FR1150 FR1295 0.431756 4.086520 0. 0. 1 ;
LINE L1150_1295_2 FR1150 FR1295 0.431756 4.086520 0. 0. 1 ;
LINE L1151_1296_1 FR1151 FR1296 0.587576 3.356056 0. 0. 1 ;
LINE L1151_1297_1 FR1151 FR1297 0.291368 1.664960 0. 0. 1 ;
LINE L1151_1297_2 FR1151 FR1297 0.291368 1.664960 0. 0. 1 ;
LINE L1151_1297_3 FR1151 FR1297 0.291368 1.664960 0. 0. 1 ;
LINE L1153_1156_1 FR1153 FR1156 0.697444 3.984288 0. 0. 1 ;
LINE L1153_1156_2 FR1153 FR1156 0.697444 3.984288 0. 0. 1 ;
LINE L1153_1294_1 FR1153 FR1294 0.677116 3.868128 0. 0. 1 ;
LINE L1153_1294_2 FR1153 FR1294 0.677116 3.868128 0. 0. 1 ;
LINE L1155_1297_1 FR1155 FR1297 2.118952 12.108228 0. 0. 1 ;
LINE L1155_1297_2 FR1155 FR1297 2.118952 12.108228 0. 0. 1 ;
LINE L1155_1297_3 FR1155 FR1297 2.118952 12.108228 0. 0. 1 ;
LINE L1158_1293_1 FR1158 FR1293 1.376012 7.863548 0. 0. 1 ;
TRANSFO T1161_1184_1 FR1161 FR1184 0.138500 3.808800 0. 0. 100. 0. 100.0 1 ;
LINE L1161_1298_1 FR1161 FR1298 1.306820 12.369304 0. 0. 1 ;
LINE L1161_1298_2 FR1161 FR1298 1.306820 12.369304 0. 0. 1 ;
LINE L1161_1299_1 FR1161 FR1299 0.184832 1.751572 0. 0. 1 ;
LINE L1162_1300_1 FR1162 FR1300 0.310460 2.937096 0. 0. 1 ;
TRANSFO T1162_1301_1 FR1162 FR1301 0.138500 3.808800 0. 0. 100. 0. 100.0 1 ;
LINE L1164_1302_1 FR1164 FR1302 0.593384 3.390420 0. 0. 1 ;
LINE L1164_1302_2 FR1164 FR1302 0.593384 3.390420 0. 0. 1 ;
LINE L1164_1303_1 FR1164 FR1303 0.602580 3.443660 0. 0. 1 ;
LINE L1164_1303_2 FR1164 FR1303 0.602580 3.443660 0. 0. 1 ;
LINE L1164_1304_1 FR1164 FR1304 1.853236 10.590888 0. 0. 1 ;
LINE L1164_1304_2 FR1164 FR1304 1.853236 10.590888 0. 0. 1 ;
LINE L1165_1177_1 FR1165 FR1177 1.072892 10.149876 0. 0. 1 ;
LINE L1165_1177_2 FR1165 FR1177 1.072892 10.149876 0. 0. 1 ;
LINE L1165_1305_1 FR1165 FR1305 3.182576 30.114620 0. 0. 1 ;
LINE L1165_1305_2 FR1165 FR1305 3.182576 30.114620 0. 0. 1 ;
TRANSFO T1165_1306_1 FR1165 FR1306 0.138500 3.808800 0. 0. 100. 0. 100.0 1 ;
LINE L1166_1307_1 ES1166 ES1307 0.304684 2.888000 0. 0. 1 ;
LINE L1166_1307_2 ES1166 ES1307 0.304684 2.888000 0. 0. 1 ;
TRANSFO T1166_1308_1 ES1166 ES1308 0.138500 3.808800 0. 0. 100. 0. 100.0 1 ;
LINE L1167_1309_1 FR1167 FR1309 0.800536 4.575252 0. 0. 1 ;
LINE L1167_1310_1 FR1167 FR1310 0.686312 3.922336 0. 0. 1 ;
LINE L1167_1311_1 FR1167 FR1311 0.678084 3.875872 0. 0. 1 ;
LINE L1167_1311_2 FR1167 FR1311 0.678084 3.875872 0. 0. 1 ;
LINE L1168_1169_1 FR1168 FR1169 1.620916 9.262308 0. 0. 1 ;
LINE L1169_1312_1 FR1169 FR1312 1.932128 11.040524 0. 0. 1 ;
LINE L1169_1313_1 FR1169 FR1313 1.602524 9.157764 0. 0. 1 ;
LINE L1175_1176_1 FR1175 FR1176 1.914220 10.938400 0. 0. 1 ;
LINE L1176_1314_1 FR1176 FR1314 2.366276 13.521508 0. 0. 1 ;
LINE L1176_1315_1 FR1176 FR1315 0.819896 4.686088 0. 0. 1 ;
LINE L1176_1316_1 FR1176 FR1316 1.561384 8.921088 0. 0. 1 ;
LINE L1176_1316_2 FR1176 FR1316 1.561384 8.921088 0. 0. 1 ;
LINE L1176_1317_1 FR1176 FR1317 5.888344 33.648648 0. 0. 1 ;
LINE L1179_1318_1 FR1179 FR1318 2.428808 22.988480 0. 0. 1 ;
LINE L1179_1318_2 FR1179 FR1318 2.428808 22.981260 0. 0. 1 ;
TRANSFO T1179_1319_1 FR1179 FR1319 0.138500 3.808800 0. 0. 100. 0. 100.0 1 ;
LINE L1180_1320_1 FR1180 FR1320 1.283568 7.335020 0. 0. 1 ;
LINE L1180_1321_1 FR1180 FR1321 1.488784 8.508720 0. 0. 1 ;
LINE L1180_1321_2 FR1180 FR1321 1.488784 8.508720 0. 0. 1 ;
LINE L1181_1322_1 FR1181 FR1322 2.226400 12.721456 0. 0. 1 ;
LINE L1181_1323_1 FR1181 FR1323 0.345092 1.972300 0. 0. 1 ;
LINE L1181_1323_2 FR1181 FR1323 0.345092 1.972300 0. 0. 1 ;
LINE L1182_1185_1 FR1182 FR1185 0.686796 3.923788 0. 0. 1 ;
LINE L1182_1185_2 FR1182 FR1185 0.686796 3.923788 0. 0. 1 ;
LINE L1182_1324_1 FR1182 FR1324 0.848936 4.849680 0. 0. 1 ;
LINE L1183_1325_1 FR1183 FR1325 4.588804 26.220216 0. 0. 1 ;
LINE L1183_1326_1 FR1183 FR1326 0.691636 3.951376 0. 0. 1 ;
LINE L1183_1326_2 FR1183 FR1326 0.691636 3.951376 0. 0. 1 ;
LINE L1184_1327_1 FR1184 FR1327 4.952772 28.301900 0. 0. 1 ;
LINE L1184_1327_2 FR1184 FR1327 4.952772 28.301900 0. 0. 1 ;
LINE L1184_1328_1 FR1184 FR1328 0.416240 2.379344 0. 0. 1 ;
LINE L1185_1329_1 FR1185 FR1329 3.268936 18.679496 0. 0. 1 ;
LINE L1185_1330_1 FR1185 FR1330 1.643180 9.389600 0. 0. 1 ;
LINE L1186_1317_1 FR1186 FR1317 6.052420 34.585188 0. 0. 1 ;
LINE L1186_1323_1 FR1186 FR1323 4.942124 28.241400 0. 0. 1 ;
LINE L1186_1323_2 FR1186 FR1323 4.942124 28.241400 0. 0. 1 ;
LINE L1187_1331_1 FR1187 FR1331 3.039036 17.364952 0. 0. 1 ;
LINE L1188_1332_1 FR1188 FR1332 0.579348 3.310560 0. 0. 1 ;
LINE L1188_1333_1 FR1188 FR1333 0.634524 3.625644 0. 0. 1 ;
LINE L1189_1334_1 FR1189 FR1334 1.982464 11.328988 0. 0. 1 ;
LINE L1189_1334_2 FR1189 FR1334 1.982464 11.328988 0. 0. 1 ;
LINE L1189_1335_1 FR1189 FR1335 3.212308 18.355700 0. 0. 1 ;
LINE L1190_1312_1 FR1190 FR1312 1.233232 7.046072 0. 0. 1 ;
LINE L1191_1336_1 FR1191 FR1336 1.464584 8.369328 0. 0. 1 ;
LINE L1192_1337_1 FR1192 FR1337 3.830376 21.888900 0. 0. 1 ;
LINE L1194_1195_1 FR1194 FR1195 0.798116 4.560732 0. 0. 1 ;
LINE L1195_1338_1 FR1195 FR1338 0.349932 1.998920 0. 0. 1 ;
LINE L1198_1339_1 FR1198 FR1339 3.158584 18.047876 0. 0. 1 ;
LINE L1198_1340_1 FR1198 FR1340 3.412200 19.497456 0. 0. 1 ;
LINE L1198_1341_1 FR1198 FR1341 2.195424 12.545280 0. 0. 1 ;
LINE L1199_1342_1 FR1199 FR1342 0.903628 5.162344 0. 0. 1 ;
LINE L1199_1343_1 FR1199 FR1343 0.610808 3.490608 0. 0. 1 ;
LINE L1199_1343_2 FR1199 FR1343 0.610808 3.490608 0. 0. 1 ;
LINE L1200_1211_1 FR1200 FR1211 3.213760 18.363928 0. 0. 1 ;
LINE L1200_1344_1 FR1200 FR1344 1.379884 7.886296 0. 0. 1 ;
LINE L1200_1344_2 FR1200 FR1344 1.379884 7.886296 0. 0. 1 ;
LINE L1201_1345_1 FR1201 FR1345 0.694056 3.965412 0. 0. 1 ;
LINE L1202_1203_1 FR1202 FR1203 0.418660 2.392412 0. 0. 1 ;
TRANSFO T1202_1346_1 FR1202 FR1346 0.138500 3.808800 0. 0. 100. 0. 100.0 1 ;
LINE L1203_1347_1 FR1203 FR1347 4.277108 24.440064 0. 0. 1 ;
LINE L1203_1348_1 FR1203 FR1348 0.675180 3.856996 0. 0. 1 ;
LINE L1203_1349_1 FR1203 FR1349 0.718740 4.107224 0. 0. 1 ;
LINE L1203_1350_1 FR1203 FR1350 0.709060 4.051080 0. 0. 1 ;
LINE L1204_1351_1 FR1204 FR1351 0.574024 3.281036 0. 0. 1 ;
LINE L1206_1352_1 FR1206 FR1352 1.016884 5.809936 0. 0. 1 ;
LINE L1207_1213_1 FR1207 FR1213 0.873620 4.991976 0. 0. 1 ;
LINE L1207_1353_1 FR1207 FR1353 0.605000 3.455760 0. 0. 1 ;
LINE L1207_1354_1 FR1207 FR1354 0.315084 1.801448 0. 0. 1 ;
LINE L1208_1211_1 FR1208 FR1211 1.724492 9.855208 0. 0. 1 ;
LINE L1208_1355_1 FR1208 FR1355 1.811612 10.351308 0. 0. 1 ;
LINE L1208_1356_1 FR1208 FR1356 2.939816 16.800124 0. 0. 1 ;
LINE L1208_1357_1 FR1208 FR1357 2.440812 13.946944 0. 0. 1 ;
TRANSFO T1209_1212_1 FR1209 FR1212 0.138500 3.808800 0. 0. 100. 0. 100.0 1 ;
LINE L1209_1213_1 FR1209 FR1213 2.595692 14.831212 0. 0. 1 ;
LINE L1209_1358_1 FR1209 FR1358 0.954448 5.453228 0. 0. 1 ;
LINE L1209_1358_2 FR1209 FR1358 0.954448 5.453228 0. 0. 1 ;
LINE L1210_1216_1 FR1210 FR1216 2.176064 12.433960 0. 0. 1 ;
LINE L1211_1356_1 FR1211 FR1356 1.500884 8.577448 0. 0. 1 ;
LINE L1212_1359_1 FR1212 FR1359 0.670016 6.342048 0. 0. 1 ;
LINE L1212_1359_2 FR1212 FR1359 0.670016 6.342048 0. 0. 1 ;
LINE L1213_1354_1 FR1213 FR1354 0.952996 5.444516 0. 0. 1 ;
LINE L1213_1354_2 FR1213 FR1354 0.952996 5.444516 0. 0. 1 ;
LINE L1214_1360_1 FR1214 FR1360 0.512556 2.928200 0. 0. 1 ;
LINE L1214_1361_1 FR1214 FR1361 1.301476 7.436660 0. 0. 1 ;
LINE L1215_1362_1 FR1215 FR1362 0.725032 4.141588 0. 0. 1 ;
LINE L1215_1363_1 FR1215 FR1363 0.954932 5.456132 0. 0. 1 ;
LINE L1216_1360_1 FR1216 FR1360 1.681416 9.607400 0. 0. 1 ;
LINE L1216_1364_1 FR1216 FR1364 0.955416 5.460488 0. 0. 1 ;
LINE L1216_1365_1 FR1216 FR1365 0.390588 2.232208 0. 0. 1 ;
LINE L1217_1220_1 FR1217 FR1220 2.358532 13.476496 0. 0. 1 ;
LINE L1218_1366_1 FR1218 FR1366 0.468512 2.675552 0. 0. 1 ;
LINE L1219_1313_1 FR1219 FR1313 0.909436 5.196708 0. 0. 1 ;
LINE L1220_1222_1 FR1220 FR1222 0.729872 4.171112 0. 0. 1 ;
LINE L1222_1367_1 FR1222 FR1367 0.958320 5.476944 0. 0. 1 ;
LINE L1224_1368_1 BE1224 BE1368 0.330676 3.133480 0. 0. 1 ;
LINE L1224_1368_2 BE1224 BE1368 0.330676 3.133480 0. 0. 1 ;
LINE L1224_1368_3 BE1224 BE1368 0.330676 3.133480 0. 0. 1 ;
LINE L1224_1368_4 BE1224 BE1368 0.330676 3.133480 0. 0. 1 ;
LINE L1224_1369_1 BE1224 BE1369 0.709004 6.704492 0. 0. 1 ;
LINE L1224_1369_2 BE1224 BE1369 0.709004 6.704492 0. 0. 1 ;
LINE L1224_1369_3 BE1224 BE1369 0.709004 6.704492 0. 0. 1 ;
LINE L1224_1370_1 BE1224 BE1370 0.454860 4.307452 0. 0. 1 ;
LINE L1224_1370_2 BE1224 BE1370 0.454860 4.307452 0. 0. 1 ;
LINE L1226_1371_1 FR1226 FR1371 0.782144 4.469740 0. 0. 1 ;
LINE L1226_1371_2 FR1226 FR1371 0.782144 4.469740 0. 0. 1 ;
LINE L1227_1372_1 FR1227 FR1372 0.739068 4.223384 0. 0. 1 ;
LINE L1227_1372_2 FR1227 FR1372 0.739068 4.223384 0. 0. 1 ;
LINE L1229_1373_1 FR1229 FR1373 0.754072 4.310020 0. 0. 1 ;
LINE L1230_1374_1 BE1230 BE1374 0.232484 2.202100 0. 0. 1 ;
LINE L1230_1374_2 BE1230 BE1374 0.232484 2.202100 0. 0. 1 ;
LINE L1230_1375_1 BE1230 BE1375 0.750880 7.111700 0. 0. 1 ;
LINE L1230_1375_2 BE1230 BE1375 0.750880 7.111700 0. 0. 1 ;
LINE L1232_1376_1 NL1232 NL1376 0.801420 7.582444 0. 0. 1 ;
LINE L1232_1376_2 NL1232 NL1376 0.801420 7.582444 0. 0. 1 ;
LINE L1233_1377_1 NL1233 NL1377 0.677236 6.409916 0. 0. 1 ;
LINE L1233_1377_2 NL1233 NL1377 0.677236 6.409916 0. 0. 1 ;
LINE L1233_1377_3 NL1233 NL1377 0.677236 6.409916 0. 0. 1 ;
LINE L1234_1369_1 BE1234 BE1369 0.353780 3.347192 0. 0. 1 ;
LINE L1234_1369_2 BE1234 BE1369 0.353780 3.347192 0. 0. 1 ;
LINE L1235_1378_1 BE1235 BE1378 1.096260 6.264896 0. 0. 1 ;
LINE L1235_1378_2 BE1235 BE1378 1.096260 6.264896 0. 0. 1 ;
LINE L1235_1379_1 BE1235 BE1379 0.489808 2.799456 0. 0. 1 ;
LINE L1235_1379_2 BE1235 BE1379 0.489808 2.799456 0. 0. 1 ;
LINE L1236_1379_1 BE1236 BE1379 0.733260 4.189988 0. 0. 1 ;
LINE L1236_1379_2 BE1236 BE1379 0.733260 4.189988 0. 0. 1 ;
LINE L1237_1378_1 BE1237 BE1378 0.786016 4.491036 0. 0. 1 ;
LINE L1237_1380_1 BE1237 BE1380 0.614196 3.509968 0. 0. 1 ;
LINE L1237_1380_2 BE1237 BE1380 0.614196 3.509968 0. 0. 1 ;
LINE L1238_1239_1 LU1238 LU1239 1.064800 6.083880 0. 0. 1 ;
LINE L1238_1239_2 LU1238 LU1239 1.064800 6.083880 0. 0. 1 ;
LINE L1238_1381_1 LU1238 LU1381 0.596288 3.408328 0. 0. 1 ;
LINE L1238_1381_2 LU1238 LU1381 0.596288 3.408328 0. 0. 1 ;
TRANSFO T1241_1382_1 DE1241 DE1382 0.138500 3.808800 0. 0. 100. 0. 100.0 1 ;
LINE L1244_1383_1 DE1244 DE1383 1.418008 13.421980 0. 0. 1 ;
TRANSFO T1244_1384_1 DE1244 DE1384 0.138500 3.808800 0. 0. 100. 0. 100.0 1 ;
LINE L1245_1246_1 DE1245 DE1246 0.486420 2.780580 0. 0. 1 ;
LINE L1245_1246_2 DE1245 DE1246 0.486420 2.780580 0. 0. 1 ;
LINE L1245_1385_1 DE1245 DE1385 0.780208 4.459576 0. 0. 1 ;
LINE L1245_1385_2 DE1245 DE1385 0.780208 4.459576 0. 0. 1 ;
LINE L1246_1386_1 DE1246 DE1386 1.605912 9.177124 0. 0. 1 ;
LINE L1246_1386_2 DE1246 DE1386 1.605912 9.177124 0. 0. 1 ;
LINE L1247_1387_1 DE1247 DE1387 0.727776 6.893656 0. 0. 1 ;
LINE L1247_1387_2 DE1247 DE1387 0.727776 6.893656 0. 0. 1 ;
LINE L1247_1388_1 DE1247 DE1388 0.446196 4.228032 0. 0. 1 ;
LINE L1247_1388_2 DE1247 DE1388 0.446196 4.228032 0. 0. 1 ;
LINE L1248_1389_1 DE1248 DE1389 0.210824 1.999940 0. 0. 1 ;
LINE L1248_1389_2 DE1248 DE1389 0.210824 1.999940 0. 0. 1 ;
LINE L1248_1390_1 DE1248 DE1390 2.386932 22.588492 0. 0. 1 ;
LINE L1248_1390_2 DE1248 DE1390 2.386932 22.588492 0. 0. 1 ;
LINE L1249_1252_1 DE1249 DE1252 0.332120 3.147920 0. 0. 1 ;
LINE L1249_1252_2 DE1249 DE1252 0.332120 3.147920 0. 0. 1 ;
LINE L1249_1252_3 DE1249 DE1252 0.332120 3.147920 0. 0. 1 ;
LINE L1249_1391_1 DE1249 DE1391 1.277940 12.099276 0. 0. 1 ;
LINE L1249_1391_2 DE1249 DE1391 1.277940 12.099276 0. 0. 1 ;
LINE L1249_1391_3 DE1249 DE1391 1.277940 12.099276 0. 0. 1 ;
LINE L1250_1382_1 DE1250 DE1382 1.441836 8.238648 0. 0. 1 ;
LINE L1250_1382_2 DE1250 DE1382 1.441836 8.238648 0. 0. 1 ;
LINE L1250_1392_1 DE1250 DE1392 1.016400 5.808968 0. 0. 1 ;
LINE L1250_1392_2 DE1250 DE1392 1.016400 5.808968 0. 0. 1 ;
LINE L1251_1393_1 DE1251 DE1393 0.311904 2.958756 0. 0. 1 ;
LINE L1251_1393_2 DE1251 DE1393 0.311904 2.958756 0. 0. 1 ;
LINE L1251_1393_3 DE1251 DE1393 0.311904 2.958756 0. 0. 1 ;
LINE L1251_1394_1 DE1251 DE1394 0.181944 1.727024 0. 0. 1 ;
LINE L1251_1394_2 DE1251 DE1394 0.181944 1.727024 0. 0. 1 ;
TRANSFO T1251_1395_1 DE1251 DE1395 0.138500 3.808800 0. 0. 100. 0. 100.0 1 ;
TRANSFO T1252_1396_1 DE1252 DE1396 0.138500 3.808800 0. 0. 100. 0. 100.0 1 ;
LINE L1256_1257_1 LU1256 LU1257 0.798600 4.562184 0. 0. 1 ;
LINE L1257_1381_1 LU1257 LU1381 0.853292 4.876300 0. 0. 1 ;
LINE L1257_1381_2 LU1257 LU1381 0.853292 4.876300 0. 0. 1 ;
LINE L1258_1259_1 DE1258 DE1259 1.166752 11.043712 0. 0. 1 ;
LINE L1258_1259_2 DE1258 DE1259 1.166752 11.043712 0. 0. 1 ;
LINE L1258_1390_1 DE1258 DE1390 1.631720 15.442136 0. 0. 1 ;
LINE L1258_1390_2 DE1258 DE1390 1.631720 15.442136 0. 0. 1 ;
LINE L1258_1390_3 DE1258 DE1390 1.631720 15.442136 0. 0. 1 ;
LINE L1258_1390_4 DE1258 DE1390 1.631720 15.442136 0. 0. 1 ;
LINE L1258_1390_5 DE1258 DE1390 1.631720 15.442136 0. 0. 1 ;
LINE L1258_1397_1 DE1258 DE1397 0.324900 3.078608 0. 0. 1 ;
LINE L1258_1397_2 DE1258 DE1397 0.324900 3.078608 0. 0. 1 ;
LINE L1259_1390_1 DE1259 DE1390 1.386240 13.124516 0. 0. 1 ;
LINE L1259_1390_2 DE1259 DE1390 1.386240 13.124516 0. 0. 1 ;
LINE L1259_1398_1 DE1259 DE1398 1.113324 10.539756 0. 0. 1 ;
LINE L1259_1398_2 DE1259 DE1398 1.113324 10.539756 0. 0. 1 ;
TRANSFO T1259_1399_1 DE1259 DE1399 0.138500 3.808800 0. 0. 100. 0. 100.0 1 ;
LINE L1260_1400_1 DE1260 DE1400 2.142896 20.276648 0. 0. 1 ;
LINE L1260_1400_2 DE1260 DE1400 2.142896 20.276648 0. 0. 1 ;
LINE L1261_1401_1 DE1261 DE1401 9.705652 55.461560 0. 0. 1 ;
LINE L1261_1401_2 DE1261 DE1401 9.705652 55.461560 0. 0. 1 ;
LINE L1261_1402_1 DE1261 DE1402 3.497868 19.986296 0. 0. 1 ;
LINE L1261_1402_2 DE1261 DE1402 3.497868 19.986296 0. 0. 1 ;
LINE L1262_1403_1 DE1262 DE1403 3.345408 19.115096 0. 0. 1 ;
LINE L1262_1403_2 DE1262 DE1403 3.345408 19.115096 0. 0. 1 ;
LINE L1263_1404_1 AT1263 AT1404 6.466240 36.950496 0. 0. 1 ;
LINE L1263_1404_2 AT1263 AT1404 6.466240 36.950496 0. 0. 1 ;
LINE L1263_1405_1 AT1263 AT1405 5.511792 31.494848 0. 0. 1 ;
LINE L1263_1405_2 AT1263 AT1405 5.511792 31.494848 0. 0. 1 ;
LINE L1264_1406_1 AT1264 AT1406 1.279212 7.308884 0. 0. 1 ;
LINE L1264_1406_2 AT1264 AT1406 1.279212 7.308884 0. 0. 1 ;
LINE L1265_1407_1 AT1265 AT1407 0.737884 6.978852 0. 0. 1 ;
LINE L1265_1407_2 AT1265 AT1407 0.737884 6.978852 0. 0. 1 ;
LINE L1267_1408_1 IT1267 IT1408 0.860068 4.913568 0. 0. 1 ;
LINE L1268_1279_1 IT1268 IT1279 1.101584 6.295388 0. 0. 1 ;
LINE L1270_1409_1 AT1270 AT1409 0.956868 5.468232 0. 0. 1 ;
LINE L1270_1409_2 AT1270 AT1409 0.956868 5.468232 0. 0. 1 ;
LINE L1270_1410_1 AT1270 AT1410 0.526592 3.009512 0. 0. 1 ;
LINE L1270_1410_2 AT1270 AT1410 0.526592 3.009512 0. 0. 1 ;
LINE L1271_1411_1 DE1271 DE1411 2.310400 21.869380 0. 0. 1 ;
LINE L1271_1411_2 DE1271 DE1411 2.310400 21.869380 0. 0. 1 ;
LINE L1272_1412_1 DE1272 AT1412 3.178912 18.166456 0. 0. 1 ;
LINE L1272_1412_2 DE1272 AT1412 3.178912 18.166456 0. 0. 1 ;
LINE L1273_1275_1 IT1273 IT1275 0.395656 3.750068 0. 0. 1 ;
LINE L1273_1283_1 IT1273 IT1283 1.643272 15.551880 0. 0. 1 ;
LINE L1276_1289_1 IT1276 IT1289 0.665500 3.801820 0. 0. 1 ;
LINE L1276_1413_1 IT1276 IT1413 0.825220 4.714644 0. 0. 1 ;
LINE L1276_1413_2 IT1276 IT1413 0.825220 4.714644 0. 0. 1 ;
LINE L1276_1414_1 IT1276 IT1414 4.486196 25.635544 0. 0. 1 ;
LINE L1277_1282_1 IT1277 IT1282 0.798532 7.562228 0. 0. 1 ;
LINE L1277_1282_2 IT1277 IT1282 0.798532 7.562228 0. 0. 1 ;
LINE L1277_1415_1 IT1277 IT1415 0.180500 1.708252 0. 0. 1 ;
LINE L1277_1415_2 IT1277 IT1415 0.180500 1.708252 0. 0. 1 ;
LINE L1278_1416_1 IT1278 IT1416 2.853344 27.008576 0. 0. 1 ;
LINE L1279_1417_1 IT1279 IT1417 1.711908 9.781640 0. 0. 1 ;
LINE L1280_1418_1 IT1280 IT1418 0.307572 2.915436 0. 0. 1 ;
LINE L1280_1419_1 IT1280 IT1419 0.339340 3.204236 0. 0. 1 ;
LINE L1283_1420_1 IT1283 IT1420 2.204988 20.864356 0. 0. 1 ;
LINE L1285_1420_1 IT1285 IT1420 1.100328 10.417016 0. 0. 1 ;
LINE L1287_1291_1 IT1287 IT1291 0.202160 1.917632 0. 0. 1 ;
LINE L1287_1291_2 IT1287 IT1291 0.202160 1.917632 0. 0. 1 ;
LINE L1287_1421_1 IT1287 IT1421 4.817184 45.588524 0. 0. 1 ;
TRANSFO T1288_1422_1 IT1288 IT1422 0.138500 3.808800 0. 0. 100. 0. 100.0 1 ;
LINE L1289_1413_1 IT1289 IT1413 0.430276 2.458720 0. 0. 1 ;
LINE L1291_1423_1 IT1291 IT1423 1.868536 17.683224 0. 0. 1 ;
LINE L1291_1423_2 IT1291 IT1423 1.868536 17.683224 0. 0. 1 ;
LINE L1292_1371_1 FR1292 FR1371 1.396340 7.978256 0. 0. 1 ;
LINE L1293_1424_1 FR1293 FR1424 0.764236 4.368100 0. 0. 1 ;
LINE L1293_1424_2 FR1293 FR1424 0.764236 4.368100 0. 0. 1 ;
LINE L1294_1425_1 FR1294 FR1425 0.675664 3.861352 0. 0. 1 ;
LINE L1295_1426_1 FR1295 FR1426 3.884360 36.761352 0. 0. 1 ;
LINE L1295_1426_2 FR1295 FR1426 3.884360 36.761352 0. 0. 1 ;
LINE L1295_1427_1 FR1295 FR1427 1.133540 10.724588 0. 0. 1 ;
LINE L1295_1427_2 FR1295 FR1427 1.133540 10.724588 0. 0. 1 ;
LINE L1295_1427_3 FR1295 FR1427 1.075780 10.184532 0. 0. 1 ;
LINE L1295_1427_4 FR1295 FR1427 1.075780 10.184532 0. 0. 1 ;
LINE L1295_1428_1 FR1295 FR1428 1.953732 18.496196 0. 0. 1 ;
LINE L1295_1428_2 FR1295 FR1428 1.953732 18.496196 0. 0. 1 ;
LINE L1296_1429_1 FR1296 FR1429 3.038552 17.364468 0. 0. 1 ;
LINE L1296_1430_1 FR1296 FR1430 0.426404 2.435972 0. 0. 1 ;
LINE L1297_1431_1 FR1297 FR1431 0.294756 1.683352 0. 0. 1 ;
LINE L1297_1431_2 FR1297 FR1431 0.294756 1.683352 0. 0. 1 ;
LINE L1298_1432_1 FR1298 FR1432 0.697452 6.604856 0. 0. 1 ;
LINE L1298_1432_2 FR1298 FR1432 0.697452 6.604856 0. 0. 1 ;
TRANSFO T1299_1328_1 FR1299 FR1328 0.138500 3.808800 0. 0. 100. 0. 100.0 1 ;
LINE L1300_1433_1 FR1300 FR1433 1.136428 10.753468 0. 0. 1 ;
LINE L1300_1433_2 FR1300 FR1433 1.136428 10.753468 0. 0. 1 ;
LINE L1300_1433_3 FR1300 FR1433 1.133540 10.723144 0. 0. 1 ;
LINE L1300_1433_4 FR1300 FR1433 1.133540 10.723144 0. 0. 1 ;
LINE L1301_1324_1 FR1301 FR1324 1.312608 7.500548 0. 0. 1 ;
LINE L1302_1434_1 FR1302 FR1434 2.668292 15.246000 0. 0. 1 ;
LINE L1302_1435_1 FR1302 FR1435 0.991716 5.667156 0. 0. 1 ;
LINE L1304_1317_1 FR1304 FR1317 4.521044 25.833500 0. 0. 1 ;
LINE L1304_1434_1 FR1304 FR1434 2.550680 14.576144 0. 0. 1 ;
LINE L1304_1436_1 FR1304 FR1436 0.911856 5.209292 0. 0. 1 ;
TRANSFO T1305_1335_1 FR1305 FR1335 0.138500 3.808800 0. 0. 100. 0. 100.0 1 ;
LINE L1305_1437_1 FR1305 FR1437 2.968864 28.101684 0. 0. 1 ;
LINE L1305_1437_2 FR1305 FR1437 2.968864 28.101684 0. 0. 1 ;
LINE L1306_1336_1 FR1306 FR1336 2.657160 15.184532 0. 0. 1 ;
LINE L1306_1337_1 FR1306 FR1337 1.051732 6.009344 0. 0. 1 ;
LINE L1306_1438_1 FR1306 FR1438 0.786500 4.494908 0. 0. 1 ;
LINE L1306_1438_2 FR1306 FR1438 0.786500 4.494908 0. 0. 1 ;
LINE L1306_1439_1 FR1306 FR1439 0.795696 4.545728 0. 0. 1 ;
LINE L1306_1439_2 FR1306 FR1439 0.795696 4.545728 0. 0. 1 ;
LINE L1307_1440_1 ES1307 ES1440 1.101772 10.428568 0. 0. 1 ;
LINE L1307_1440_2 ES1307 ES1440 1.101772 10.428568 0. 0. 1 ;
LINE L1307_1441_1 ES1307 ES1441 0.736440 6.974520 0. 0. 1 ;
LINE L1307_1441_2 ES1307 ES1441 0.736440 6.974520 0. 0. 1 ;
LINE L1308_1442_1 ES1308 ES1442 3.666300 20.948972 0. 0. 1 ;
LINE L1308_1442_2 ES1308 ES1442 3.666300 20.948972 0. 0. 1 ;
LINE L1308_1442_3 ES1308 ES1442 3.646940 20.840556 0. 0. 1 ;
LINE L1308_1442_4 ES1308 ES1442 3.646940 20.840556 0. 0. 1 ;
LINE L1308_1443_1 ES1308 ES1443 3.863288 22.076692 0. 0. 1 ;
LINE L1308_1443_2 ES1308 ES1443 3.863288 22.076692 0. 0. 1 ;
LINE L1313_1444_1 FR1313 FR1444 0.543048 3.101956 0. 0. 1 ;
LINE L1315_1445_1 FR1315 FR1445 0.553696 3.162456 0. 0. 1 ;
LINE L1316_1320_1 FR1316 FR1320 0.968484 5.534056 0. 0. 1 ;
LINE L1317_1446_1 FR1317 FR1446 5.478396 31.305604 0. 0. 1 ;
LINE L1317_1447_1 FR1317 FR1447 3.694372 21.110628 0. 0. 1 ;
LINE L1317_1448_1 FR1317 FR1448 0.948156 5.416928 0. 0. 1 ;
LINE L1318_1449_1 FR1318 FR1449 0.158840 1.498872 0. 0. 1 ;
LINE L1319_1450_1 FR1319 FR1450 0.617100 3.525456 0. 0. 1 ;
LINE L1319_1450_2 FR1319 FR1450 0.617100 3.525456 0. 0. 1 ;
LINE L1319_1451_1 FR1319 FR1451 4.565572 26.089052 0. 0. 1 ;
LINE L1319_1452_1 FR1319 FR1452 2.235112 12.772276 0. 0. 1 ;
LINE L1319_1452_2 FR1319 FR1452 2.387088 13.640088 0. 0. 1 ;
LINE L1320_1445_1 FR1320 FR1445 0.821348 4.694316 0. 0. 1 ;
LINE L1320_1453_1 FR1320 FR1453 0.809732 4.627040 0. 0. 1 ;
LINE L1321_1453_1 FR1321 FR1453 0.810700 4.633332 0. 0. 1 ;
LINE L1322_1331_1 FR1322 FR1331 2.092332 11.955284 0. 0. 1 ;
LINE L1323_1447_1 FR1323 FR1447 1.588004 9.073064 0. 0. 1 ;
LINE L1324_1454_1 FR1324 FR1454 1.996984 11.412236 0. 0. 1 ;
LINE L1325_1455_1 FR1325 FR1455 1.927288 11.012452 0. 0. 1 ;
LINE L1325_1456_1 FR1325 FR1456 1.212904 6.931364 0. 0. 1 ;
LINE L1327_1457_1 FR1327 FR1457 1.944712 11.113608 0. 0. 1 ;
LINE L1327_1457_2 FR1327 FR1457 1.944712 11.113608 0. 0. 1 ;
LINE L1327_1458_1 FR1327 FR1458 2.197844 12.557864 0. 0. 1 ;
TRANSFO T1327_1459_1 FR1327 FR1459 0.138500 3.808800 0. 0. 100. 0. 100.0 1 ;
LINE L1327_1460_1 FR1327 FR1460 0.798600 4.563636 0. 0. 1 ;
LINE L1327_1460_2 FR1327 FR1460 0.798600 4.563636 0. 0. 1 ;
LINE L1327_1461_1 FR1327 FR1461 1.206612 6.894096 0. 0. 1 ;
LINE L1327_1461_2 FR1327 FR1461 1.206612 6.894096 0. 0. 1 ;
LINE L1329_1446_1 FR1329 FR1446 2.673616 15.277944 0. 0. 1 ;
LINE L1330_1462_1 FR1330 FR1462 1.803868 10.306296 0. 0. 1 ;
LINE L1330_1463_1 FR1330 FR1463 0.481096 2.747668 0. 0. 1 ;
LINE L1332_1464_1 FR1332 FR1464 0.608872 3.478992 0. 0. 1 ;
LINE L1335_1465_1 FR1335 FR1465 0.794728 4.541372 0. 0. 1 ;
LINE L1335_1465_2 FR1335 FR1465 0.794728 4.541372 0. 0. 1 ;
LINE L1335_1465_3 FR1335 FR1465 1.126268 6.437200 0. 0. 1 ;
LINE L1337_1464_1 FR1337 FR1464 1.506208 8.605520 0. 0. 1 ;
LINE L1339_1461_1 FR1339 FR1461 2.422420 13.842884 0. 0. 1 ;
LINE L1339_1466_1 FR1339 FR1466 0.408496 2.332880 0. 0. 1 ;
LINE L1340_1429_1 FR1340 FR1429 2.253988 12.880692 0. 0. 1 ;
LINE L1340_1467_1 FR1340 FR1467 1.134012 6.479792 0. 0. 1 ;
LINE L1340_1467_2 FR1340 FR1467 1.134012 6.479792 0. 0. 1 ;
LINE L1341_1468_1 FR1341 FR1468 2.040544 11.659560 0. 0. 1 ;
LINE L1344_1345_1 FR1344 FR1345 0.749232 4.281464 0. 0. 1 ;
LINE L1344_1345_2 FR1344 FR1345 0.749232 4.281464 0. 0. 1 ;
LINE L1345_1469_1 FR1345 FR1469 0.768108 4.387944 0. 0. 1 ;
LINE L1346_1359_1 FR1346 FR1359 1.158088 10.959960 0. 0. 1 ;
LINE L1346_1359_2 FR1346 FR1359 1.158088 10.959960 0. 0. 1 ;
LINE L1347_1355_1 FR1347 FR1355 0.391556 2.237048 0. 0. 1 ;
LINE L1348_1470_1 FR1348 FR1470 0.666952 3.810532 0. 0. 1 ;
LINE L1351_1363_1 FR1351 FR1363 1.532344 8.755076 0. 0. 1 ;
LINE L1352_1471_1 FR1352 FR1471 0.883300 5.047152 0. 0. 1 ;
LINE L1353_1354_1 FR1353 FR1354 0.624360 3.566596 0. 0. 1 ;
LINE L1353_1364_1 FR1353 FR1364 2.442264 13.956624 0. 0. 1 ;
LINE L1354_1472_1 FR1354 FR1472 0.557568 3.185688 0. 0. 1 ;
LINE L1355_1473_1 FR1355 FR1473 0.469964 2.686200 0. 0. 1 ;
LINE L1356_1469_1 FR1356 FR1469 1.039632 5.941100 0. 0. 1 ;
LINE L1357_1474_1 FR1357 FR1474 1.092872 6.245052 0. 0. 1 ;
LINE L1357_1474_2 FR1357 FR1474 1.092872 6.245052 0. 0. 1 ;
LINE L1358_1475_1 FR1358 FR1475 1.167408 6.671940 0. 0. 1 ;
TRANSFO T1359_1475_1 FR1359 FR1475 0.138500 3.808800 0. 0. 100. 0. 100.0 1 ;
LINE L1361_1362_1 FR1361 FR1362 0.879912 5.027792 0. 0. 1 ;
LINE L1361_1476_1 FR1361 FR1476 0.849420 4.854036 0. 0. 1 ;
LINE L1362_1363_1 FR1362 FR1363 1.068672 6.107112 0. 0. 1 ;
LINE L1363_1367_1 FR1363 FR1367 1.759340 10.054616 0. 0. 1 ;
LINE L1363_1477_1 FR1363 FR1477 1.497980 8.560024 0. 0. 1 ;
LINE L1363_1478_1 FR1363 FR1478 0.943800 5.392244 0. 0. 1 ;
LINE L1364_1474_1 FR1364 FR1474 0.122452 0.699864 0. 0. 1 ;
LINE L1365_1479_1 FR1365 FR1479 0.402688 2.301904 0. 0. 1 ;
LINE L1367_1471_1 FR1367 FR1471 0.623876 3.564176 0. 0. 1 ;
LINE L1368_1480_1 BE1368 BE1480 0.248368 2.353720 0. 0. 1 ;
LINE L1368_1480_2 BE1368 BE1480 0.248368 2.353720 0. 0. 1 ;
LINE L1370_1481_1 BE1370 BE1481 0.473632 4.486508 0. 0. 1 ;
LINE L1370_1481_2 BE1370 BE1481 0.473632 4.486508 0. 0. 1 ;
LINE L1370_1482_1 BE1370 BE1482 0.697452 6.596192 0. 0. 1 ;
LINE L1370_1482_2 BE1370 BE1482 0.697452 6.596192 0. 0. 1 ;
LINE L1371_1483_1 FR1371 FR1483 0.490292 2.800424 0. 0. 1 ;
LINE L1372_1373_1 FR1372 FR1373 1.377948 7.873228 0. 0. 1 ;
LINE L1372_1373_2 FR1372 FR1373 1.377948 7.873228 0. 0. 1 ;
LINE L1373_1483_1 FR1373 FR1483 0.585156 3.343956 0. 0. 1 ;
LINE L1373_1484_1 FR1373 FR1484 0.969936 5.543736 0. 0. 1 ;
LINE L1373_1484_2 FR1373 FR1484 0.969936 5.543736 0. 0. 1 ;
LINE L1375_1481_1 BE1375 BE1481 0.418760 3.966668 0. 0. 1 ;
LINE L1375_1481_2 BE1375 BE1481 0.418760 3.966668 0. 0. 1 ;
LINE L1375_1485_1 BE1375 BE1485 0.369664 3.500256 0. 0. 1 ;
LINE L1375_1485_2 BE1375 BE1485 0.369664 3.500256 0. 0. 1 ;
LINE L1376_1486_1 NL1376 NL1486 1.279384 12.105052 0. 0. 1 ;
LINE L1376_1486_2 NL1376 NL1486 1.279384 12.105052 0. 0. 1 ;
LINE L1377_1487_1 NL1377 NL1487 1.340032 12.675432 0. 0. 1 ;
LINE L1377_1488_1 NL1377 NL1488 0.404320 3.830932 0. 0. 1 ;
LINE L1377_1488_2 NL1377 NL1488 0.404320 3.830932 0. 0. 1 ;
LINE L1377_1488_3 NL1377 NL1488 0.404320 3.830932 0. 0. 1 ;
LINE L1380_1489_1 BE1380 BE1489 0.613228 3.503676 0. 0. 1 ;
LINE L1380_1489_2 BE1380 BE1489 0.613228 3.503676 0. 0. 1 ;
LINE L1381_1490_1 LU1381 DE1490 1.417152 8.099256 0. 0. 1 ;
LINE L1381_1490_2 LU1381 DE1490 1.417152 8.099256 0. 0. 1 ;
LINE L1382_1491_1 DE1382 DE1491 2.708464 15.477352 0. 0. 1 ;
LINE L1382_1491_2 DE1382 DE1491 2.708464 15.477352 0. 0. 1 ;
LINE L1383_1492_1 DE1383 DE1492 0.277248 2.620860 0. 0. 1 ;
TRANSFO T1383_1493_1 DE1383 DE1493 0.138500 3.808800 0. 0. 100. 0. 100.0 1 ;
LINE L1384_1385_1 DE1384 DE1385 0.457380 2.614568 0. 0. 1 ;
LINE L1384_1385_2 DE1384 DE1385 0.457380 2.614568 0. 0. 1 ;
LINE L1384_1491_1 DE1384 DE1491 2.523576 14.420296 0. 0. 1 ;
LINE L1384_1491_2 DE1384 DE1491 2.523576 14.420296 0. 0. 1 ;
LINE L1385_1386_1 DE1385 DE1386 1.169828 6.685492 0. 0. 1 ;
LINE L1385_1386_2 DE1385 DE1386 1.169828 6.685492 0. 0. 1 ;
LINE L1387_1494_1 DE1387 DE1494 1.459884 13.814748 0. 0. 1 ;
LINE L1387_1494_2 DE1387 DE1494 1.459884 13.814748 0. 0. 1 ;
LINE L1388_1495_1 DE1388 DE1495 0.288800 2.730604 0. 0. 1 ;
LINE L1388_1495_2 DE1388 DE1495 0.288800 2.730604 0. 0. 1 ;
LINE L1388_1496_1 DE1388 DE1496 0.766764 7.257544 0. 0. 1 ;
LINE L1388_1496_2 DE1388 DE1496 0.766764 7.257544 0. 0. 1 ;
LINE L1390_1497_1 DE1390 DE1497 1.514756 14.333144 0. 0. 1 ;
LINE L1390_1497_2 DE1390 DE1497 1.514756 14.333144 0. 0. 1 ;
LINE L1390_1498_1 DE1390 DE1498 2.368160 22.410880 0. 0. 1 ;
LINE L1390_1498_2 DE1390 DE1498 2.368160 22.410880 0. 0. 1 ;
TRANSFO T1390_1499_1 DE1390 DE1499 0.138500 3.808800 0. 0. 100. 0. 100.0 1 ;
LINE L1391_1500_1 DE1391 DE1500 0.677236 6.408472 0. 0. 1 ;
LINE L1391_1500_2 DE1391 DE1500 0.677236 6.408472 0. 0. 1 ;
LINE L1391_1500_3 DE1391 DE1500 0.677236 6.408472 0. 0. 1 ;
LINE L1392_1396_1 DE1392 DE1396 0.626296 3.579664 0. 0. 1 ;
LINE L1392_1396_2 DE1392 DE1396 0.626296 3.579664 0. 0. 1 ;
LINE L1393_1501_1 DE1393 DE1501 0.428868 4.060528 0. 0. 1 ;
LINE L1393_1501_2 DE1393 DE1501 0.428868 4.060528 0. 0. 1 ;
LINE L1393_1502_1 DE1393 DE1502 0.242592 2.300292 0. 0. 1 ;
LINE L1393_1502_2 DE1393 DE1502 0.242592 2.300292 0. 0. 1 ;
TRANSFO T1393_1503_1 DE1393 DE1503 0.138500 3.808800 0. 0. 100. 0. 100.0 1 ;
LINE L1394_1502_1 DE1394 DE1502 0.385548 3.647544 0. 0. 1 ;
LINE L1394_1502_2 DE1394 DE1502 0.385548 3.647544 0. 0. 1 ;
LINE L1394_1504_1 DE1394 DE1504 0.278692 2.639632 0. 0. 1 ;
LINE L1394_1504_2 DE1394 DE1504 0.278692 2.639632 0. 0. 1 ;
LINE L1395_1505_1 DE1395 DE1505 0.481096 2.750088 0. 0. 1 ;
LINE L1395_1505_2 DE1395 DE1505 0.481096 2.750088 0. 0. 1 ;
LINE L1396_1506_1 DE1396 DE1506 0.615648 3.517228 0. 0. 1 ;
LINE L1396_1506_2 DE1396 DE1506 0.615648 3.517228 0. 0. 1 ;
LINE L1396_1506_3 DE1396 DE1506 0.615648 3.517228 0. 0. 1 ;
LINE L1398_1507_1 DE1398 DE1507 0.323456 3.067056 0. 0. 1 ;
LINE L1398_1507_2 DE1398 DE1507 0.323456 3.067056 0. 0. 1 ;
LINE L1398_1508_1 DE1398 DE1508 1.451220 13.739660 0. 0. 1 ;
LINE L1398_1508_2 DE1398 DE1508 1.451220 13.739660 0. 0. 1 ;
LINE L1399_1509_1 DE1399 DE1509 0.636460 3.635808 0. 0. 1 ;
LINE L1399_1509_2 DE1399 DE1509 0.636460 3.635808 0. 0. 1 ;
LINE L1400_1411_1 DE1400 DE1411 1.100328 10.406908 0. 0. 1 ;
LINE L1400_1411_2 DE1400 DE1411 1.100328 10.406908 0. 0. 1 ;
LINE L1400_1510_1 DE1400 CZ1510 1.901748 17.998016 0. 0. 1 ;
LINE L1400_1510_2 DE1400 CZ1510 1.901748 17.998016 0. 0. 1 ;
TRANSFO T1402_1411_1 DE1402 DE1411 0.138500 3.808800 0. 0. 100. 0. 100.0 1 ;
LINE L1403_1511_1 DE1403 DE1511 1.535732 8.776372 0. 0. 1 ;
LINE L1403_1511_2 DE1403 DE1511 1.535732 8.776372 0. 0. 1 ;
LINE L1403_1512_1 DE1403 DE1512 0.780208 4.457640 0. 0. 1 ;
LINE L1403_1512_2 DE1403 DE1512 0.780208 4.457640 0. 0. 1 ;
LINE L1403_1512_3 DE1403 DE1512 0.780208 4.457640 0. 0. 1 ;
LINE L1404_1513_1 AT1404 AT1513 3.651780 20.867660 0. 0. 1 ;
LINE L1404_1513_2 AT1404 AT1513 3.651780 20.867660 0. 0. 1 ;
LINE L1405_1409_1 AT1405 AT1409 1.593328 9.105492 0. 0. 1 ;
LINE L1405_1409_2 AT1405 AT1409 1.593328 9.105492 0. 0. 1 ;
LINE L1405_1514_1 AT1405 SI1514 4.449412 25.423552 0. 0. 1 ;
TRANSFO T1405_1515_1 AT1405 AT1515 0.138500 3.808800 0. 0. 100. 0. 100.0 1 ;
LINE L1406_1516_1 AT1406 AT1516 2.628604 15.020456 0. 0. 1 ;
LINE L1406_1516_2 AT1406 AT1516 2.628604 15.020456 0. 0. 1 ;
TRANSFO T1407_1412_1 AT1407 AT1412 0.138500 3.808800 0. 0. 100. 0. 100.0 1 ;
LINE L1407_1517_1 AT1407 AT1517 2.807136 26.566712 0. 0. 1 ;
LINE L1407_1517_2 AT1407 AT1517 2.807136 26.566712 0. 0. 1 ;
LINE L1408_1518_1 IT1408 IT1518 0.503844 2.877864 0. 0. 1 ;
LINE L1408_1519_1 IT1408 IT1519 0.675180 3.856996 0. 0. 1 ;
LINE L1409_1520_1 AT1409 AT1520 0.424468 2.426776 0. 0. 1 ;
LINE L1411_1521_1 DE1411 DE1521 1.094552 10.354924 0. 0. 1 ;
LINE L1411_1521_2 DE1411 DE1521 1.094552 10.354924 0. 0. 1 ;
LINE L1411_1521_3 DE1411 DE1521 1.094552 10.354924 0. 0. 1 ;
LINE L1412_1512_1 AT1412 DE1512 0.908952 5.195256 0. 0. 1 ;
LINE L1412_1512_2 AT1412 DE1512 0.908952 5.195256 0. 0. 1 ;
LINE L1412_1512_3 AT1412 DE1512 0.908952 5.195256 0. 0. 1 ;
LINE L1412_1522_1 AT1412 AT1522 1.416668 8.094416 0. 0. 1 ;
LINE L1412_1522_2 AT1412 AT1522 1.416668 8.094416 0. 0. 1 ;
LINE L1412_1523_1 AT1412 AT1523 3.097116 17.696492 0. 0. 1 ;
LINE L1412_1523_2 AT1412 AT1523 3.097116 17.696492 0. 0. 1 ;
LINE L1413_1422_1 IT1413 IT1422 0.763268 4.361808 0. 0. 1 ;
LINE L1413_1422_2 IT1413 IT1422 0.763268 4.361808 0. 0. 1 ;
LINE L1414_1524_1 IT1414 IT1524 1.117072 6.383476 0. 0. 1 ;
LINE L1414_1524_2 IT1414 IT1524 1.117072 6.383476 0. 0. 1 ;
LINE L1414_1525_1 IT1414 IT1525 3.683724 21.050612 0. 0. 1 ;
LINE L1416_1526_1 IT1416 SI1526 2.012936 19.052136 0. 0. 1 ;
LINE L1416_1527_1 IT1416 IT1527 0.389880 3.686532 0. 0. 1 ;
TRANSFO T1416_1528_1 IT1416 IT1528 0.138500 3.808800 0. 0. 100. 0. 100.0 1 ;
LINE L1418_1419_1 IT1418 IT1419 0.425980 4.034536 0. 0. 1 ;
LINE L1418_1529_1 IT1418 IT1529 0.648356 6.131224 0. 0. 1 ;
TRANSFO T1419_1530_1 IT1419 IT1530 0.138500 3.808800 0. 0. 100. 0. 100.0 1 ;
LINE L1420_1531_1 IT1420 IT1531 1.802112 17.060860 0. 0. 1 ;
LINE L1421_1532_1 IT1421 IT1532 1.712584 16.206012 0. 0. 1 ;
LINE L1421_1533_1 IT1421 IT1533 0.875064 8.274120 0. 0. 1 ;
TRANSFO T1421_1534_1 IT1421 IT1534 0.138500 3.808800 0. 0. 100. 0. 100.0 1 ;
LINE L1423_1535_1 IT1423 IT1535 2.350832 22.244820 0. 0. 1 ;
LINE L1423_1536_1 IT1423 IT1536 0.440420 4.171716 0. 0. 1 ;
LINE L1423_1536_2 IT1423 IT1536 0.440420 4.171716 0. 0. 1 ;
LINE L1423_1537_1 IT1423 IT1537 0.285912 2.711832 0. 0. 1 ;
LINE L1423_1537_2 IT1423 IT1537 0.285912 2.711832 0. 0. 1 ;
LINE L1423_1538_1 IT1423 IT1538 4.048976 38.323760 0. 0. 1 ;
LINE L1423_1538_2 IT1423 IT1538 4.048976 38.323760 0. 0. 1 ;
TRANSFO T1426_1456_1 FR1426 FR1456 0.138500 3.808800 0. 0. 100. 0. 100.0 1 ;
LINE L1426_1539_1 FR1426 FR1539 1.231732 11.651636 0. 0. 1 ;
LINE L1426_1539_2 FR1426 FR1539 1.231732 11.651636 0. 0. 1 ;
LINE L1426_1540_1 FR1426 FR1540 1.612948 15.258748 0. 0. 1 ;
LINE L1426_1540_2 FR1426 FR1540 1.612948 15.258748 0. 0. 1 ;
LINE L1427_1541_1 FR1427 FR1541 0.636804 6.021480 0. 0. 1 ;
LINE L1427_1541_2 FR1427 FR1541 0.636804 6.021480 0. 0. 1 ;
LINE L1427_1541_3 FR1427 FR1541 0.540056 5.117536 0. 0. 1 ;
LINE L1427_1541_4 FR1427 FR1541 0.540056 5.117536 0. 0. 1 ;
LINE L1427_1542_1 FR1427 FR1542 0.378328 3.581120 0. 0. 1 ;
LINE L1427_1542_2 FR1427 FR1542 0.378328 3.581120 0. 0. 1 ;
LINE L1428_1539_1 FR1428 FR1539 1.607172 15.203876 0. 0. 1 ;
LINE L1428_1539_2 FR1428 FR1539 1.607172 15.203876 0. 0. 1 ;
TRANSFO T1428_1543_1 FR1428 FR1543 0.138500 3.808800 0. 0. 100. 0. 100.0 1 ;
LINE L1429_1455_1 FR1429 FR1455 2.818332 16.105100 0. 0. 1 ;
LINE L1429_1543_1 FR1429 FR1543 3.595152 20.544348 0. 0. 1 ;
LINE L1430_1544_1 FR1430 FR1544 0.785048 4.486196 0. 0. 1 ;
LINE L1431_1544_1 FR1431 FR1544 0.569668 3.255384 0. 0. 1 ;
LINE L1431_1544_2 FR1431 FR1544 0.569668 3.255384 0. 0. 1 ;
LINE L1432_1459_1 FR1432 FR1459 1.472880 13.941820 0. 0. 1 ;
LINE L1432_1459_2 FR1432 FR1459 1.472880 13.941820 0. 0. 1 ;
LINE L1433_1545_1 FR1433 FR1545 1.106104 10.461780 0. 0. 1 ;
LINE L1433_1545_2 FR1433 FR1545 1.106104 10.461780 0. 0. 1 ;
LINE L1434_1436_1 FR1434 FR1436 1.891956 10.812076 0. 0. 1 ;
LINE L1434_1546_1 FR1434 FR1546 4.744652 27.111744 0. 0. 1 ;
LINE L1434_1547_1 FR1434 FR1547 4.732552 27.043016 0. 0. 1 ;
LINE L1435_1446_1 FR1435 FR1446 0.453024 2.588432 0. 0. 1 ;
TRANSFO T1437_1548_1 FR1437 FR1548 0.138500 3.808800 0. 0. 100. 0. 100.0 1 ;
LINE L1438_1464_1 FR1438 FR1464 1.287440 7.356800 0. 0. 1 ;
LINE L1438_1464_2 FR1438 FR1464 1.287440 7.356800 0. 0. 1 ;
LINE L1440_1549_1 ES1440 ES1549 0.971812 9.195392 0. 0. 1 ;
LINE L1440_1550_1 ES1440 ES1550 0.408652 3.868476 0. 0. 1 ;
LINE L1441_1551_1 ES1441 ES1551 0.508288 4.814296 0. 0. 1 ;
LINE L1441_1551_2 ES1441 ES1551 0.508288 4.814296 0. 0. 1 ;
LINE L1441_1552_1 ES1441 ES1552 0.304684 2.888000 0. 0. 1 ;
LINE L1441_1552_2 ES1441 ES1552 0.304684 2.888000 0. 0. 1 ;
LINE L1442_1553_1 ES1442 ES1553 0.665016 3.799400 0. 0. 1 ;
LINE L1442_1553_2 ES1442 ES1553 0.665016 3.799400 0. 0. 1 ;
TRANSFO T1443_1550_1 ES1443 ES1550 0.138500 3.808800 0. 0. 100. 0. 100.0 1 ;
LINE L1443_1554_1 ES1443 ES1554 2.117016 12.096612 0. 0. 1 ;
LINE L1443_1554_2 ES1443 ES1554 2.117016 12.096612 0. 0. 1 ;
LINE L1443_1555_1 ES1443 ES1555 3.088404 17.648092 0. 0. 1 ;
LINE L1445_1556_1 FR1445 FR1556 0.557568 3.186656 0. 0. 1 ;
LINE L1449_1557_1 FR1449 ES1557 1.885864 17.843508 0. 0. 1 ;
TRANSFO T1449_1558_1 FR1449 FR1558 0.138500 3.808800 0. 0. 100. 0. 100.0 1 ;
LINE L1450_1559_1 FR1450 FR1559 1.132076 6.468660 0. 0. 1 ;
LINE L1450_1559_2 FR1450 FR1559 1.132076 6.468660 0. 0. 1 ;
LINE L1450_1560_1 FR1450 FR1560 0.646140 3.690984 0. 0. 1 ;
LINE L1451_1558_1 FR1451 FR1558 1.470392 8.401756 0. 0. 1 ;
LINE L1451_1558_2 FR1451 FR1558 1.470392 8.401756 0. 0. 1 ;
LINE L1451_1561_1 FR1451 FR1561 0.723580 4.135296 0. 0. 1 ;
LINE L1454_1562_1 FR1454 FR1562 1.507176 8.612780 0. 0. 1 ;
LINE L1459_1540_1 FR1459 FR1540 1.220180 11.544780 0. 0. 1 ;
LINE L1459_1540_2 FR1459 FR1540 1.220180 11.544780 0. 0. 1 ;
LINE L1462_1562_1 FR1462 FR1562 0.446248 2.551164 0. 0. 1 ;
LINE L1462_1562_2 FR1462 FR1562 0.446248 2.551164 0. 0. 1 ;
LINE L1462_1563_1 FR1462 FR1563 2.560360 14.631320 0. 0. 1 ;
LINE L1463_1563_1 FR1463 FR1563 2.017796 11.529364 0. 0. 1 ;
LINE L1464_1564_1 FR1464 FR1564 2.937396 16.785604 0. 0. 1 ;
LINE L1464_1565_1 FR1464 FR1565 4.403916 25.165580 0. 0. 1 ;
LINE L1464_1566_1 FR1464 FR1566 0.554180 3.165360 0. 0. 1 ;
LINE L1465_1567_1 FR1465 FR1567 3.200208 18.287456 0. 0. 1 ;
LINE L1465_1568_1 FR1465 FR1568 3.903460 22.305624 0. 0. 1 ;
LINE L1466_1569_1 FR1466 FR1569 1.492172 8.526628 0. 0. 1 ;
LINE L1469_1570_1 FR1469 FR1570 0.347512 1.986820 0. 0. 1 ;
LINE L1470_1475_1 FR1470 FR1475 0.862972 4.930508 0. 0. 1 ;
LINE L1472_1571_1 FR1472 FR1571 0.423016 2.417580 0. 0. 1 ;
LINE L1474_1572_1 FR1474 FR1572 0.399300 2.281092 0. 0. 1 ;
LINE L1474_1572_2 FR1474 FR1572 0.399300 2.281092 0. 0. 1 ;
LINE L1475_1573_1 FR1475 FR1573 1.513952 8.651500 0. 0. 1 ;
LINE L1475_1574_1 FR1475 FR1574 0.666468 3.808596 0. 0. 1 ;
LINE L1477_1575_1 FR1477 FR1575 2.586012 14.775552 0. 0. 1 ;
LINE L1479_1576_1 FR1479 FR1576 0.457380 2.613116 0. 0. 1 ;
LINE L1480_1577_1 BE1480 BE1577 0.114076 1.080112 0. 0. 1 ;
LINE L1480_1577_2 BE1480 BE1577 0.114076 1.080112 0. 0. 1 ;
LINE L1483_1578_1 FR1483 FR1578 0.298628 1.705132 0. 0. 1 ;
LINE L1486_1579_1 NL1486 NL1579 1.156644 10.944076 0. 0. 1 ;
LINE L1486_1579_2 NL1486 NL1579 1.156644 10.944076 0. 0. 1 ;
LINE L1486_1580_1 NL1486 DE1580 1.461328 13.823412 0. 0. 1 ;
LINE L1486_1580_2 NL1486 DE1580 1.461328 13.823412 0. 0. 1 ;
LINE L1487_1581_1 NL1487 NL1581 1.543636 14.614724 0. 0. 1 ;
LINE L1488_1581_1 NL1488 NL1581 2.646852 25.044736 0. 0. 1 ;
LINE L1488_1582_1 NL1488 NL1582 1.090220 10.315936 0. 0. 1 ;
LINE L1488_1582_2 NL1488 NL1582 1.090220 10.315936 0. 0. 1 ;
LINE L1488_1583_1 NL1488 NL1583 1.084444 10.258176 0. 0. 1 ;
LINE L1488_1583_2 NL1488 NL1583 1.084444 10.258176 0. 0. 1 ;
LINE L1490_1584_1 DE1490 DE1584 0.567248 3.240380 0. 0. 1 ;
LINE L1490_1585_1 DE1490 DE1585 0.716320 4.092220 0. 0. 1 ;
LINE L1490_1585_2 DE1490 DE1585 0.716320 4.092220 0. 0. 1 ;
LINE L1491_1493_1 DE1491 DE1493 0.960256 5.488076 0. 0. 1 ;
LINE L1491_1493_2 DE1491 DE1493 0.960256 5.488076 0. 0. 1 ;
LINE L1492_1586_1 DE1492 DE1586 1.549412 14.663820 0. 0. 1 ;
LINE L1492_1586_2 DE1492 DE1586 1.549412 14.663820 0. 0. 1 ;
LINE L1492_1586_3 DE1492 DE1586 1.549412 14.663820 0. 0. 1 ;
LINE L1492_1587_1 DE1492 DE1587 0.313348 2.963088 0. 0. 1 ;
LINE L1492_1587_2 DE1492 DE1587 0.313348 2.963088 0. 0. 1 ;
LINE L1492_1588_1 DE1492 DE1588 0.220932 2.096688 0. 0. 1 ;
LINE L1492_1588_2 DE1492 DE1588 0.220932 2.096688 0. 0. 1 ;
LINE L1492_1588_3 DE1492 DE1588 0.220932 2.096688 0. 0. 1 ;
TRANSFO T1492_1589_1 DE1492 DE1589 0.138500 3.808800 0. 0. 100. 0. 100.0 1 ;
LINE L1493_1589_1 DE1493 DE1589 0.622908 3.560304 0. 0. 1 ;
LINE L1493_1589_2 DE1493 DE1589 0.622908 3.560304 0. 0. 1 ;
LINE L1493_1590_1 DE1493 DE1590 1.395372 7.972932 0. 0. 1 ;
LINE L1493_1590_2 DE1493 DE1590 1.395372 7.972932 0. 0. 1 ;
LINE L1494_1591_1 DE1494 DE1591 0.716224 6.782468 0. 0. 1 ;
LINE L1494_1591_2 DE1494 DE1591 0.716224 6.782468 0. 0. 1 ;
LINE L1496_1592_1 DE1496 DE1592 0.153064 1.451220 0. 0. 1 ;
LINE L1496_1592_2 DE1496 DE1592 0.153064 1.451220 0. 0. 1 ;
LINE L1497_1593_1 DE1497 DE1593 0.961704 9.095756 0. 0. 1 ;
LINE L1497_1593_2 DE1497 DE1593 0.961704 9.095756 0. 0. 1 ;
LINE L1497_1594_1 DE1497 DE1594 0.262808 2.488012 0. 0. 1 ;
LINE L1497_1594_2 DE1497 DE1594 0.262808 2.488012 0. 0. 1 ;
LINE L1497_1595_1 DE1497 DE1595 0.963148 9.120304 0. 0. 1 ;
LINE L1497_1595_2 DE1497 DE1595 0.963148 9.120304 0. 0. 1 ;
LINE L1498_1596_1 DE1498 DE1596 0.242592 2.295960 0. 0. 1 ;
LINE L1498_1596_2 DE1498 DE1596 0.242592 2.295960 0. 0. 1 ;
LINE L1498_1597_1 DE1498 DE1597 0.986252 9.329684 0. 0. 1 ;
LINE L1498_1597_2 DE1498 DE1597 0.986252 9.329684 0. 0. 1 ;
LINE L1499_1598_1 DE1499 DE1598 4.210800 24.061576 0. 0. 1 ;
LINE L1499_1598_2 DE1499 DE1598 4.210800 24.061576 0. 0. 1 ;
LINE L1500_1599_1 DE1500 DE1599 0.631028 5.968052 0. 0. 1 ;
LINE L1500_1599_2 DE1500 DE1599 0.631028 5.968052 0. 0. 1 ;
LINE L1500_1599_3 DE1500 DE1599 0.631028 5.968052 0. 0. 1 ;
LINE L1500_1600_1 DE1500 DE1600 1.732800 16.403840 0. 0. 1 ;
LINE L1500_1600_2 DE1500 DE1600 1.732800 16.403840 0. 0. 1 ;
LINE L1500_1600_3 DE1500 DE1600 1.732800 16.403840 0. 0. 1 ;
LINE L1500_1601_1 DE1500 DE1601 0.275804 2.606420 0. 0. 1 ;
LINE L1500_1601_2 DE1500 DE1601 0.275804 2.606420 0. 0. 1 ;
LINE L1500_1601_3 DE1500 DE1601 0.275804 2.606420 0. 0. 1 ;
LINE L1502_1602_1 DE1502 DE1602 0.257032 2.425920 0. 0. 1 ;
LINE L1502_1602_2 DE1502 DE1602 0.257032 2.425920 0. 0. 1 ;
LINE L1502_1602_3 DE1502 DE1602 0.257032 2.425920 0. 0. 1 ;
LINE L1503_1603_1 DE1503 DE1603 1.585100 9.058544 0. 0. 1 ;
LINE L1503_1603_2 DE1503 DE1603 1.585100 9.058544 0. 0. 1 ;
TRANSFO T1504_1604_1 DE1504 DE1604 0.138500 3.808800 0. 0. 100. 0. 100.0 1 ;
LINE L1505_1604_1 DE1505 DE1604 0.473836 2.707980 0. 0. 1 ;
LINE L1505_1604_2 DE1505 DE1604 0.473836 2.707980 0. 0. 1 ;
LINE L1505_1605_1 DE1505 DE1605 1.020756 5.833652 0. 0. 1 ;
LINE L1505_1605_2 DE1505 DE1605 1.020756 5.833652 0. 0. 1 ;
TRANSFO T1507_1606_1 DE1507 DE1606 0.138500 3.808800 0. 0. 100. 0. 100.0 1 ;
LINE L1508_1607_1 DE1508 DE1607 0.773984 7.322524 0. 0. 1 ;
LINE L1508_1607_2 DE1508 DE1607 0.773984 7.322524 0. 0. 1 ;
LINE L1508_1608_1 DE1508 DE1608 0.678680 6.424356 0. 0. 1 ;
LINE L1508_1608_2 DE1508 DE1608 0.678680 6.424356 0. 0. 1 ;
LINE L1508_1609_1 DE1508 DE1609 2.014380 19.068020 0. 0. 1 ;
LINE L1508_1609_2 DE1508 DE1609 2.014380 19.068020 0. 0. 1 ;
LINE L1508_1610_1 DE1508 CZ1610 2.291628 21.693212 0. 0. 1 ;
LINE L1508_1610_2 DE1508 CZ1610 2.291628 21.693212 0. 0. 1 ;
TRANSFO T1508_1611_1 DE1508 DE1611 0.138500 3.808800 0. 0. 100. 0. 100.0 1 ;
LINE L1509_1612_1 DE1509 DE1612 0.350900 2.003760 0. 0. 1 ;
LINE L1509_1613_1 DE1509 DE1613 1.362944 7.789012 0. 0. 1 ;
LINE L1510_1614_1 CZ1510 CZ1614 1.597064 15.112904 0. 0. 1 ;
LINE L1510_1615_1 CZ1510 CZ1615 0.908276 8.596132 0. 0. 1 ;
LINE L1513_1616_1 AT1513 AT1616 2.108304 12.046760 0. 0. 1 ;
LINE L1513_1616_2 AT1513 AT1616 2.108304 12.046760 0. 0. 1 ;
TRANSFO T1513_1617_1 AT1513 AT1617 0.138500 3.808800 0. 0. 100. 0. 100.0 1 ;
LINE L1513_1618_1 AT1513 AT1618 1.521696 8.696028 0. 0. 1 ;
LINE L1513_1618_2 AT1513 AT1618 1.521696 8.696028 0. 0. 1 ;
LINE L1514_1619_1 SI1514 SI1619 2.736052 15.635136 0. 0. 1 ;
LINE L1514_1620_1 SI1514 SI1620 2.690072 15.371840 0. 0. 1 ;
TRANSFO T1514_1621_1 SI1514 SI1621 0.138500 3.808800 0. 0. 100. 0. 100.0 1 ;
LINE L1514_1622_1 SI1514 SI1622 0.899272 5.139596 0. 0. 1 ;
LINE L1515_1623_1 AT1515 AT1623 2.295960 21.733644 0. 0. 1 ;
LINE L1515_1623_2 AT1515 AT1623 2.295960 21.733644 0. 0. 1 ;
TRANSFO T1516_1517_1 AT1516 AT1517 0.138500 3.808800 0. 0. 100. 0. 100.0 1 ;
LINE L1516_1624_1 AT1516 AT1624 0.875072 5.001656 0. 0. 1 ;
LINE L1516_1624_2 AT1516 AT1624 0.875072 5.001656 0. 0. 1 ;
LINE L1516_1625_1 AT1516 AT1625 1.339712 7.656396 0. 0. 1 ;
LINE L1516_1625_2 AT1516 AT1625 1.339712 7.656396 0. 0. 1 ;
LINE L1517_1626_1 AT1517 AT1626 2.271412 21.502604 0. 0. 1 ;
LINE L1517_1626_2 AT1517 AT1626 2.271412 21.502604 0. 0. 1 ;
LINE L1519_1627_1 IT1519 IT1627 0.490776 2.802844 0. 0. 1 ;
LINE L1522_1628_1 AT1522 AT1628 1.878888 10.736088 0. 0. 1 ;
LINE L1522_1628_2 AT1522 AT1628 1.878888 10.736088 0. 0. 1 ;
LINE L1523_1629_1 AT1523 AT1629 2.910292 16.629272 0. 0. 1 ;
LINE L1523_1629_2 AT1523 AT1629 2.910292 16.629272 0. 0. 1 ;
LINE L1523_1630_1 AT1523 AT1630 0.667920 3.815856 0. 0. 1 ;
LINE L1523_1630_2 AT1523 AT1630 0.667920 3.815856 0. 0. 1 ;
LINE L1525_1631_1 IT1525 IT1631 3.627096 20.725364 0. 0. 1 ;
LINE L1525_1632_1 IT1525 IT1632 0.452540 2.585044 0. 0. 1 ;
LINE L1526_1633_1 SI1526 HR1633 1.916188 18.136640 0. 0. 1 ;
LINE L1526_1634_1 SI1526 SI1634 1.211516 11.468248 0. 0. 1 ;
TRANSFO T1526_1635_1 SI1526 SI1635 0.138500 3.808800 0. 0. 100. 0. 100.0 1 ;
TRANSFO T1527_1636_1 IT1527 IT1636 0.138500 3.808800 0. 0. 100. 0. 100.0 1 ;
LINE L1528_1530_1 IT1528 IT1530 1.501368 8.580352 0. 0. 1 ;
LINE L1528_1637_1 IT1528 IT1637 2.666356 15.237288 0. 0. 1 ;
LINE L1529_1638_1 IT1529 IT1638 0.225264 2.127012 0. 0. 1 ;
LINE L1530_1639_1 IT1530 IT1639 1.767084 10.096240 0. 0. 1 ;
LINE L1531_1640_1 IT1531 IT1640 2.233868 21.140160 0. 0. 1 ;
TRANSFO T1531_1641_1 IT1531 IT1641 0.138500 3.808800 0. 0. 100. 0. 100.0 1 ;
LINE L1532_1537_1 IT1532 IT1537 0.541500 5.120424 0. 0. 1 ;
LINE L1532_1537_2 IT1532 IT1537 0.541500 5.120424 0. 0. 1 ;
LINE L1532_1642_1 IT1532 IT1642 1.221624 11.557776 0. 0. 1 ;
LINE L1532_1643_1 IT1532 IT1643 0.248368 2.349388 0. 0. 1 ;
TRANSFO T1532_1644_1 IT1532 IT1644 0.138500 3.808800 0. 0. 100. 0. 100.0 1 ;
LINE L1533_1538_1 IT1533 IT1538 0.306128 2.890888 0. 0. 1 ;
LINE L1534_1631_1 IT1534 IT1631 4.975520 28.431128 0. 0. 1 ;
LINE L1534_1644_1 IT1534 IT1644 3.655652 20.889440 0. 0. 1 ;
LINE L1534_1644_2 IT1534 IT1644 3.612092 20.641148 0. 0. 1 ;
LINE L1534_1645_1 IT1534 IT1645 0.524172 2.996444 0. 0. 1 ;
LINE L1534_1646_1 IT1534 IT1646 1.411344 8.064892 0. 0. 1 ;
TRANSFO T1535_1631_1 IT1535 IT1631 0.138500 3.808800 0. 0. 100. 0. 100.0 1 ;
LINE L1535_1647_1 IT1535 IT1647 1.823772 17.264464 0. 0. 1 ;
LINE L1537_1648_1 IT1537 IT1648 1.182636 11.198220 0. 0. 1 ;
LINE L1538_1649_1 IT1538 IT1649 0.791312 7.485696 0. 0. 1 ;
LINE L1538_1650_1 IT1538 IT1650 3.416504 32.341268 0. 0. 1 ;
LINE L1539_1651_1 FR1539 FR1651 2.853344 27.008576 0. 0. 1 ;
LINE L1539_1652_1 FR1539 FR1652 1.285160 12.158480 0. 0. 1 ;
LINE L1539_1652_2 FR1539 FR1652 1.285160 12.158480 0. 0. 1 ;
TRANSFO T1539_1653_1 FR1539 FR1653 0.138500 3.808800 0. 0. 100. 0. 100.0 1 ;
LINE L1543_1654_1 FR1543 FR1654 4.264524 24.368432 0. 0. 1 ;
LINE L1545_1652_1 FR1545 FR1652 1.594176 15.089800 0. 0. 1 ;
LINE L1545_1652_2 FR1545 FR1652 1.594176 15.089800 0. 0. 1 ;
LINE L1545_1655_1 FR1545 FR1655 3.791944 35.892064 0. 0. 1 ;
LINE L1545_1655_2 FR1545 FR1655 3.791944 35.892064 0. 0. 1 ;
TRANSFO T1545_1656_1 FR1545 FR1656 0.138500 3.808800 0. 0. 100. 0. 100.0 1 ;
LINE L1546_1563_1 FR1546 FR1563 1.628660 9.305868 0. 0. 1 ;
LINE L1546_1657_1 FR1546 FR1657 0.048400 0.277332 0. 0. 1 ;
LINE L1547_1563_1 FR1547 FR1563 1.576872 9.009176 0. 0. 1 ;
LINE L1547_1657_1 FR1547 FR1657 0.072600 0.414788 0. 0. 1 ;
LINE L1548_1559_1 FR1548 FR1559 2.872056 16.412440 0. 0. 1 ;
LINE L1548_1559_2 FR1548 FR1559 2.872056 16.412440 0. 0. 1 ;
LINE L1548_1568_1 FR1548 FR1568 4.685120 26.772460 0. 0. 1 ;
LINE L1548_1658_1 FR1548 FR1658 2.925296 16.714940 0. 0. 1 ;
LINE L1549_1659_1 ES1549 ES1659 4.173160 39.489068 0. 0. 1 ;
LINE L1549_1659_2 ES1549 ES1659 4.173160 39.489068 0. 0. 1 ;
LINE L1549_1660_1 ES1549 ES1660 0.330676 3.134924 0. 0. 1 ;
LINE L1549_1661_1 ES1549 ES1661 3.991216 37.770708 0. 0. 1 ;
LINE L1549_1662_1 ES1549 ES1662 1.451220 13.729552 0. 0. 1 ;
TRANSFO T1549_1663_1 ES1549 ES1663 0.138500 3.808800 0. 0. 100. 0. 100.0 1 ;
LINE L1550_1664_1 ES1550 ES1664 0.821636 7.781716 0. 0. 1 ;
LINE L1550_1664_2 ES1550 ES1664 0.821636 7.781716 0. 0. 1 ;
LINE L1550_1665_1 ES1550 ES1665 1.257724 11.897116 0. 0. 1 ;
LINE L1550_1665_2 ES1550 ES1665 1.257724 11.897116 0. 0. 1 ;
LINE L1550_1666_1 ES1550 ES1666 1.048344 9.918836 0. 0. 1 ;
LINE L1550_1666_2 ES1550 ES1666 1.048344 9.918836 0. 0. 1 ;
LINE L1550_1667_1 ES1550 ES1667 0.369664 3.493036 0. 0. 1 ;
LINE L1550_1667_2 ES1550 ES1667 0.369664 3.493036 0. 0. 1 ;
LINE L1550_1668_1 ES1550 ES1668 1.194188 11.302188 0. 0. 1 ;
LINE L1550_1668_2 ES1550 ES1668 1.194188 11.302188 0. 0. 1 ;
LINE L1550_1669_1 ES1550 ES1669 3.748624 35.481968 0. 0. 1 ;
LINE L1550_1669_2 ES1550 ES1669 3.748624 35.481968 0. 0. 1 ;
LINE L1552_1670_1 ES1552 ES1670 1.159532 10.978732 0. 0. 1 ;
LINE L1552_1670_2 ES1552 ES1670 1.159532 10.978732 0. 0. 1 ;
LINE L1553_1671_1 ES1553 ES1671 0.566280 3.235540 0. 0. 1 ;
LINE L1553_1672_1 ES1553 ES1672 0.479644 2.741860 0. 0. 1 ;
LINE L1553_1672_2 ES1553 ES1672 0.479644 2.741860 0. 0. 1 ;
LINE L1554_1673_1 ES1554 ES1673 0.540144 3.085500 0. 0. 1 ;
LINE L1554_1673_2 ES1554 ES1673 0.540144 3.085500 0. 0. 1 ;
LINE L1554_1674_1 ES1554 ES1674 0.641300 3.665816 0. 0. 1 ;
LINE L1554_1674_2 ES1554 ES1674 0.641300 3.665816 0. 0. 1 ;
LINE L1555_1675_1 ES1555 ES1675 2.251084 12.864236 0. 0. 1 ;
LINE L1555_1676_1 ES1555 ES1676 1.064316 6.082428 0. 0. 1 ;
LINE L1557_1677_1 ES1557 ES1677 0.545832 5.166632 0. 0. 1 ;
LINE L1557_1678_1 ES1557 ES1678 0.479408 4.531272 0. 0. 1 ;
LINE L1557_1678_2 ES1557 ES1678 0.479408 4.531272 0. 0. 1 ;
LINE L1558_1679_1 FR1558 ES1679 2.755896 15.747908 0. 0. 1 ;
LINE L1559_1560_1 FR1559 FR1560 0.843612 4.821608 0. 0. 1 ;
LINE L1562_1680_1 FR1562 FR1680 0.583220 3.331856 0. 0. 1 ;
LINE L1562_1681_1 FR1562 FR1681 0.515944 2.948528 0. 0. 1 ;
LINE L1562_1681_2 FR1562 FR1681 0.515944 2.948528 0. 0. 1 ;
LINE L1562_1682_1 FR1562 FR1682 0.994620 5.683128 0. 0. 1 ;
LINE L1563_1683_1 FR1563 FR1683 3.711796 21.208880 0. 0. 1 ;
LINE L1564_1565_1 FR1564 FR1565 2.348368 13.419384 0. 0. 1 ;
LINE L1565_1684_1 FR1565 FR1684 0.915244 5.230588 0. 0. 1 ;
LINE L1565_1685_1 FR1565 FR1685 2.109272 12.053052 0. 0. 1 ;
LINE L1565_1686_1 FR1565 FR1686 0.675664 3.860384 0. 0. 1 ;
LINE L1568_1687_1 FR1568 ES1687 2.496956 14.266868 0. 0. 1 ;
LINE L1572_1688_1 FR1572 FR1688 0.433180 2.475660 0. 0. 1 ;
LINE L1576_1688_1 FR1576 FR1688 0.475288 2.717176 0. 0. 1 ;
LINE L1577_1581_1 BE1577 NL1581 0.981920 9.286364 0. 0. 1 ;
LINE L1577_1581_2 BE1577 NL1581 0.981920 9.286364 0. 0. 1 ;
LINE L1577_1582_1 BE1577 NL1582 0.791312 7.488584 0. 0. 1 ;
LINE L1577_1582_2 BE1577 NL1582 0.791312 7.488584 0. 0. 1 ;
LINE L1579_1600_1 NL1579 DE1600 0.885172 8.376644 0. 0. 1 ;
LINE L1579_1600_2 NL1579 DE1600 0.885172 8.376644 0. 0. 1 ;
LINE L1579_1689_1 NL1579 NL1689 1.510424 14.295600 0. 0. 1 ;
LINE L1579_1689_2 NL1579 NL1689 1.510424 14.295600 0. 0. 1 ;
LINE L1580_1601_1 DE1580 DE1601 0.825968 7.810596 0. 0. 1 ;
LINE L1580_1601_2 DE1580 DE1601 0.825968 7.810596 0. 0. 1 ;
LINE L1580_1601_3 DE1580 DE1601 0.825968 7.810596 0. 0. 1 ;
LINE L1580_1690_1 DE1580 DE1690 3.872808 36.645832 0. 0. 1 ;
LINE L1580_1690_2 DE1580 DE1690 3.872808 36.645832 0. 0. 1 ;
LINE L1580_1691_1 DE1580 DE1691 0.317680 3.004964 0. 0. 1 ;
LINE L1580_1691_2 DE1580 DE1691 0.317680 3.004964 0. 0. 1 ;
LINE L1580_1691_3 DE1580 DE1691 0.317680 3.004964 0. 0. 1 ;
TRANSFO T1580_1692_1 DE1580 DE1692 0.138500 3.808800 0. 0. 100. 0. 100.0 1 ;
LINE L1583_1693_1 NL1583 NL1693 0.522728 4.948588 0. 0. 1 ;
LINE L1583_1693_2 NL1583 NL1693 0.522728 4.948588 0. 0. 1 ;
LINE L1583_1694_1 NL1583 NL1694 1.471436 13.921604 0. 0. 1 ;
LINE L1583_1694_2 NL1583 NL1694 1.471436 13.921604 0. 0. 1 ;
LINE L1583_1695_1 NL1583 NL1695 0.399988 3.784724 0. 0. 1 ;
LINE L1583_1695_2 NL1583 NL1695 0.399988 3.784724 0. 0. 1 ;
LINE L1586_1696_1 DE1586 DE1696 1.755904 16.620440 0. 0. 1 ;
LINE L1586_1696_2 DE1586 DE1696 1.755904 16.620440 0. 0. 1 ;
LINE L1586_1697_1 DE1586 DE1697 0.381216 3.610000 0. 0. 1 ;
LINE L1586_1697_2 DE1586 DE1697 0.381216 3.610000 0. 0. 1 ;
LINE L1586_1697_3 DE1586 DE1697 0.381216 3.610000 0. 0. 1 ;
LINE L1586_1698_1 DE1586 DE1698 0.545832 5.162300 0. 0. 1 ;
TRANSFO T1586_1699_1 DE1586 DE1699 0.138500 3.808800 0. 0. 100. 0. 100.0 1 ;
LINE L1587_1599_1 DE1587 DE1599 0.180500 1.708252 0. 0. 1 ;
LINE L1587_1599_2 DE1587 DE1599 0.180500 1.708252 0. 0. 1 ;
LINE L1587_1700_1 DE1587 DE1700 1.059896 10.034356 0. 0. 1 ;
LINE L1587_1700_2 DE1587 DE1700 1.059896 10.034356 0. 0. 1 ;
TRANSFO T1587_1701_1 DE1587 DE1701 0.138500 3.808800 0. 0. 100. 0. 100.0 1 ;
LINE L1588_1702_1 DE1588 DE1702 0.319124 3.020848 0. 0. 1 ;
LINE L1588_1702_2 DE1588 DE1702 0.319124 3.020848 0. 0. 1 ;
LINE L1588_1702_3 DE1588 DE1702 0.319124 3.020848 0. 0. 1 ;
TRANSFO T1588_1703_1 DE1588 DE1703 0.138500 3.808800 0. 0. 100. 0. 100.0 1 ;
LINE L1589_1704_1 DE1589 DE1704 0.675664 3.859416 0. 0. 1 ;
LINE L1589_1704_2 DE1589 DE1704 0.675664 3.859416 0. 0. 1 ;
TRANSFO T1590_1702_1 DE1590 DE1702 0.138500 3.808800 0. 0. 100. 0. 100.0 1 ;
LINE L1590_1705_1 DE1590 DE1705 0.486420 2.778644 0. 0. 1 ;
LINE L1590_1705_2 DE1590 DE1705 0.486420 2.778644 0. 0. 1 ;
LINE L1591_1706_1 DE1591 DE1706 0.626696 5.926176 0. 0. 1 ;
LINE L1591_1706_2 DE1591 DE1706 0.626696 5.926176 0. 0. 1 ;
LINE L1592_1707_1 DE1592 DE1707 0.320568 3.030956 0. 0. 1 ;
LINE L1592_1707_2 DE1592 DE1707 0.320568 3.030956 0. 0. 1 ;
LINE L1592_1708_1 DE1592 DE1708 1.049788 9.931832 0. 0. 1 ;
LINE L1592_1708_2 DE1592 DE1708 1.049788 9.931832 0. 0. 1 ;
LINE L1593_1709_1 DE1593 DE1709 0.593484 5.620048 0. 0. 1 ;
LINE L1593_1709_2 DE1593 DE1709 0.593484 5.620048 0. 0. 1 ;
LINE L1593_1710_1 DE1593 DE1710 1.832436 17.342440 0. 0. 1 ;
LINE L1593_1710_2 DE1593 DE1710 1.832436 17.342440 0. 0. 1 ;
LINE L1595_1711_1 DE1595 DE1711 2.720496 25.742188 0. 0. 1 ;
LINE L1595_1711_2 DE1595 DE1711 2.720496 25.742188 0. 0. 1 ;
LINE L1597_1609_1 DE1597 DE1609 1.630276 15.433472 0. 0. 1 ;
LINE L1597_1609_2 DE1597 DE1609 1.630276 15.433472 0. 0. 1 ;
TRANSFO T1597_1712_1 DE1597 DE1712 0.138500 3.808800 0. 0. 100. 0. 100.0 1 ;
LINE L1598_1712_1 DE1598 DE1712 8.102644 46.301860 0. 0. 1 ;
LINE L1598_1712_2 DE1598 DE1712 8.102644 46.301860 0. 0. 1 ;
TRANSFO T1599_1713_1 DE1599 DE1713 0.138500 3.808800 0. 0. 100. 0. 100.0 1 ;
LINE L1600_1714_1 DE1600 DE1714 1.000692 9.469752 0. 0. 1 ;
LINE L1600_1714_2 DE1600 DE1714 1.000692 9.469752 0. 0. 1 ;
LINE L1600_1714_3 DE1600 DE1714 1.000692 9.469752 0. 0. 1 ;
LINE L1601_1715_1 DE1601 DE1715 0.599260 5.667700 0. 0. 1 ;
LINE L1601_1715_2 DE1601 DE1715 0.599260 5.667700 0. 0. 1 ;
LINE L1601_1715_3 DE1601 DE1715 0.599260 5.667700 0. 0. 1 ;
LINE L1601_1716_1 DE1601 DE1716 0.332120 3.142144 0. 0. 1 ;
LINE L1601_1716_2 DE1601 DE1716 0.332120 3.142144 0. 0. 1 ;
LINE L1601_1716_3 DE1601 DE1716 0.332120 3.142144 0. 0. 1 ;
LINE L1602_1691_1 DE1602 DE1691 0.378328 3.576788 0. 0. 1 ;
LINE L1602_1691_2 DE1602 DE1691 0.378328 3.576788 0. 0. 1 ;
LINE L1602_1691_3 DE1602 DE1691 0.378328 3.576788 0. 0. 1 ;
TRANSFO T1603_1691_1 DE1603 DE1691 0.138500 3.808800 0. 0. 100. 0. 100.0 1 ;
LINE L1603_1717_1 DE1603 DE1717 1.670284 9.543512 0. 0. 1 ;
LINE L1603_1717_2 DE1603 DE1717 1.670284 9.543512 0. 0. 1 ;
LINE L1606_1718_1 DE1606 DE1718 3.296524 18.837764 0. 0. 1 ;
LINE L1606_1718_2 DE1606 DE1718 3.296524 18.837764 0. 0. 1 ;
LINE L1606_1719_1 DE1606 DE1719 1.654312 9.452036 0. 0. 1 ;
LINE L1606_1719_2 DE1606 DE1719 1.654312 9.452036 0. 0. 1 ;
LINE L1607_1720_1 DE1607 DE1720 0.215156 2.030264 0. 0. 1 ;
LINE L1607_1720_2 DE1607 DE1720 0.215156 2.030264 0. 0. 1 ;
LINE L1607_1721_1 DE1607 DE1721 1.340032 12.684096 0. 0. 1 ;
LINE L1607_1721_2 DE1607 DE1721 1.340032 12.684096 0. 0. 1 ;
LINE L1608_1722_1 DE1608 DE1722 0.283024 2.674288 0. 0. 1 ;
LINE L1608_1722_2 DE1608 DE1722 0.283024 2.674288 0. 0. 1 ;
LINE L1608_1723_1 DE1608 DE1723 0.216600 2.047592 0. 0. 1 ;
LINE L1608_1723_2 DE1608 DE1723 0.216600 2.047592 0. 0. 1 ;
LINE L1609_1724_1 DE1609 DE1724 3.185464 30.142056 0. 0. 1 ;
LINE L1609_1724_2 DE1609 DE1724 3.185464 30.142056 0. 0. 1 ;
LINE L1609_1725_1 DE1609 DE1725 2.583316 24.444032 0. 0. 1 ;
LINE L1609_1725_2 DE1609 DE1725 2.583316 24.444032 0. 0. 1 ;
LINE L1609_1726_1 DE1609 DE1726 2.617972 24.774708 0. 0. 1 ;
LINE L1609_1726_2 DE1609 DE1726 2.617972 24.774708 0. 0. 1 ;
TRANSFO T1609_1727_1 DE1609 DE1727 0.138500 3.808800 0. 0. 100. 0. 100.0 1 ;
LINE L1610_1614_1 CZ1610 CZ1614 0.345116 3.264884 0. 0. 1 ;
LINE L1610_1614_2 CZ1610 CZ1614 0.345116 3.264884 0. 0. 1 ;
LINE L1610_1728_1 CZ1610 CZ1728 0.547276 5.179628 0. 0. 1 ;
LINE L1610_1729_1 CZ1610 CZ1729 1.403568 13.284800 0. 0. 1 ;
LINE L1610_1730_1 CZ1610 CZ1730 1.132096 10.711592 0. 0. 1 ;
LINE L1610_1730_2 CZ1610 CZ1730 1.132096 10.711592 0. 0. 1 ;
LINE L1611_1718_1 DE1611 DE1718 1.939388 11.081664 0. 0. 1 ;
LINE L1611_1718_2 DE1611 DE1718 1.939388 11.081664 0. 0. 1 ;
LINE L1611_1731_1 DE1611 DE1731 1.229844 7.026228 0. 0. 1 ;
LINE L1611_1731_2 DE1611 DE1731 1.229844 7.026228 0. 0. 1 ;
LINE L1611_1732_1 DE1611 DE1732 1.068188 6.105176 0. 0. 1 ;
LINE L1611_1732_2 DE1611 DE1732 1.068188 6.105176 0. 0. 1 ;
LINE L1614_1728_1 CZ1614 CZ1728 0.797088 7.549232 0. 0. 1 ;
LINE L1614_1730_1 CZ1614 CZ1730 0.537168 5.081436 0. 0. 1 ;
LINE L1614_1730_2 CZ1614 CZ1730 0.537168 5.081436 0. 0. 1 ;
LINE L1614_1733_1 CZ1614 CZ1733 0.567492 5.376012 0. 0. 1 ;
LINE L1614_1733_2 CZ1614 CZ1733 0.567492 5.376012 0. 0. 1 ;
LINE L1614_1734_1 CZ1614 CZ1734 1.394904 13.199604 0. 0. 1 ;
TRANSFO T1614_1735_1 CZ1614 CZ1735 0.138500 3.808800 0. 0. 100. 0. 100.0 1 ;
LINE L1615_1736_1 CZ1615 CZ1736 0.287356 2.723384 0. 0. 1 ;
LINE L1615_1736_2 CZ1615 CZ1736 0.287356 2.723384 0. 0. 1 ;
TRANSFO T1615_1737_1 CZ1615 CZ1737 0.138500 3.808800 0. 0. 100. 0. 100.0 1 ;
LINE L1616_1738_1 AT1616 AT1738 0.578380 3.305236 0. 0. 1 ;
LINE L1616_1738_2 AT1616 AT1738 0.578380 3.305236 0. 0. 1 ;
LINE L1616_1739_1 AT1616 HU1739 5.587780 31.930448 0. 0. 1 ;
LINE L1616_1739_2 AT1616 HU1739 5.587780 31.930448 0. 0. 1 ;
LINE L1617_1740_1 AT1617 AT1740 0.697452 6.603412 0. 0. 1 ;
LINE L1617_1740_2 AT1617 AT1740 0.697452 6.603412 0. 0. 1 ;
LINE L1617_1740_3 AT1617 AT1740 0.697452 6.603412 0. 0. 1 ;
LINE L1617_1741_1 AT1617 AT1741 2.724828 25.781176 0. 0. 1 ;
LINE L1617_1741_2 AT1617 AT1741 2.724828 25.781176 0. 0. 1 ;
LINE L1618_1742_1 AT1618 AT1742 7.570244 43.257500 0. 0. 1 ;
LINE L1618_1742_2 AT1618 AT1742 7.570244 43.257500 0. 0. 1 ;
LINE L1618_1743_1 AT1618 AT1743 4.371004 24.975852 0. 0. 1 ;
LINE L1618_1743_2 AT1618 AT1743 4.371004 24.975852 0. 0. 1 ;
TRANSFO T1618_1744_1 AT1618 AT1744 0.138500 3.808800 0. 0. 100. 0. 100.0 1 ;
LINE L1618_1745_1 AT1618 CZ1745 5.970140 34.114256 0. 0. 1 ;
LINE L1618_1745_2 AT1618 CZ1745 5.970140 34.114256 0. 0. 1 ;
LINE L1618_1746_1 AT1618 AT1746 0.823284 4.704480 0. 0. 1 ;
LINE L1618_1746_2 AT1618 AT1746 0.823284 4.704480 0. 0. 1 ;
LINE L1619_1747_1 SI1619 SI1747 0.554180 3.165844 0. 0. 1 ;
LINE L1619_1747_2 SI1619 SI1747 0.554180 3.165844 0. 0. 1 ;
LINE L1619_1748_1 SI1619 SI1748 0.387200 2.212364 0. 0. 1 ;
LINE L1620_1749_1 SI1620 HR1749 5.032632 28.756860 0. 0. 1 ;
LINE L1621_1634_1 SI1621 SI1634 1.188412 11.248760 0. 0. 1 ;
LINE L1621_1750_1 SI1621 SI1750 1.309708 12.390964 0. 0. 1 ;
LINE L1621_1751_1 SI1621 SI1751 0.399988 3.783280 0. 0. 1 ;
TRANSFO T1622_1751_1 SI1622 SI1751 0.138500 3.808800 0. 0. 100. 0. 100.0 1 ;
LINE L1623_1752_1 AT1623 SI1752 1.431004 13.541832 0. 0. 1 ;
LINE L1623_1752_2 AT1623 SI1752 1.431004 13.541832 0. 0. 1 ;
LINE L1623_1753_1 AT1623 AT1753 0.859180 8.125388 0. 0. 1 ;
LINE L1623_1753_2 AT1623 AT1753 0.859180 8.125388 0. 0. 1 ;
LINE L1624_1742_1 AT1624 AT1742 1.595748 9.119528 0. 0. 1 ;
LINE L1624_1742_2 AT1624 AT1742 1.595748 9.119528 0. 0. 1 ;
LINE L1624_1754_1 AT1624 AT1754 0.738584 4.221448 0. 0. 1 ;
LINE L1624_1754_2 AT1624 AT1754 0.738584 4.221448 0. 0. 1 ;
LINE L1625_1630_1 AT1625 AT1630 1.294216 7.394552 0. 0. 1 ;
LINE L1625_1630_2 AT1625 AT1630 1.294216 7.394552 0. 0. 1 ;
LINE L1626_1755_1 AT1626 AT1755 0.534280 5.051112 0. 0. 1 ;
LINE L1626_1756_1 AT1626 AT1756 0.986252 9.336904 0. 0. 1 ;
LINE L1626_1757_1 AT1626 AT1757 1.057008 10.001144 0. 0. 1 ;
LINE L1626_1757_2 AT1626 AT1757 1.057008 10.001144 0. 0. 1 ;
LINE L1627_1758_1 IT1627 IT1758 2.049256 11.708444 0. 0. 1 ;
LINE L1631_1644_1 IT1631 IT1644 4.736908 27.067216 0. 0. 1 ;
LINE L1631_1759_1 IT1631 IT1759 4.310504 24.632212 0. 0. 1 ;
LINE L1633_1760_1 HR1633 HR1760 2.591980 24.524896 0. 0. 1 ;
LINE L1633_1761_1 HR1633 HR1761 3.708192 35.092088 0. 0. 1 ;
TRANSFO T1633_1762_1 HR1633 HR1762 0.138500 3.808800 0. 0. 100. 0. 100.0 1 ;
TRANSFO T1634_1747_1 SI1634 SI1747 0.138500 3.808800 0. 0. 100. 0. 100.0 1 ;
LINE L1634_1763_1 SI1634 SI1763 1.240396 11.732500 0. 0. 1 ;
LINE L1634_1763_2 SI1634 SI1763 1.240396 11.732500 0. 0. 1 ;
LINE L1634_1764_1 SI1634 SI1764 2.121236 20.071600 0. 0. 1 ;
LINE L1634_1764_2 SI1634 SI1764 2.121236 20.071600 0. 0. 1 ;
LINE L1635_1637_1 SI1635 IT1637 1.786444 10.207076 0. 0. 1 ;
LINE L1635_1748_1 SI1635 SI1748 3.042908 17.388184 0. 0. 1 ;
LINE L1635_1765_1 SI1635 HR1765 2.977084 17.013084 0. 0. 1 ;
LINE L1636_1637_1 IT1636 IT1637 1.843072 10.531356 0. 0. 1 ;
LINE L1639_1766_1 IT1639 IT1766 0.756976 4.325508 0. 0. 1 ;
LINE L1640_1767_1 IT1640 IT1767 0.431756 4.082188 0. 0. 1 ;
LINE L1640_1768_1 IT1640 IT1768 1.594176 15.084024 0. 0. 1 ;
LINE L1641_1769_1 IT1641 IT1769 5.401924 30.868552 0. 0. 1 ;
LINE L1642_1770_1 IT1642 IT1770 0.723444 6.848892 0. 0. 1 ;
LINE L1644_1771_1 IT1644 IT1771 0.756976 4.324056 0. 0. 1 ;
LINE L1644_1771_2 IT1644 IT1771 0.756976 4.324056 0. 0. 1 ;
LINE L1645_1772_1 IT1645 IT1772 0.970904 5.547608 0. 0. 1 ;
LINE L1646_1772_1 IT1646 IT1772 0.638880 3.649360 0. 0. 1 ;
TRANSFO T1647_1759_1 IT1647 IT1759 0.138500 3.808800 0. 0. 100. 0. 100.0 1 ;
LINE L1647_1773_1 IT1647 IT1773 1.611504 15.255860 0. 0. 1 ;
LINE L1647_1774_1 IT1647 IT1774 0.306128 2.890888 0. 0. 1 ;
LINE L1648_1770_1 IT1648 IT1770 1.617280 15.309288 0. 0. 1 ;
LINE L1648_1770_2 IT1648 IT1770 1.623056 15.361272 0. 0. 1 ;
LINE L1649_1770_1 IT1649 IT1770 1.195632 11.310852 0. 0. 1 ;
LINE L1649_1770_2 IT1649 IT1770 1.335700 12.643664 0. 0. 1 ;
LINE L1649_1775_1 IT1649 IT1775 1.797780 17.011764 0. 0. 1 ;
LINE L1649_1776_1 IT1649 IT1776 2.544328 24.072924 0. 0. 1 ;
LINE L1650_1776_1 IT1650 IT1776 0.840408 7.953552 0. 0. 1 ;
LINE L1650_1777_1 IT1650 IT1777 1.959508 18.542404 0. 0. 1 ;
TRANSFO T1650_1778_1 IT1650 IT1778 0.138500 3.808800 0. 0. 100. 0. 100.0 1 ;
TRANSFO T1651_1779_1 FR1651 FR1779 0.138500 3.808800 0. 0. 100. 0. 100.0 1 ;
LINE L1653_1780_1 FR1653 FR1780 1.482492 8.470484 0. 0. 1 ;
LINE L1653_1781_1 FR1653 FR1781 0.550792 3.148420 0. 0. 1 ;
LINE L1653_1781_2 FR1653 FR1781 0.550792 3.148420 0. 0. 1 ;
LINE L1654_1782_1 FR1654 FR1782 1.847428 10.557976 0. 0. 1 ;
LINE L1654_1783_1 FR1654 FR1783 4.234032 24.194676 0. 0. 1 ;
LINE L1655_1784_1 FR1655 FR1784 2.587648 24.491684 0. 0. 1 ;
LINE L1655_1784_2 FR1655 FR1784 2.587648 24.491684 0. 0. 1 ;
TRANSFO T1655_1785_1 FR1655 FR1785 0.138500 3.808800 0. 0. 100. 0. 100.0 1 ;
LINE L1656_1681_1 FR1656 FR1681 1.109812 6.341368 0. 0. 1 ;
LINE L1656_1681_2 FR1656 FR1681 1.109812 6.341368 0. 0. 1 ;
LINE L1656_1682_1 FR1656 FR1682 1.012044 5.783800 0. 0. 1 ;
LINE L1656_1780_1 FR1656 FR1780 4.752396 27.155788 0. 0. 1 ;
LINE L1656_1786_1 FR1656 FR1786 1.690128 9.659188 0. 0. 1 ;
LINE L1656_1786_2 FR1656 FR1786 1.690128 9.659188 0. 0. 1 ;
LINE L1656_1787_1 FR1656 FR1787 1.513952 8.649564 0. 0. 1 ;
LINE L1656_1787_2 FR1656 FR1787 1.513952 8.649564 0. 0. 1 ;
LINE L1658_1788_1 FR1658 FR1788 0.692120 3.956216 0. 0. 1 ;
LINE L1659_1669_1 ES1659 ES1669 1.214404 11.495684 0. 0. 1 ;
LINE L1659_1669_2 ES1659 ES1669 1.214404 11.495684 0. 0. 1 ;
LINE L1659_1789_1 ES1659 ES1789 0.935712 8.853164 0. 0. 1 ;
LINE L1659_1790_1 ES1659 ES1790 0.472188 4.463404 0. 0. 1 ;
LINE L1659_1791_1 ES1659 ES1791 2.327728 22.032552 0. 0. 1 ;
TRANSFO T1659_1792_1 ES1659 ES1792 0.138500 3.808800 0. 0. 100. 0. 100.0 1 ;
TRANSFO T1660_1793_1 ES1660 ES1793 0.138500 3.808800 0. 0. 100. 0. 100.0 1 ;
LINE L1661_1794_1 ES1661 ES1794 1.523420 14.419784 0. 0. 1 ;
TRANSFO T1661_1795_1 ES1661 ES1795 0.138500 3.808800 0. 0. 100. 0. 100.0 1 ;
LINE L1662_1791_1 ES1662 ES1791 0.365332 3.449716 0. 0. 1 ;
LINE L1662_1796_1 ES1662 ES1796 1.262056 11.950544 0. 0. 1 ;
LINE L1662_1796_2 ES1662 ES1796 1.262056 11.950544 0. 0. 1 ;
LINE L1662_1797_1 ES1662 ES1797 0.164616 1.562408 0. 0. 1 ;
LINE L1662_1797_2 ES1662 ES1797 0.164616 1.562408 0. 0. 1 ;
LINE L1662_1798_1 ES1662 ES1798 0.112632 1.068560 0. 0. 1 ;
LINE L1662_1798_2 ES1662 ES1798 0.112632 1.068560 0. 0. 1 ;
TRANSFO T1662_1799_1 ES1662 ES1799 0.138500 3.808800 0. 0. 100. 0. 100.0 1 ;
LINE L1663_1800_1 ES1663 ES1800 2.849308 16.280792 0. 0. 1 ;
LINE L1663_1800_2 ES1663 ES1800 2.849308 16.280792 0. 0. 1 ;
LINE L1663_1800_3 ES1663 ES1800 2.849308 16.280792 0. 0. 1 ;
LINE L1663_1800_4 ES1663 ES1800 2.849308 16.280792 0. 0. 1 ;
LINE L1663_1801_1 ES1663 ES1801 1.358104 7.759488 0. 0. 1 ;
LINE L1663_1801_2 ES1663 ES1801 1.358104 7.759488 0. 0. 1 ;
LINE L1664_1802_1 ES1664 ES1802 0.244036 2.307512 0. 0. 1 ;
LINE L1664_1802_2 ES1664 ES1802 0.244036 2.307512 0. 0. 1 ;
LINE L1664_1803_1 ES1664 ES1803 1.894528 17.928704 0. 0. 1 ;
LINE L1664_1803_2 ES1664 ES1803 1.894528 17.928704 0. 0. 1 ;
LINE L1665_1803_1 ES1665 ES1803 1.474324 13.959148 0. 0. 1 ;
LINE L1665_1803_2 ES1665 ES1803 1.474324 13.959148 0. 0. 1 ;
LINE L1665_1803_3 ES1665 ES1803 1.458440 13.808972 0. 0. 1 ;
LINE L1665_1803_4 ES1665 ES1803 1.458440 13.808972 0. 0. 1 ;
LINE L1665_1804_1 ES1665 ES1804 1.855540 17.564816 0. 0. 1 ;
LINE L1665_1804_2 ES1665 ES1804 1.855540 17.564816 0. 0. 1 ;
LINE L1666_1805_1 ES1666 ES1805 0.293132 2.776812 0. 0. 1 ;
LINE L1666_1805_2 ES1666 ES1805 0.293132 2.776812 0. 0. 1 ;
LINE L1666_1806_1 ES1666 ES1806 0.320568 3.038176 0. 0. 1 ;
LINE L1666_1806_2 ES1666 ES1806 0.320568 3.038176 0. 0. 1 ;
TRANSFO T1668_1673_1 ES1668 ES1673 0.138500 3.808800 0. 0. 100. 0. 100.0 1 ;
LINE L1669_1796_1 ES1669 ES1796 0.880840 8.340544 0. 0. 1 ;
LINE L1669_1796_2 ES1669 ES1796 0.880840 8.340544 0. 0. 1 ;
LINE L1669_1807_1 ES1669 ES1807 2.005716 18.978492 0. 0. 1 ;
LINE L1669_1807_2 ES1669 ES1807 2.005716 18.978492 0. 0. 1 ;
TRANSFO T1669_1808_1 ES1669 ES1808 0.138500 3.808800 0. 0. 100. 0. 100.0 1 ;
LINE L1671_1672_1 ES1671 ES1672 0.380424 2.174128 0. 0. 1 ;
LINE L1671_1672_2 ES1671 ES1672 0.380424 2.174128 0. 0. 1 ;
LINE L1671_1672_3 ES1671 ES1672 0.283140 1.617044 0. 0. 1 ;
LINE L1671_1672_4 ES1671 ES1672 0.283140 1.617044 0. 0. 1 ;
LINE L1673_1801_1 ES1673 ES1801 1.752564 10.014928 0. 0. 1 ;
LINE L1673_1801_2 ES1673 ES1801 1.752564 10.014928 0. 0. 1 ;
LINE L1673_1801_3 ES1673 ES1801 1.752564 10.014928 0. 0. 1 ;
LINE L1675_1676_1 ES1675 ES1676 1.158696 6.622088 0. 0. 1 ;
LINE L1675_1809_1 ES1675 ES1809 1.346972 7.697536 0. 0. 1 ;
LINE L1676_1810_1 ES1676 ES1810 0.503360 2.875444 0. 0. 1 ;
LINE L1676_1810_2 ES1676 ES1810 0.503360 2.875444 0. 0. 1 ;
LINE L1677_1811_1 ES1677 ES1811 0.901056 8.521044 0. 0. 1 ;
LINE L1677_1812_1 ES1677 ES1812 2.363828 22.367560 0. 0. 1 ;
LINE L1677_1813_1 ES1677 ES1813 0.980476 9.280588 0. 0. 1 ;
TRANSFO T1677_1814_1 ES1677 ES1814 0.138500 3.808800 0. 0. 100. 0. 100.0 1 ;
LINE L1678_1815_1 ES1678 ES1815 0.980476 9.274812 0. 0. 1 ;
TRANSFO T1678_1816_1 ES1678 ES1816 0.138500 3.808800 0. 0. 100. 0. 100.0 1 ;
LINE L1679_1816_1 ES1679 ES1816 0.950576 5.432416 0. 0. 1 ;
LINE L1679_1816_2 ES1679 ES1816 1.481040 8.463708 0. 0. 1 ;
LINE L1679_1817_1 ES1679 ES1817 0.990264 5.658444 0. 0. 1 ;
LINE L1679_1818_1 ES1679 ES1818 0.758428 4.334704 0. 0. 1 ;
LINE L1680_1819_1 FR1680 FR1819 0.465608 2.659580 0. 0. 1 ;
LINE L1680_1820_1 FR1680 FR1820 0.368808 2.106368 0. 0. 1 ;
LINE L1681_1821_1 FR1681 FR1821 0.392040 2.239468 0. 0. 1 ;
LINE L1685_1822_1 FR1685 FR1822 0.563860 3.221020 0. 0. 1 ;
LINE L1686_1823_1 FR1686 FR1823 0.571120 3.264096 0. 0. 1 ;
LINE L1687_1824_1 ES1687 ES1824 1.139336 6.509316 0. 0. 1 ;
LINE L1688_1825_1 FR1688 FR1825 0.548856 3.135836 0. 0. 1 ;
LINE L1689_1826_1 NL1689 NL1826 2.316176 21.915588 0. 0. 1 ;
LINE L1689_1826_2 NL1689 NL1826 2.316176 21.915588 0. 0. 1 ;
LINE L1689_1827_1 NL1689 NL1827 0.971812 9.201168 0. 0. 1 ;
LINE L1689_1827_2 NL1689 NL1827 0.971812 9.201168 0. 0. 1 ;
LINE L1690_1828_1 DE1690 DE1828 0.186276 1.758792 0. 0. 1 ;
LINE L1690_1829_1 DE1690 DE1829 0.355224 3.367408 0. 0. 1 ;
LINE L1690_1829_2 DE1690 DE1829 0.355224 3.367408 0. 0. 1 ;
LINE L1690_1830_1 DE1690 DE1830 0.176168 1.664932 0. 0. 1 ;
LINE L1690_1830_2 DE1690 DE1830 0.176168 1.664932 0. 0. 1 ;
LINE L1692_1831_1 DE1692 DE1831 1.592844 9.100652 0. 0. 1 ;
LINE L1692_1831_2 DE1692 DE1831 1.592844 9.100652 0. 0. 1 ;
LINE L1692_1832_1 DE1692 DE1832 1.484912 8.485488 0. 0. 1 ;
LINE L1692_1832_2 DE1692 DE1832 1.484912 8.485488 0. 0. 1 ;
LINE L1693_1833_1 NL1693 NL1833 0.945820 8.957132 0. 0. 1 ;
LINE L1693_1833_2 NL1693 NL1833 0.945820 8.957132 0. 0. 1 ;
LINE L1694_1834_1 NL1694 NL1834 0.713336 6.753588 0. 0. 1 ;
LINE L1694_1834_2 NL1694 NL1834 0.713336 6.753588 0. 0. 1 ;
LINE L1694_1835_1 NL1694 NL1835 1.452664 13.745436 0. 0. 1 ;
LINE L1694_1835_2 NL1694 NL1835 1.452664 13.745436 0. 0. 1 ;
LINE L1695_1836_1 NL1695 NL1836 0.759544 7.183900 0. 0. 1 ;
LINE L1695_1837_1 NL1695 NL1837 1.012244 9.576608 0. 0. 1 ;
LINE L1696_1707_1 DE1696 DE1707 0.984808 9.319576 0. 0. 1 ;
LINE L1696_1707_2 DE1696 DE1707 0.984808 9.319576 0. 0. 1 ;
LINE L1697_1838_1 DE1697 DE1838 0.150176 1.418008 0. 0. 1 ;
LINE L1697_1838_2 DE1697 DE1838 0.150176 1.418008 0. 0. 1 ;
LINE L1697_1838_3 DE1697 DE1838 0.150176 1.418008 0. 0. 1 ;
LINE L1697_1839_1 DE1697 DE1839 0.498180 4.718992 0. 0. 1 ;
LINE L1697_1839_2 DE1697 DE1839 0.498180 4.718992 0. 0. 1 ;
LINE L1698_1700_1 DE1698 DE1700 0.278692 2.638188 0. 0. 1 ;
LINE L1698_1700_2 DE1698 DE1700 0.278692 2.638188 0. 0. 1 ;
TRANSFO T1698_1840_1 DE1698 DE1840 0.138500 3.808800 0. 0. 100. 0. 100.0 1 ;
LINE L1699_1840_1 DE1699 DE1840 1.655280 9.457360 0. 0. 1 ;
LINE L1699_1840_2 DE1699 DE1840 1.655280 9.457360 0. 0. 1 ;
LINE L1701_1840_1 DE1701 DE1840 2.641672 15.095960 0. 0. 1 ;
LINE L1703_1713_1 DE1703 DE1713 0.938476 5.363688 0. 0. 1 ;
LINE L1703_1713_2 DE1703 DE1713 0.938476 5.363688 0. 0. 1 ;
TRANSFO T1705_1715_1 DE1705 DE1715 0.138500 3.808800 0. 0. 100. 0. 100.0 1 ;
LINE L1705_1717_1 DE1705 DE1717 0.746328 4.265008 0. 0. 1 ;
LINE L1705_1717_2 DE1705 DE1717 0.746328 4.265008 0. 0. 1 ;
LINE L1706_1841_1 DE1706 DE1841 1.643272 15.546104 0. 0. 1 ;
LINE L1706_1841_2 DE1706 DE1841 1.643272 15.546104 0. 0. 1 ;
LINE L1706_1842_1 DE1706 DE1842 1.367468 12.941128 0. 0. 1 ;
LINE L1706_1842_2 DE1706 DE1842 1.367468 12.941128 0. 0. 1 ;
LINE L1708_1843_1 DE1708 DE1843 1.146536 10.857436 0. 0. 1 ;
LINE L1708_1843_2 DE1708 DE1843 1.146536 10.857436 0. 0. 1 ;
LINE L1710_1844_1 DE1710 DE1844 0.235372 2.230980 0. 0. 1 ;
LINE L1710_1844_2 DE1710 DE1844 0.235372 2.230980 0. 0. 1 ;
LINE L1710_1845_1 DE1710 DE1845 0.379772 3.591228 0. 0. 1 ;
LINE L1710_1845_2 DE1710 DE1845 0.379772 3.591228 0. 0. 1 ;
LINE L1711_1846_1 DE1711 DE1846 1.520532 14.386572 0. 0. 1 ;
LINE L1711_1846_2 DE1711 DE1846 1.520532 14.386572 0. 0. 1 ;
LINE L1711_1847_1 DE1711 DE1847 0.733552 6.936976 0. 0. 1 ;
LINE L1711_1847_2 DE1711 DE1847 0.733552 6.936976 0. 0. 1 ;
LINE L1711_1848_1 DE1711 DE1848 1.615836 15.287628 0. 0. 1 ;
LINE L1711_1848_2 DE1711 DE1848 1.615836 15.287628 0. 0. 1 ;
LINE L1711_1849_1 DE1711 DE1849 1.327036 12.558468 0. 0. 1 ;
LINE L1711_1849_2 DE1711 DE1849 1.327036 12.558468 0. 0. 1 ;
TRANSFO T1711_1850_1 DE1711 DE1850 0.138500 3.808800 0. 0. 100. 0. 100.0 1 ;
LINE L1712_1718_1 DE1712 DE1718 0.512556 2.929652 0. 0. 1 ;
LINE L1712_1718_2 DE1712 DE1718 0.512556 2.929652 0. 0. 1 ;
LINE L1712_1851_1 DE1712 DE1851 1.636404 9.349912 0. 0. 1 ;
LINE L1712_1851_2 DE1712 DE1851 1.636404 9.349912 0. 0. 1 ;
LINE L1713_1852_1 DE1713 DE1852 2.784936 15.913436 0. 0. 1 ;
LINE L1713_1852_2 DE1713 DE1852 2.784936 15.913436 0. 0. 1 ;
LINE L1714_1853_1 DE1714 DE1853 1.732800 16.402396 0. 0. 1 ;
LINE L1714_1853_2 DE1714 DE1853 1.732800 16.402396 0. 0. 1 ;
LINE L1714_1853_3 DE1714 DE1853 1.732800 16.402396 0. 0. 1 ;
LINE L1714_1854_1 DE1714 DE1854 0.176168 1.667820 0. 0. 1 ;
LINE L1716_1855_1 DE1716 DE1855 0.270028 2.560212 0. 0. 1 ;
LINE L1716_1855_2 DE1716 DE1855 0.270028 2.560212 0. 0. 1 ;
LINE L1716_1855_3 DE1716 DE1855 0.270028 2.560212 0. 0. 1 ;
LINE L1721_1856_1 DE1721 DE1856 1.101772 10.431456 0. 0. 1 ;
LINE L1721_1856_2 DE1721 DE1856 1.101772 10.431456 0. 0. 1 ;
LINE L1721_1857_1 DE1721 DE1857 0.194940 1.838212 0. 0. 1 ;
LINE L1721_1857_2 DE1721 DE1857 0.194940 1.838212 0. 0. 1 ;
LINE L1724_1726_1 DE1724 DE1726 1.325592 12.539696 0. 0. 1 ;
LINE L1724_1726_2 DE1724 DE1726 1.325592 12.539696 0. 0. 1 ;
LINE L1724_1858_1 DE1724 DE1858 1.273608 12.055956 0. 0. 1 ;
LINE L1724_1858_2 DE1724 DE1858 1.273608 12.055956 0. 0. 1 ;
LINE L1724_1859_1 DE1724 DE1859 0.558828 5.293704 0. 0. 1 ;
LINE L1724_1859_2 DE1724 DE1859 0.558828 5.293704 0. 0. 1 ;
LINE L1724_1859_3 DE1724 DE1859 0.475076 4.490840 0. 0. 1 ;
LINE L1724_1859_4 DE1724 DE1859 0.475076 4.490840 0. 0. 1 ;
LINE L1724_1859_5 DE1724 DE1859 0.434644 4.119732 0. 0. 1 ;
LINE L1724_1859_6 DE1724 DE1859 0.434644 4.119732 0. 0. 1 ;
LINE L1724_1860_1 DE1724 DE1860 1.119100 10.584520 0. 0. 1 ;
LINE L1724_1860_2 DE1724 DE1860 1.119100 10.584520 0. 0. 1 ;
LINE L1725_1856_1 DE1725 DE1856 0.938600 8.879156 0. 0. 1 ;
LINE L1725_1856_2 DE1725 DE1856 0.938600 8.879156 0. 0. 1 ;
LINE L1725_1858_1 DE1725 DE1858 0.550164 5.207064 0. 0. 1 ;
LINE L1725_1858_2 DE1725 DE1858 0.550164 5.207064 0. 0. 1 ;
LINE L1725_1861_1 DE1725 DE1861 0.438976 4.158720 0. 0. 1 ;
LINE L1725_1861_2 DE1725 DE1861 0.438976 4.158720 0. 0. 1 ;
LINE L1725_1861_3 DE1725 DE1861 0.498180 4.714660 0. 0. 1 ;
LINE L1725_1861_4 DE1725 DE1861 0.498180 4.714660 0. 0. 1 ;
LINE L1726_1845_1 DE1726 DE1845 1.480100 14.003912 0. 0. 1 ;
LINE L1726_1845_2 DE1726 DE1845 1.480100 14.003912 0. 0. 1 ;
LINE L1726_1847_1 DE1726 DE1847 4.109624 38.899916 0. 0. 1 ;
LINE L1726_1847_2 DE1726 DE1847 4.109624 38.899916 0. 0. 1 ;
LINE L1726_1862_1 DE1726 DE1862 1.451220 13.741104 0. 0. 1 ;
LINE L1726_1862_2 DE1726 DE1862 1.451220 13.741104 0. 0. 1 ;
LINE L1727_1863_1 DE1727 DE1863 1.511048 8.634560 0. 0. 1 ;
LINE L1727_1863_2 DE1727 DE1863 1.511048 8.634560 0. 0. 1 ;
LINE L1728_1864_1 CZ1728 CZ1864 0.463524 4.382540 0. 0. 1 ;
LINE L1728_1864_2 CZ1728 CZ1864 0.463524 4.382540 0. 0. 1 ;
LINE L1729_1736_1 CZ1729 CZ1736 0.472188 4.466292 0. 0. 1 ;
LINE L1734_1865_1 CZ1734 CZ1865 1.507536 14.273940 0. 0. 1 ;
LINE L1734_1866_1 CZ1734 CZ1866 0.531392 5.032340 0. 0. 1 ;
LINE L1734_1866_2 CZ1734 CZ1866 0.531392 5.032340 0. 0. 1 ;
LINE L1734_1867_1 CZ1734 CZ1867 0.332120 3.136368 0. 0. 1 ;
LINE L1734_1868_1 CZ1734 CZ1868 2.095244 19.830452 0. 0. 1 ;
LINE L1734_1868_2 CZ1734 CZ1868 2.095244 19.830452 0. 0. 1 ;
LINE L1734_1869_1 CZ1734 CZ1869 0.847628 8.018532 0. 0. 1 ;
LINE L1734_1869_2 CZ1734 CZ1869 0.847628 8.018532 0. 0. 1 ;
TRANSFO T1734_1870_1 CZ1734 CZ1870 0.138500 3.808800 0. 0. 100. 0. 100.0 1 ;
LINE L1735_1871_1 CZ1735 CZ1871 1.501368 8.577932 0. 0. 1 ;
LINE L1735_1871_2 CZ1735 CZ1871 1.501368 8.577932 0. 0. 1 ;
LINE L1735_1872_1 CZ1735 CZ1872 2.261732 12.925220 0. 0. 1 ;
LINE L1735_1872_2 CZ1735 CZ1872 2.261732 12.925220 0. 0. 1 ;
LINE L1736_1873_1 CZ1736 CZ1873 1.959508 18.540960 0. 0. 1 ;
LINE L1737_1872_1 CZ1737 CZ1872 5.238332 29.932496 0. 0. 1 ;
LINE L1737_1872_2 CZ1737 CZ1872 5.238332 29.932496 0. 0. 1 ;
LINE L1737_1874_1 CZ1737 CZ1874 3.926208 22.435336 0. 0. 1 ;
TRANSFO T1739_1875_1 HU1739 HU1875 0.138500 3.808800 0. 0. 100. 0. 100.0 1 ;
LINE L1739_1876_1 HU1739 HU1876 3.099536 17.710044 0. 0. 1 ;
LINE L1740_1744_1 AT1740 AT1744 0.953040 9.013448 0. 0. 1 ;
LINE L1740_1744_2 AT1740 AT1744 0.953040 9.013448 0. 0. 1 ;
LINE L1740_1744_3 AT1740 AT1744 0.953040 9.013448 0. 0. 1 ;
LINE L1740_1877_1 AT1740 AT1877 0.749436 7.085708 0. 0. 1 ;
LINE L1740_1877_2 AT1740 AT1877 0.749436 7.085708 0. 0. 1 ;
LINE L1741_1753_1 AT1741 AT1753 1.104660 10.454560 0. 0. 1 ;
LINE L1741_1753_2 AT1741 AT1753 1.104660 10.454560 0. 0. 1 ;
LINE L1742_1878_1 AT1742 AT1878 0.710996 4.062212 0. 0. 1 ;
LINE L1742_1878_2 AT1742 AT1878 0.710996 4.062212 0. 0. 1 ;
LINE L1742_1878_3 AT1742 AT1878 0.710996 4.062212 0. 0. 1 ;
TRANSFO T1743_1757_1 AT1743 AT1757 0.138500 3.808800 0. 0. 100. 0. 100.0 1 ;
LINE L1743_1879_1 AT1743 AT1879 0.820864 4.688992 0. 0. 1 ;
LINE L1743_1879_2 AT1743 AT1879 0.820864 4.688992 0. 0. 1 ;
LINE L1743_1879_3 AT1743 AT1879 0.820864 4.688992 0. 0. 1 ;
LINE L1744_1757_1 AT1744 AT1757 2.343612 22.179840 0. 0. 1 ;
LINE L1744_1757_2 AT1744 AT1757 2.343612 22.179840 0. 0. 1 ;
LINE L1744_1757_3 AT1744 AT1757 2.343612 22.179840 0. 0. 1 ;
LINE L1745_1880_1 CZ1745 CZ1880 9.144696 52.257480 0. 0. 1 ;
LINE L1745_1881_1 CZ1745 CZ1881 10.156256 58.036440 0. 0. 1 ;
LINE L1745_1882_1 CZ1745 CZ1882 4.651240 26.578860 0. 0. 1 ;
LINE L1745_1882_2 CZ1745 CZ1882 4.651240 26.578860 0. 0. 1 ;
LINE L1745_1883_1 CZ1745 SK1883 5.116848 29.238924 0. 0. 1 ;
TRANSFO T1745_1884_1 CZ1745 CZ1884 0.138500 3.808800 0. 0. 100. 0. 100.0 1 ;
TRANSFO T1749_1885_1 HR1749 HR1885 0.138500 3.808800 0. 0. 100. 0. 100.0 1 ;
LINE L1749_1886_1 HR1749 HR1886 1.591876 9.095812 0. 0. 1 ;
LINE L1750_1752_1 SI1750 SI1752 0.955928 9.042328 0. 0. 1 ;
LINE L1750_1752_2 SI1750 SI1752 0.955928 9.042328 0. 0. 1 ;
LINE L1750_1764_1 SI1750 SI1764 0.960260 9.092868 0. 0. 1 ;
LINE L1757_1887_1 AT1757 CZ1887 2.697392 25.522700 0. 0. 1 ;
LINE L1757_1887_2 AT1757 CZ1887 2.697392 25.522700 0. 0. 1 ;
LINE L1758_1766_1 IT1758 IT1766 2.323200 13.275152 0. 0. 1 ;
LINE L1758_1888_1 IT1758 IT1888 0.536272 3.063236 0. 0. 1 ;
LINE L1760_1764_1 HR1760 SI1764 0.928492 8.783852 0. 0. 1 ;
LINE L1760_1764_2 HR1760 SI1764 0.928492 8.783852 0. 0. 1 ;
LINE L1760_1889_1 HR1760 HR1889 1.194188 11.296412 0. 0. 1 ;
LINE L1761_1890_1 HR1761 HR1890 3.016516 28.544992 0. 0. 1 ;
LINE L1762_1765_1 HR1762 HR1765 1.908896 10.907908 0. 0. 1 ;
LINE L1762_1765_2 HR1762 HR1765 1.760792 10.061392 0. 0. 1 ;
LINE L1762_1891_1 HR1762 HR1891 0.991232 5.663768 0. 0. 1 ;
LINE L1762_1891_2 HR1762 HR1891 0.991232 5.663768 0. 0. 1 ;
LINE L1762_1892_1 HR1762 HR1892 3.717604 21.243728 0. 0. 1 ;
LINE L1762_1893_1 HR1762 HR1893 5.780896 33.033484 0. 0. 1 ;
LINE L1765_1893_1 HR1765 HR1893 3.409296 19.481968 0. 0. 1 ;
TRANSFO T1767_1769_1 IT1767 IT1769 0.138500 3.808800 0. 0. 100. 0. 100.0 1 ;
LINE L1768_1773_1 IT1768 IT1773 0.623808 5.897296 0. 0. 1 ;
LINE L1768_1774_1 IT1768 IT1774 0.841852 7.963660 0. 0. 1 ;
LINE L1769_1894_1 IT1769 IT1894 3.658072 20.902992 0. 0. 1 ;
TRANSFO T1770_1772_1 IT1770 IT1772 0.138500 3.808800 0. 0. 100. 0. 100.0 1 ;
LINE L1773_1895_1 IT1773 IT1895 1.418008 13.417648 0. 0. 1 ;
LINE L1773_1895_2 IT1773 IT1895 1.276496 12.077616 0. 0. 1 ;
TRANSFO T1773_1896_1 IT1773 IT1896 0.138500 3.808800 0. 0. 100. 0. 100.0 1 ;
TRANSFO T1774_1897_1 IT1774 IT1897 0.138500 3.808800 0. 0. 100. 0. 100.0 1 ;
LINE L1775_1776_1 IT1775 IT1776 1.124876 10.648056 0. 0. 1 ;
LINE L1776_1898_1 IT1776 IT1898 0.929936 8.801180 0. 0. 1 ;
LINE L1776_1899_1 IT1776 IT1899 1.301044 12.307212 0. 0. 1 ;
LINE L1777_1900_1 IT1777 IT1900 1.165308 11.026384 0. 0. 1 ;
LINE L1777_1901_1 IT1777 IT1901 1.706808 16.149696 0. 0. 1 ;
LINE L1778_1902_1 IT1778 IT1902 1.473780 8.422084 0. 0. 1 ;
LINE L1778_1903_1 IT1778 IT1903 3.053556 17.448200 0. 0. 1 ;
LINE L1779_1904_1 FR1779 FR1904 0.663080 3.789720 0. 0. 1 ;
LINE L1779_1904_2 FR1779 FR1904 0.663080 3.789720 0. 0. 1 ;
LINE L1779_1905_1 FR1779 FR1905 0.566764 3.238444 0. 0. 1 ;
LINE L1779_1905_2 FR1779 FR1905 0.566764 3.238444 0. 0. 1 ;
LINE L1781_1783_1 FR1781 FR1783 0.667436 3.813920 0. 0. 1 ;
LINE L1781_1783_2 FR1781 FR1783 0.667436 3.813920 0. 0. 1 ;
LINE L1782_1905_1 FR1782 FR1905 2.035704 11.632456 0. 0. 1 ;
LINE L1783_1906_1 FR1783 FR1906 0.582252 3.327016 0. 0. 1 ;
TRANSFO T1784_1907_1 FR1784 FR1907 0.138500 3.808800 0. 0. 100. 0. 100.0 1 ;
LINE L1785_1908_1 FR1785 FR1908 0.821832 4.695284 0. 0. 1 ;
LINE L1786_1909_1 FR1786 FR1909 0.463672 2.647964 0. 0. 1 ;
LINE L1786_1909_2 FR1786 FR1909 0.463672 2.647964 0. 0. 1 ;
LINE L1787_1819_1 FR1787 FR1819 2.958208 16.902732 0. 0. 1 ;
LINE L1787_1819_2 FR1787 FR1819 2.958208 16.902732 0. 0. 1 ;
LINE L1787_1908_1 FR1787 FR1908 6.558684 37.477572 0. 0. 1 ;
LINE L1787_1910_1 FR1787 FR1910 3.305236 18.886164 0. 0. 1 ;
LINE L1787_1911_1 FR1787 FR1911 3.081628 17.607920 0. 0. 1 ;
LINE L1789_1912_1 ES1789 ES1912 1.660600 15.720828 0. 0. 1 ;
LINE L1789_1913_1 ES1789 ES1913 2.781144 26.327008 0. 0. 1 ;
LINE L1791_1914_1 ES1791 ES1914 0.313348 2.964532 0. 0. 1 ;
LINE L1791_1914_2 ES1791 ES1914 0.313348 2.964532 0. 0. 1 ;
LINE L1792_1915_1 ES1792 ES1915 2.805748 16.031532 0. 0. 1 ;
LINE L1793_1801_1 ES1793 ES1801 1.161600 6.638060 0. 0. 1 ;
LINE L1793_1801_2 ES1793 ES1801 1.161600 6.638060 0. 0. 1 ;
LINE L1793_1916_1 ES1793 ES1916 8.273496 47.277120 0. 0. 1 ;
LINE L1793_1917_1 ES1793 ES1917 7.264356 41.510260 0. 0. 1 ;
LINE L1793_1917_2 ES1793 ES1917 7.269680 41.540752 0. 0. 1 ;
LINE L1794_1807_1 ES1794 ES1807 0.615144 5.826540 0. 0. 1 ;
LINE L1794_1807_2 ES1794 ES1807 0.615144 5.826540 0. 0. 1 ;
LINE L1794_1918_1 ES1794 ES1918 0.127072 1.204296 0. 0. 1 ;
LINE L1795_1919_1 ES1795 ES1919 4.658984 26.623872 0. 0. 1 ;
LINE L1795_1920_1 ES1795 ES1920 0.562892 3.216180 0. 0. 1 ;
LINE L1795_1921_1 ES1795 ES1921 3.070980 17.549356 0. 0. 1 ;
LINE L1796_1922_1 ES1796 ES1922 0.665684 6.297284 0. 0. 1 ;
LINE L1796_1922_2 ES1796 ES1922 0.665684 6.297284 0. 0. 1 ;
LINE L1797_1798_1 ES1797 ES1798 0.047652 0.456304 0. 0. 1 ;
LINE L1797_1798_2 ES1797 ES1798 0.047652 0.456304 0. 0. 1 ;
LINE L1797_1806_1 ES1797 ES1806 0.518396 4.908156 0. 0. 1 ;
LINE L1797_1806_2 ES1797 ES1806 0.518396 4.908156 0. 0. 1 ;
LINE L1799_1801_1 ES1799 ES1801 3.664364 20.939292 0. 0. 1 ;
LINE L1799_1801_2 ES1799 ES1801 3.664364 20.939292 0. 0. 1 ;
LINE L1800_1923_1 ES1800 ES1923 3.992516 22.815760 0. 0. 1 ;
LINE L1800_1923_2 ES1800 ES1923 3.992516 22.815760 0. 0. 1 ;
LINE L1800_1924_1 ES1800 ES1924 3.326532 19.009100 0. 0. 1 ;
LINE L1800_1924_2 ES1800 ES1924 3.326532 19.009100 0. 0. 1 ;
LINE L1800_1924_3 ES1800 ES1924 3.326532 19.009100 0. 0. 1 ;
LINE L1800_1924_4 ES1800 ES1924 3.326532 19.009100 0. 0. 1 ;
LINE L1800_1925_1 ES1800 ES1925 1.165472 6.658388 0. 0. 1 ;
LINE L1800_1925_2 ES1800 ES1925 1.165472 6.658388 0. 0. 1 ;
LINE L1801_1919_1 ES1801 ES1919 14.185556 81.060320 0. 0. 1 ;
LINE L1801_1921_1 ES1801 ES1921 7.809340 44.623348 0. 0. 1 ;
LINE L1801_1921_2 ES1801 ES1921 7.809340 44.623348 0. 0. 1 ;
LINE L1801_1926_1 ES1801 ES1926 2.070068 11.827992 0. 0. 1 ;
LINE L1801_1926_2 ES1801 ES1926 2.070068 11.827992 0. 0. 1 ;
LINE L1801_1927_1 ES1801 ES1927 3.569984 20.398180 0. 0. 1 ;
LINE L1801_1927_2 ES1801 ES1927 3.569984 20.398180 0. 0. 1 ;
LINE L1801_1927_3 ES1801 ES1927 3.569984 20.398180 0. 0. 1 ;
LINE L1803_1804_1 ES1803 ES1804 0.397100 3.755844 0. 0. 1 ;
LINE L1803_1804_2 ES1803 ES1804 0.397100 3.755844 0. 0. 1 ;
LINE L1804_1928_1 ES1804 ES1928 1.744352 16.509252 0. 0. 1 ;
LINE L1804_1928_2 ES1804 ES1928 1.744352 16.509252 0. 0. 1 ;
LINE L1805_1806_1 ES1805 ES1806 0.262808 2.489456 0. 0. 1 ;
LINE L1805_1806_2 ES1805 ES1806 0.262808 2.489456 0. 0. 1 ;
LINE L1807_1929_1 ES1807 ES1929 0.137180 1.301044 0. 0. 1 ;
LINE L1807_1929_2 ES1807 ES1929 0.137180 1.301044 0. 0. 1 ;
LINE L1807_1930_1 ES1807 ES1930 2.050480 19.407360 0. 0. 1 ;
LINE L1807_1931_1 ES1807 ES1931 1.644716 15.567764 0. 0. 1 ;
LINE L1807_1931_2 ES1807 ES1931 1.644716 15.567764 0. 0. 1 ;
LINE L1807_1932_1 ES1807 ES1932 0.405764 3.835264 0. 0. 1 ;
LINE L1807_1932_2 ES1807 ES1932 0.405764 3.835264 0. 0. 1 ;
LINE L1807_1933_1 ES1807 ES1933 1.891640 17.898380 0. 0. 1 ;
LINE L1808_1915_1 ES1808 ES1915 0.604032 3.451404 0. 0. 1 ;
LINE L1811_1934_1 ES1811 ES1934 1.527752 14.463104 0. 0. 1 ;
LINE L1811_1935_1 ES1811 ES1935 0.443308 4.189044 0. 0. 1 ;
LINE L1811_1935_2 ES1811 ES1935 0.443308 4.189044 0. 0. 1 ;
LINE L1812_1934_1 ES1812 ES1934 1.139316 10.780904 0. 0. 1 ;
LINE L1812_1936_1 ES1812 ES1936 0.300352 2.849012 0. 0. 1 ;
LINE L1812_1937_1 ES1812 ES1937 4.677116 44.260044 0. 0. 1 ;
LINE L1812_1938_1 ES1812 ES1938 1.633164 15.453688 0. 0. 1 ;
LINE L1812_1939_1 ES1812 ES1939 3.501700 33.142688 0. 0. 1 ;
LINE L1813_1940_1 ES1813 ES1940 5.377456 50.895224 0. 0. 1 ;
TRANSFO T1813_1941_1 ES1813 ES1941 0.138500 3.808800 0. 0. 100. 0. 100.0 1 ;
LINE L1814_1816_1 ES1814 ES1816 2.120888 12.119844 0. 0. 1 ;
LINE L1814_1942_1 ES1814 ES1942 0.904596 5.168152 0. 0. 1 ;
LINE L1814_1943_1 ES1814 ES1943 1.012044 5.782832 0. 0. 1 ;
LINE L1814_1943_2 ES1814 ES1943 1.012044 5.782832 0. 0. 1 ;
LINE L1814_1944_1 ES1814 ES1944 1.016400 5.808484 0. 0. 1 ;
LINE L1814_1945_1 ES1814 ES1945 4.947448 28.271408 0. 0. 1 ;
LINE L1814_1945_2 ES1814 ES1945 5.002624 28.586492 0. 0. 1 ;
LINE L1815_1935_1 ES1815 ES1935 0.810084 7.670528 0. 0. 1 ;
TRANSFO T1818_1946_1 ES1818 ES1946 0.413200 11.364000 0. 0. 100. 0. 100.0 1 ;
LINE L1824_1947_1 ES1824 ES1947 2.173644 12.419440 0. 0. 1 ;
LINE L1824_1947_2 ES1824 ES1947 2.173644 12.419440 0. 0. 1 ;
LINE L1824_1948_1 ES1824 ES1948 2.541484 14.522904 0. 0. 1 ;
LINE L1824_1949_1 ES1824 ES1949 3.968316 22.676368 0. 0. 1 ;
LINE L1826_1950_1 NL1826 NL1950 0.309016 2.918324 0. 0. 1 ;
LINE L1826_1950_2 NL1826 NL1950 0.309016 2.918324 0. 0. 1 ;
LINE L1826_1950_3 NL1826 NL1950 0.309016 2.918324 0. 0. 1 ;
LINE L1826_1951_1 NL1826 DE1951 0.755212 7.144912 0. 0. 1 ;
LINE L1826_1951_2 NL1826 DE1951 0.755212 7.144912 0. 0. 1 ;
LINE L1827_1835_1 NL1827 NL1835 0.456304 4.321892 0. 0. 1 ;
LINE L1827_1835_2 NL1827 NL1835 0.456304 4.321892 0. 0. 1 ;
LINE L1827_1952_1 NL1827 NL1952 3.569568 33.782380 0. 0. 1 ;
TRANSFO T1827_1953_1 NL1827 NL1953 0.138500 3.808800 0. 0. 100. 0. 100.0 1 ;
LINE L1829_1854_1 DE1829 DE1854 0.698896 6.620740 0. 0. 1 ;
LINE L1829_1854_2 DE1829 DE1854 0.698896 6.620740 0. 0. 1 ;
LINE L1829_1954_1 DE1829 DE1954 0.594928 5.630156 0. 0. 1 ;
LINE L1830_1955_1 DE1830 DE1955 0.174724 1.654824 0. 0. 1 ;
LINE L1830_1955_2 DE1830 DE1955 0.174724 1.654824 0. 0. 1 ;
TRANSFO T1831_1956_1 DE1831 DE1956 0.138500 3.808800 0. 0. 100. 0. 100.0 1 ;
LINE L1833_1957_1 NL1833 NL1957 0.756656 7.156464 0. 0. 1 ;
LINE L1833_1957_2 NL1833 NL1957 0.756656 7.156464 0. 0. 1 ;
LINE L1834_1958_1 NL1834 NL1958 0.323456 3.055504 0. 0. 1 ;
LINE L1834_1958_2 NL1834 NL1958 0.323456 3.055504 0. 0. 1 ;
LINE L1836_1959_1 NL1836 NL1959 0.524172 4.963028 0. 0. 1 ;
LINE L1837_1958_1 NL1837 NL1958 0.480852 4.548600 0. 0. 1 ;
LINE L1838_1853_1 DE1838 DE1853 0.747992 7.074156 0. 0. 1 ;
LINE L1838_1853_2 DE1838 DE1853 0.747992 7.074156 0. 0. 1 ;
LINE L1838_1853_3 DE1838 DE1853 0.747992 7.074156 0. 0. 1 ;
LINE L1839_1960_1 DE1839 DE1960 0.449084 4.243916 0. 0. 1 ;
LINE L1839_1960_2 DE1839 DE1960 0.449084 4.243916 0. 0. 1 ;
LINE L1840_1961_1 DE1840 DE1961 0.780692 4.460544 0. 0. 1 ;
LINE L1840_1961_2 DE1840 DE1961 0.780692 4.460544 0. 0. 1 ;
LINE L1840_1962_1 DE1840 DE1962 1.967944 11.245740 0. 0. 1 ;
LINE L1840_1962_2 DE1840 DE1962 1.967944 11.245740 0. 0. 1 ;
LINE L1841_1963_1 DE1841 DE1963 0.587708 5.568064 0. 0. 1 ;
LINE L1841_1963_2 DE1841 DE1963 0.587708 5.568064 0. 0. 1 ;
LINE L1842_1964_1 DE1842 DE1964 0.782648 7.400500 0. 0. 1 ;
LINE L1842_1964_2 DE1842 DE1964 0.782648 7.400500 0. 0. 1 ;
LINE L1843_1965_1 DE1843 DE1965 0.388436 3.669204 0. 0. 1 ;
LINE L1843_1965_2 DE1843 DE1965 0.388436 3.669204 0. 0. 1 ;
LINE L1843_1965_3 DE1843 DE1965 0.388436 3.669204 0. 0. 1 ;
LINE L1843_1966_1 DE1843 DE1966 0.337896 3.197016 0. 0. 1 ;
LINE L1843_1966_2 DE1843 DE1966 0.337896 3.197016 0. 0. 1 ;
LINE L1843_1967_1 DE1843 DE1967 0.275804 2.612196 0. 0. 1 ;
LINE L1843_1967_2 DE1843 DE1967 0.275804 2.612196 0. 0. 1 ;
LINE L1843_1967_3 DE1843 DE1967 0.275804 2.612196 0. 0. 1 ;
LINE L1843_1968_1 DE1843 DE1968 0.245480 2.321952 0. 0. 1 ;
LINE L1843_1968_2 DE1843 DE1968 0.245480 2.321952 0. 0. 1 ;
LINE L1843_1968_3 DE1843 DE1968 0.245480 2.321952 0. 0. 1 ;
TRANSFO T1843_1969_1 DE1843 DE1969 0.138500 3.808800 0. 0. 100. 0. 100.0 1 ;
LINE L1845_1970_1 DE1845 DE1970 0.275804 2.604976 0. 0. 1 ;
LINE L1845_1970_2 DE1845 DE1970 0.275804 2.604976 0. 0. 1 ;
LINE L1846_1971_1 DE1846 DE1971 0.989140 9.365784 0. 0. 1 ;
LINE L1846_1971_2 DE1846 DE1971 0.989140 9.365784 0. 0. 1 ;
LINE L1846_1972_1 DE1846 DE1972 0.335008 3.171024 0. 0. 1 ;
LINE L1846_1972_2 DE1846 DE1972 0.335008 3.171024 0. 0. 1 ;
LINE L1847_1973_1 DE1847 DE1973 0.278692 2.635300 0. 0. 1 ;
LINE L1847_1973_2 DE1847 DE1973 0.278692 2.635300 0. 0. 1 ;
LINE L1847_1973_3 DE1847 DE1973 0.278692 2.635300 0. 0. 1 ;
LINE L1848_1974_1 DE1848 DE1974 1.150868 10.887760 0. 0. 1 ;
LINE L1848_1974_2 DE1848 DE1974 1.150868 10.887760 0. 0. 1 ;
LINE L1849_1975_1 DE1849 DE1975 0.330676 3.132036 0. 0. 1 ;
LINE L1849_1976_1 DE1849 DE1976 0.724888 6.864776 0. 0. 1 ;
LINE L1849_1976_2 DE1849 DE1976 0.724888 6.864776 0. 0. 1 ;
LINE L1850_1977_1 DE1850 DE1977 0.760364 4.343900 0. 0. 1 ;
LINE L1850_1977_2 DE1850 DE1977 0.760364 4.343900 0. 0. 1 ;
LINE L1850_1978_1 DE1850 DE1978 1.033824 5.908188 0. 0. 1 ;
LINE L1850_1978_2 DE1850 DE1978 1.033824 5.908188 0. 0. 1 ;
LINE L1850_1979_1 DE1850 DE1979 10.025576 57.291080 0. 0. 1 ;
LINE L1850_1979_2 DE1850 DE1979 10.025576 57.291080 0. 0. 1 ;
TRANSFO T1853_1962_1 DE1853 DE1962 0.138500 3.808800 0. 0. 100. 0. 100.0 1 ;
LINE L1854_1954_1 DE1854 DE1954 0.147288 1.394904 0. 0. 1 ;
LINE L1855_1956_1 DE1855 DE1956 0.154508 1.464216 0. 0. 1 ;
LINE L1855_1956_2 DE1855 DE1956 0.154508 1.464216 0. 0. 1 ;
LINE L1855_1956_3 DE1855 DE1956 0.154508 1.464216 0. 0. 1 ;
LINE L1855_1980_1 DE1855 DE1980 0.290244 2.749376 0. 0. 1 ;
LINE L1855_1980_2 DE1855 DE1980 0.290244 2.749376 0. 0. 1 ;
LINE L1855_1980_3 DE1855 DE1980 0.290244 2.749376 0. 0. 1 ;
LINE L1856_1981_1 DE1856 DE1981 1.321260 12.500708 0. 0. 1 ;
LINE L1856_1981_2 DE1856 DE1981 1.321260 12.500708 0. 0. 1 ;
LINE L1858_1982_1 DE1858 DE1982 0.475076 4.500948 0. 0. 1 ;
LINE L1858_1982_2 DE1858 DE1982 0.475076 4.500948 0. 0. 1 ;
LINE L1860_1983_1 DE1860 DE1983 0.516952 4.886496 0. 0. 1 ;
LINE L1860_1983_2 DE1860 DE1983 0.516952 4.886496 0. 0. 1 ;
LINE L1860_1984_1 DE1860 DE1984 0.339340 3.207124 0. 0. 1 ;
LINE L1860_1984_2 DE1860 DE1984 0.339340 3.207124 0. 0. 1 ;
LINE L1862_1972_1 DE1862 DE1972 2.834572 26.826632 0. 0. 1 ;
LINE L1862_1972_2 DE1862 DE1972 2.834572 26.826632 0. 0. 1 ;
TRANSFO T1862_1985_1 DE1862 DE1985 0.138500 3.808800 0. 0. 100. 0. 100.0 1 ;
LINE L1864_1986_1 CZ1864 CZ1986 4.984688 47.171148 0. 0. 1 ;
LINE L1864_1987_1 CZ1864 CZ1987 0.651244 6.165880 0. 0. 1 ;
LINE L1865_1988_1 CZ1865 CZ1988 0.535724 5.071328 0. 0. 1 ;
LINE L1865_1989_1 CZ1865 CZ1989 2.069252 19.582084 0. 0. 1 ;
LINE L1868_1990_1 CZ1868 CZ1990 1.673596 15.839236 0. 0. 1 ;
LINE L1868_1991_1 CZ1868 CZ1991 1.960952 18.555400 0. 0. 1 ;
LINE L1868_1992_1 CZ1868 CZ1992 1.016576 9.619928 0. 0. 1 ;
LINE L1868_1992_2 CZ1868 CZ1992 1.016576 9.619928 0. 0. 1 ;
TRANSFO T1868_1993_1 CZ1868 CZ1993 0.138500 3.808800 0. 0. 100. 0. 100.0 1 ;
LINE L1869_1994_1 CZ1869 CZ1994 0.373996 3.542132 0. 0. 1 ;
TRANSFO T1869_1995_1 CZ1869 CZ1995 0.138500 3.808800 0. 0. 100. 0. 100.0 1 ;
LINE L1870_1871_1 CZ1870 CZ1871 1.653344 9.448164 0. 0. 1 ;
LINE L1870_1871_2 CZ1870 CZ1871 1.653344 9.448164 0. 0. 1 ;
LINE L1870_1993_1 CZ1870 CZ1993 4.643496 26.535300 0. 0. 1 ;
LINE L1871_1996_1 CZ1871 CZ1996 0.930732 5.318192 0. 0. 1 ;
LINE L1871_1996_2 CZ1871 CZ1996 0.930732 5.318192 0. 0. 1 ;
LINE L1872_1997_1 CZ1872 CZ1997 1.016400 5.808484 0. 0. 1 ;
LINE L1872_1997_2 CZ1872 CZ1997 1.016400 5.808484 0. 0. 1 ;
LINE L1872_1998_1 CZ1872 CZ1998 1.094324 6.252312 0. 0. 1 ;
LINE L1872_1998_2 CZ1872 CZ1998 1.094324 6.252312 0. 0. 1 ;
LINE L1873_1999_1 CZ1873 CZ1999 0.561716 5.311032 0. 0. 1 ;
LINE L1873_1999_2 CZ1873 CZ1999 0.561716 5.311032 0. 0. 1 ;
LINE L1873_2000_1 CZ1873 CZ2000 1.238952 11.729612 0. 0. 1 ;
LINE L1874_1881_1 CZ1874 CZ1881 3.569016 20.393340 0. 0. 1 ;
LINE L1874_1993_1 CZ1874 CZ1993 5.611012 32.063064 0. 0. 1 ;
LINE L1874_2001_1 CZ1874 CZ2001 1.301960 7.440048 0. 0. 1 ;
LINE L1874_2001_2 CZ1874 CZ2001 1.301960 7.440048 0. 0. 1 ;
LINE L1875_2002_1 HU1875 HU2002 0.568936 5.383232 0. 0. 1 ;
LINE L1875_2003_1 HU1875 HU2003 2.014380 19.059356 0. 0. 1 ;
LINE L1875_2004_1 HU1875 SK2004 0.697452 6.606300 0. 0. 1 ;
LINE L1875_2005_1 HU1875 HU2005 0.466412 4.411420 0. 0. 1 ;
LINE L1875_2005_2 HU1875 HU2005 0.466412 4.411420 0. 0. 1 ;
LINE L1876_2006_1 HU1876 HU2006 2.458236 14.048100 0. 0. 1 ;
LINE L1877_2005_1 AT1877 HU2005 1.537860 14.549744 0. 0. 1 ;
LINE L1877_2005_2 AT1877 HU2005 1.537860 14.549744 0. 0. 1 ;
LINE L1880_1993_1 CZ1880 CZ1993 4.145944 23.690832 0. 0. 1 ;
LINE L1881_2007_1 CZ1881 CZ2007 0.678568 3.878776 0. 0. 1 ;
LINE L1881_2007_2 CZ1881 CZ2007 0.678568 3.878776 0. 0. 1 ;
LINE L1882_2008_1 CZ1882 CZ2008 4.761108 27.206608 0. 0. 1 ;
LINE L1882_2008_2 CZ1882 CZ2008 4.761108 27.206608 0. 0. 1 ;
TRANSFO T1882_2009_1 CZ1882 CZ2009 0.138500 3.808800 0. 0. 100. 0. 100.0 1 ;
LINE L1883_2010_1 SK1883 SK2010 0.579348 3.311528 0. 0. 1 ;
LINE L1883_2010_2 SK1883 SK2010 0.579348 3.311528 0. 0. 1 ;
LINE L1883_2011_1 SK1883 SK2011 3.166812 18.095308 0. 0. 1 ;
LINE L1884_1887_1 CZ1884 CZ1887 1.446888 13.690564 0. 0. 1 ;
LINE L1884_1887_2 CZ1884 CZ1887 1.446888 13.690564 0. 0. 1 ;
LINE L1884_2012_1 CZ1884 SK2012 3.274992 30.991128 0. 0. 1 ;
LINE L1884_2013_1 CZ1884 CZ2013 1.586956 15.020488 0. 0. 1 ;
LINE L1884_2014_1 CZ1884 CZ2014 0.320568 3.033844 0. 0. 1 ;
LINE L1884_2014_2 CZ1884 CZ2014 0.320568 3.033844 0. 0. 1 ;
LINE L1885_1889_1 HR1885 HR1889 0.828856 7.839476 0. 0. 1 ;
LINE L1885_1889_2 HR1885 HR1889 0.828856 7.839476 0. 0. 1 ;
LINE L1885_2015_1 HR1885 HU2015 3.474264 32.879880 0. 0. 1 ;
LINE L1885_2015_2 HR1885 HU2015 3.474264 32.879880 0. 0. 1 ;
LINE L1886_2016_1 HR1886 HR2016 1.850332 10.572496 0. 0. 1 ;
LINE L1886_2017_1 HR1886 BA2017 7.177236 41.012224 0. 0. 1 ;
LINE L1886_2018_1 HR1886 HR2018 7.071240 40.407708 0. 0. 1 ;
LINE L1887_2013_1 CZ1887 CZ2013 1.413676 13.378660 0. 0. 1 ;
LINE L1887_2019_1 CZ1887 CZ2019 3.101712 29.357964 0. 0. 1 ;
LINE L1887_2020_1 CZ1887 CZ2020 0.515508 4.877832 0. 0. 1 ;
LINE L1887_2020_2 CZ1887 CZ2020 0.515508 4.877832 0. 0. 1 ;
LINE L1887_2021_1 CZ1887 CZ2021 0.577600 5.469872 0. 0. 1 ;
LINE L1887_2021_2 CZ1887 CZ2021 0.577600 5.469872 0. 0. 1 ;
LINE L1887_2021_3 CZ1887 CZ2021 0.573268 5.422220 0. 0. 1 ;
LINE L1887_2021_4 CZ1887 CZ2021 0.573268 5.422220 0. 0. 1 ;
LINE L1889_2022_1 HR1889 HR2022 5.054000 47.829612 0. 0. 1 ;
LINE L1890_2023_1 HR1890 BA2023 3.419392 32.355708 0. 0. 1 ;
TRANSFO T1890_2024_1 HR1890 HR2024 0.138500 3.808800 0. 0. 100. 0. 100.0 1 ;
LINE L1892_2018_1 HR1892 HR2018 1.419572 8.110872 0. 0. 1 ;
LINE L1893_2025_1 HR1893 HR2025 2.280124 13.029764 0. 0. 1 ;
LINE L1893_2025_2 HR1893 HR2025 2.280124 13.029764 0. 0. 1 ;
LINE L1894_1896_1 IT1894 IT1896 1.168860 6.678232 0. 0. 1 ;
LINE L1895_2026_1 IT1895 IT2026 1.337144 12.653772 0. 0. 1 ;
LINE L1897_2027_1 IT1897 IT2027 1.202256 6.869896 0. 0. 1 ;
LINE L1897_2027_2 IT1897 IT2027 1.202256 6.869896 0. 0. 1 ;
LINE L1897_2028_1 IT1897 IT2028 5.083936 29.051616 0. 0. 1 ;
LINE L1898_1900_1 IT1898 IT1900 0.880840 8.341988 0. 0. 1 ;
LINE L1899_1900_1 IT1899 IT1900 1.117656 10.583076 0. 0. 1 ;
TRANSFO T1899_2029_1 IT1899 IT2029 0.138500 3.808800 0. 0. 100. 0. 100.0 1 ;
LINE L1900_2030_1 IT1900 IT2030 0.612256 5.797660 0. 0. 1 ;
LINE L1900_2031_1 IT1900 IT2031 1.270720 12.029964 0. 0. 1 ;
TRANSFO T1900_2032_1 IT1900 IT2032 0.138500 3.808800 0. 0. 100. 0. 100.0 1 ;
LINE L1901_2026_1 IT1901 IT2026 2.333504 22.078760 0. 0. 1 ;
LINE L1901_2033_1 IT1901 IT2033 1.520532 14.393792 0. 0. 1 ;
LINE L1901_2034_1 IT1901 IT2034 0.639692 6.057580 0. 0. 1 ;
LINE L1901_2035_1 IT1901 IT2035 2.490900 23.567524 0. 0. 1 ;
LINE L1902_1903_1 IT1902 IT1903 4.277108 24.440064 0. 0. 1 ;
LINE L1902_2028_1 IT1902 IT2028 4.947448 28.270924 0. 0. 1 ;
LINE L1903_2032_1 IT1903 IT2032 1.297604 7.415848 0. 0. 1 ;
LINE L1903_2032_2 IT1903 IT2032 1.297604 7.415848 0. 0. 1 ;
LINE L1903_2036_1 IT1903 IT2036 1.385208 7.915336 0. 0. 1 ;
LINE L1903_2037_1 IT1903 IT2037 0.568216 3.246672 0. 0. 1 ;
LINE L1903_2037_2 IT1903 IT2037 0.568216 3.246672 0. 0. 1 ;
LINE L1904_1905_1 FR1904 FR1905 1.041568 5.951264 0. 0. 1 ;
LINE L1904_2038_1 FR1904 FR2038 3.040488 17.372696 0. 0. 1 ;
LINE L1904_2039_1 FR1904 FR2039 4.289208 24.510244 0. 0. 1 ;
LINE L1907_2039_1 FR1907 FR2039 1.585584 9.059996 0. 0. 1 ;
LINE L1907_2040_1 FR1907 FR2040 2.858020 16.331128 0. 0. 1 ;
LINE L1907_2040_2 FR1907 FR2040 2.858020 16.331128 0. 0. 1 ;
LINE L1907_2041_1 FR1907 FR2041 3.253932 18.592376 0. 0. 1 ;
LINE L1907_2041_2 FR1907 FR2041 3.199724 18.284552 0. 0. 1 ;
LINE L1907_2042_1 FR1907 FR2042 0.935572 5.345780 0. 0. 1 ;
LINE L1907_2042_2 FR1907 FR2042 0.935572 5.345780 0. 0. 1 ;
LINE L1907_2043_1 FR1907 FR2043 0.776336 4.434892 0. 0. 1 ;
LINE L1908_1910_1 FR1908 FR1910 3.917980 22.389356 0. 0. 1 ;
LINE L1908_1911_1 FR1908 FR1911 3.234088 18.480088 0. 0. 1 ;
LINE L1908_2041_1 FR1908 FR2041 3.798432 21.705948 0. 0. 1 ;
LINE L1908_2044_1 FR1908 FR2044 2.487276 14.212660 0. 0. 1 ;
LINE L1910_2045_1 FR1910 FR2045 1.822744 10.416164 0. 0. 1 ;
LINE L1910_2045_2 FR1910 FR2045 1.822744 10.416164 0. 0. 1 ;
LINE L1912_1913_1 ES1912 ES1913 1.120544 10.606180 0. 0. 1 ;
LINE L1912_2046_1 ES1912 ES2046 0.259920 2.463464 0. 0. 1 ;
LINE L1913_2047_1 ES1913 ES2047 0.873620 8.265456 0. 0. 1 ;
LINE L1915_2048_1 ES1915 ES2048 0.474804 2.712336 0. 0. 1 ;
LINE L1917_2049_1 ES1917 ES2049 0.648076 3.703568 0. 0. 1 ;
LINE L1917_2049_2 ES1917 ES2049 0.648076 3.703568 0. 0. 1 ;
LINE L1917_2050_1 ES1917 ES2050 4.481356 25.607472 0. 0. 1 ;
LINE L1917_2051_1 ES1917 ES2051 2.260280 12.915056 0. 0. 1 ;
TRANSFO T1918_1919_1 ES1918 ES1919 0.138500 3.808800 0. 0. 100. 0. 100.0 1 ;
LINE L1918_2052_1 ES1918 ES2052 5.085768 48.135740 0. 0. 1 ;
LINE L1919_2053_1 ES1919 ES2053 10.759320 61.482520 0. 0. 1 ;
LINE L1919_2054_1 ES1919 ES2054 3.336212 19.063308 0. 0. 1 ;
LINE L1919_2055_1 ES1919 ES2055 5.763472 32.933780 0. 0. 1 ;
LINE L1919_2055_2 ES1919 ES2055 5.763472 32.933780 0. 0. 1 ;
LINE L1919_2056_1 ES1919 ES2056 3.470280 19.828996 0. 0. 1 ;
LINE L1920_2048_1 ES1920 ES2048 2.160092 12.343936 0. 0. 1 ;
LINE L1920_2048_2 ES1920 ES2048 2.160092 12.343936 0. 0. 1 ;
LINE L1920_2057_1 ES1920 ES2057 3.566112 20.376400 0. 0. 1 ;
LINE L1920_2057_2 ES1920 ES2057 3.566112 20.376400 0. 0. 1 ;
LINE L1921_2058_1 ES1921 ES2058 4.621232 26.405588 0. 0. 1 ;
LINE L1921_2059_1 ES1921 ES2059 1.477168 8.439508 0. 0. 1 ;
TRANSFO T1922_2060_1 ES1922 ES2060 0.138500 3.808800 0. 0. 100. 0. 100.0 1 ;
LINE L1923_2049_1 ES1923 ES2049 0.284592 1.624788 0. 0. 1 ;
LINE L1923_2049_2 ES1923 ES2049 0.284592 1.624788 0. 0. 1 ;
LINE L1923_2061_1 ES1923 ES2061 1.108360 6.333140 0. 0. 1 ;
LINE L1923_2061_2 ES1923 ES2061 1.108360 6.333140 0. 0. 1 ;
LINE L1924_1925_1 ES1924 ES1925 2.161544 12.350712 0. 0. 1 ;
LINE L1924_1925_2 ES1924 ES1925 2.161544 12.350712 0. 0. 1 ;
LINE L1924_2049_1 ES1924 ES2049 0.950576 5.430964 0. 0. 1 ;
LINE L1924_2049_2 ES1924 ES2049 0.950576 5.430964 0. 0. 1 ;
LINE L1925_2062_1 ES1925 ES2062 0.383328 2.190584 0. 0. 1 ;
LINE L1925_2062_2 ES1925 ES2062 0.383328 2.190584 0. 0. 1 ;
LINE L1926_2053_1 ES1926 ES2053 1.923416 10.990188 0. 0. 1 ;
LINE L1927_2063_1 ES1927 ES2063 2.332880 13.331780 0. 0. 1 ;
LINE L1927_2063_2 ES1927 ES2063 2.332880 13.331780 0. 0. 1 ;
LINE L1927_2064_1 ES1927 ES2064 1.450064 8.285596 0. 0. 1 ;
LINE L1927_2064_2 ES1927 ES2064 1.450064 8.285596 0. 0. 1 ;
LINE L1929_2065_1 ES1929 ES2065 0.464968 4.396980 0. 0. 1 ;
LINE L1929_2065_2 ES1929 ES2065 0.464968 4.396980 0. 0. 1 ;
LINE L1929_2066_1 ES1929 ES2066 0.092416 0.877952 0. 0. 1 ;
LINE L1929_2066_2 ES1929 ES2066 0.092416 0.877952 0. 0. 1 ;
LINE L1930_2067_1 ES1930 ES2067 1.829548 17.309228 0. 0. 1 ;
TRANSFO T1930_2068_1 ES1930 ES2068 0.138500 3.808800 0. 0. 100. 0. 100.0 1 ;
LINE L1933_2046_1 ES1933 ES2046 1.353028 12.801060 0. 0. 1 ;
LINE L1933_2069_1 ES1933 ES2069 0.235372 2.222316 0. 0. 1 ;
LINE L1933_2069_2 ES1933 ES2069 0.235372 2.222316 0. 0. 1 ;
LINE L1934_2070_1 ES1934 ES2070 0.441864 4.184712 0. 0. 1 ;
LINE L1934_2070_2 ES1934 ES2070 0.441864 4.184712 0. 0. 1 ;
LINE L1934_2071_1 ES1934 ES2071 1.735688 16.421168 0. 0. 1 ;
LINE L1934_2072_1 ES1934 ES2072 0.519840 4.912488 0. 0. 1 ;
TRANSFO T1934_2073_1 ES1934 ES2073 0.138500 3.808800 0. 0. 100. 0. 100.0 1 ;
TRANSFO T1935_2074_1 ES1935 ES2074 0.138500 3.808800 0. 0. 100. 0. 100.0 1 ;
TRANSFO T1936_2075_1 ES1936 ES2075 0.138500 3.808800 0. 0. 100. 0. 100.0 1 ;
LINE L1937_2067_1 ES1937 ES2067 0.511176 4.835956 0. 0. 1 ;
LINE L1937_2076_1 ES1937 ES2076 0.075088 0.709004 0. 0. 1 ;
LINE L1937_2076_2 ES1937 ES2076 0.075088 0.709004 0. 0. 1 ;
TRANSFO T1937_2077_1 ES1937 ES2077 0.138500 3.808800 0. 0. 100. 0. 100.0 1 ;
LINE L1938_2078_1 ES1938 ES2078 1.071448 10.141212 0. 0. 1 ;
LINE L1938_2079_1 ES1938 ES2079 0.258476 2.444692 0. 0. 1 ;
LINE L1938_2079_2 ES1938 ES2079 0.258476 2.444692 0. 0. 1 ;
LINE L1939_2080_1 ES1939 ES2080 1.127764 10.668272 0. 0. 1 ;
LINE L1939_2080_2 ES1939 ES2080 1.119100 10.585964 0. 0. 1 ;
LINE L1940_2078_1 ES1940 ES2078 1.852652 17.537380 0. 0. 1 ;
LINE L1940_2080_1 ES1940 ES2080 0.142956 1.350140 0. 0. 1 ;
LINE L1940_2081_1 ES1940 ES2081 4.763756 45.083124 0. 0. 1 ;
LINE L1940_2082_1 ES1940 ES2082 0.112632 1.064228 0. 0. 1 ;
LINE L1940_2083_1 ES1940 ES2083 0.161728 1.529196 0. 0. 1 ;
LINE L1940_2084_1 ES1940 ES2084 0.297464 2.808580 0. 0. 1 ;
LINE L1941_1944_1 ES1941 ES1944 1.971816 11.267036 0. 0. 1 ;
LINE L1941_2085_1 ES1941 ES2085 0.679536 3.883132 0. 0. 1 ;
LINE L1941_2086_1 ES1941 ES2086 1.955360 11.173140 0. 0. 1 ;
LINE L1941_2087_1 ES1941 ES2087 1.294700 7.398424 0. 0. 1 ;
LINE L1942_2087_1 ES1942 ES2087 0.747780 4.271300 0. 0. 1 ;
LINE L1943_2088_1 ES1943 ES2088 0.730840 4.175468 0. 0. 1 ;
LINE L1943_2088_2 ES1943 ES2088 0.730840 4.175468 0. 0. 1 ;
LINE L1944_2089_1 ES1944 ES2089 0.574024 3.279584 0. 0. 1 ;
LINE L1944_2089_2 ES1944 ES2089 0.574024 3.279584 0. 0. 1 ;
LINE L1945_2090_1 ES1945 ES2090 0.449636 2.568104 0. 0. 1 ;
LINE L1945_2091_1 ES1945 ES2091 0.429308 2.452428 0. 0. 1 ;
LINE L1945_2091_2 ES1945 ES2091 0.429308 2.452428 0. 0. 1 ;
LINE L1947_2092_1 ES1947 ES2092 1.732720 9.901672 0. 0. 1 ;
LINE L1947_2093_1 ES1947 ES2093 1.930676 11.031812 0. 0. 1 ;
LINE L1947_2093_2 ES1947 ES2093 1.930676 11.031812 0. 0. 1 ;
LINE L1948_2094_1 ES1948 ES2094 0.581768 3.324596 0. 0. 1 ;
LINE L1948_2095_1 ES1948 ES2095 0.645656 3.689532 0. 0. 1 ;
LINE L1949_2096_1 ES1949 ES2096 1.251140 7.149164 0. 0. 1 ;
LINE L1949_2097_1 ES1949 ES2097 0.757460 4.327928 0. 0. 1 ;
LINE L1949_2097_2 ES1949 ES2097 0.757460 4.327928 0. 0. 1 ;
LINE L1950_2098_1 NL1950 NL2098 0.658464 6.226528 0. 0. 1 ;
LINE L1950_2098_2 NL1950 NL2098 0.658464 6.226528 0. 0. 1 ;
LINE L1950_2098_3 NL1950 NL2098 0.658464 6.226528 0. 0. 1 ;
LINE L1951_1955_1 DE1951 DE1955 0.593484 5.614272 0. 0. 1 ;
LINE L1951_1955_2 DE1951 DE1955 0.593484 5.614272 0. 0. 1 ;
LINE L1951_2099_1 DE1951 DE2099 1.579736 14.952620 0. 0. 1 ;
LINE L1951_2099_2 DE1951 DE2099 1.579736 14.952620 0. 0. 1 ;
TRANSFO T1952_2100_1 NL1952 NL2100 0.138500 3.808800 0. 0. 100. 0. 100.0 1 ;
LINE L1953_2101_1 NL1953 NL2101 1.855656 10.602020 0. 0. 1 ;
LINE L1953_2101_2 NL1953 NL2101 1.855656 10.602020 0. 0. 1 ;
LINE L1953_2102_1 NL1953 NL2102 1.617528 9.243916 0. 0. 1 ;
LINE L1953_2102_2 NL1953 NL2102 1.617528 9.243916 0. 0. 1 ;
LINE L1954_2103_1 DE1954 DE2103 1.114768 10.549864 0. 0. 1 ;
LINE L1957_1959_1 NL1957 NL1959 0.415872 3.937788 0. 0. 1 ;
LINE L1957_1959_2 NL1957 NL1959 0.415872 3.937788 0. 0. 1 ;
LINE L1960_1968_1 DE1960 DE1968 0.482296 4.558708 0. 0. 1 ;
LINE L1960_1968_2 DE1960 DE1968 0.482296 4.558708 0. 0. 1 ;
LINE L1960_1968_3 DE1960 DE1968 0.482296 4.558708 0. 0. 1 ;
LINE L1960_2104_1 DE1960 DE2104 0.610812 5.777444 0. 0. 1 ;
TRANSFO T1960_2105_1 DE1960 DE2105 0.138500 3.808800 0. 0. 100. 0. 100.0 1 ;
LINE L1963_2106_1 DE1963 DE2106 0.680124 6.437352 0. 0. 1 ;
LINE L1963_2106_2 DE1963 DE2106 0.680124 6.437352 0. 0. 1 ;
LINE L1963_2107_1 DE1963 DE2107 2.203544 20.858580 0. 0. 1 ;
LINE L1963_2107_2 DE1963 DE2107 2.203544 20.858580 0. 0. 1 ;
LINE L1963_2108_1 DE1963 DE2108 0.892392 8.451732 0. 0. 1 ;
LINE L1963_2108_2 DE1963 DE2108 0.892392 8.451732 0. 0. 1 ;
TRANSFO T1963_2109_1 DE1963 DE2109 0.138500 3.808800 0. 0. 100. 0. 100.0 1 ;
TRANSFO T1964_2110_1 DE1964 DE2110 0.138500 3.808800 0. 0. 100. 0. 100.0 1 ;
TRANSFO T1965_2111_1 DE1965 DE2111 0.138500 3.808800 0. 0. 100. 0. 100.0 1 ;
LINE L1966_2106_1 DE1966 DE2106 1.026684 9.712344 0. 0. 1 ;
LINE L1966_2106_2 DE1966 DE2106 1.026684 9.712344 0. 0. 1 ;
LINE L1967_1968_1 DE1967 DE1968 0.179056 1.695256 0. 0. 1 ;
LINE L1967_1968_2 DE1967 DE1968 0.179056 1.695256 0. 0. 1 ;
LINE L1967_1968_3 DE1967 DE1968 0.179056 1.695256 0. 0. 1 ;
TRANSFO T1967_2112_1 DE1967 DE2112 0.138500 3.808800 0. 0. 100. 0. 100.0 1 ;
LINE L1969_2113_1 DE1969 DE2113 1.844524 10.541036 0. 0. 1 ;
LINE L1969_2113_2 DE1969 DE2113 1.844524 10.541036 0. 0. 1 ;
LINE L1971_2114_1 DE1971 DE2114 0.519840 4.915376 0. 0. 1 ;
LINE L1971_2114_2 DE1971 DE2114 0.519840 4.915376 0. 0. 1 ;
LINE L1972_2115_1 DE1972 DE2115 1.672152 15.820464 0. 0. 1 ;
LINE L1972_2115_2 DE1972 DE2115 1.672152 15.820464 0. 0. 1 ;
TRANSFO T1972_2116_1 DE1972 DE2116 0.138500 3.808800 0. 0. 100. 0. 100.0 1 ;
LINE L1974_2117_1 DE1974 DE2117 1.002136 9.479860 0. 0. 1 ;
LINE L1974_2117_2 DE1974 DE2117 1.002136 9.479860 0. 0. 1 ;
LINE L1974_2118_1 DE1974 DE2118 0.296020 2.805692 0. 0. 1 ;
LINE L1974_2118_2 DE1974 DE2118 0.296020 2.805692 0. 0. 1 ;
LINE L1976_2119_1 DE1976 DE2119 0.915496 8.668332 0. 0. 1 ;
LINE L1976_2119_2 DE1976 DE2119 0.915496 8.668332 0. 0. 1 ;
LINE L1979_2120_1 DE1979 DE2120 1.360040 7.770620 0. 0. 1 ;
LINE L1979_2120_2 DE1979 DE2120 1.360040 7.770620 0. 0. 1 ;
LINE L1981_2121_1 DE1981 PL2121 0.586264 5.549292 0. 0. 1 ;
LINE L1981_2121_2 DE1981 PL2121 0.586264 5.549292 0. 0. 1 ;
LINE L1983_2122_1 DE1983 DE2122 1.054120 9.979484 0. 0. 1 ;
LINE L1983_2122_2 DE1983 DE2122 1.054120 9.979484 0. 0. 1 ;
LINE L1983_2123_1 DE1983 DE2123 0.187720 1.780452 0. 0. 1 ;
LINE L1983_2123_2 DE1983 DE2123 0.187720 1.780452 0. 0. 1 ;
LINE L1985_2124_1 DE1985 DE2124 2.349820 13.428580 0. 0. 1 ;
LINE L1985_2124_2 DE1985 DE2124 2.349820 13.428580 0. 0. 1 ;
LINE L1986_2013_1 CZ1986 CZ2013 1.503204 14.232064 0. 0. 1 ;
LINE L1986_2125_1 CZ1986 CZ2125 0.408652 3.871364 0. 0. 1 ;
LINE L1986_2125_2 CZ1986 CZ2125 0.408652 3.871364 0. 0. 1 ;
LINE L1987_2009_1 CZ1987 CZ2009 7.680636 72.688072 0. 0. 1 ;
LINE L1987_2126_1 CZ1987 CZ2126 0.353780 3.352968 0. 0. 1 ;
LINE L1987_2126_2 CZ1987 CZ2126 0.353780 3.352968 0. 0. 1 ;
LINE L1989_1991_1 CZ1989 CZ1991 0.283024 2.674288 0. 0. 1 ;
LINE L1989_1991_2 CZ1989 CZ1991 0.283024 2.674288 0. 0. 1 ;
LINE L1989_2127_1 CZ1989 CZ2127 1.077224 10.196084 0. 0. 1 ;
LINE L1990_1999_1 CZ1990 CZ1999 2.538552 24.019496 0. 0. 1 ;
LINE L1990_1999_2 CZ1990 CZ1999 2.538552 24.019496 0. 0. 1 ;
LINE L1990_2126_1 CZ1990 CZ2126 0.395656 3.745736 0. 0. 1 ;
LINE L1990_2126_2 CZ1990 CZ2126 0.395656 3.745736 0. 0. 1 ;
TRANSFO T1991_2128_1 CZ1991 CZ2128 0.138500 3.808800 0. 0. 100. 0. 100.0 1 ;
LINE L1992_2129_1 CZ1992 CZ2129 2.978972 28.194100 0. 0. 1 ;
LINE L1992_2130_1 CZ1992 CZ2130 0.355224 3.367408 0. 0. 1 ;
LINE L1992_2130_2 CZ1992 CZ2130 0.355224 3.367408 0. 0. 1 ;
LINE L1993_2128_1 CZ1993 CZ2128 4.340996 24.805000 0. 0. 1 ;
LINE L1993_2131_1 CZ1993 CZ2131 1.636888 9.353784 0. 0. 1 ;
LINE L1993_2131_2 CZ1993 CZ2131 1.636888 9.353784 0. 0. 1 ;
LINE L1995_2128_1 CZ1995 CZ2128 6.595952 37.691500 0. 0. 1 ;
LINE L1999_2019_1 CZ1999 CZ2019 1.129208 10.688488 0. 0. 1 ;
LINE L1999_2132_1 CZ1999 CZ2132 0.450528 4.262688 0. 0. 1 ;
LINE L1999_2132_2 CZ1999 CZ2132 0.450528 4.262688 0. 0. 1 ;
LINE L2000_2019_1 CZ2000 CZ2019 0.980476 9.274812 0. 0. 1 ;
LINE L2000_2019_2 CZ2000 CZ2019 0.980476 9.274812 0. 0. 1 ;
LINE L2002_2133_1 HU2002 HU2133 1.224512 11.590988 0. 0. 1 ;
LINE L2002_2134_1 HU2002 HU2134 0.301796 2.856232 0. 0. 1 ;
LINE L2002_2134_2 HU2002 HU2134 0.301796 2.856232 0. 0. 1 ;
LINE L2003_2015_1 HU2003 HU2015 2.391264 22.624592 0. 0. 1 ;
LINE L2003_2135_1 HU2003 HU2135 2.282964 21.612348 0. 0. 1 ;
LINE L2003_2136_1 HU2003 HU2136 1.283716 12.152704 0. 0. 1 ;
LINE L2004_2137_1 SK2004 SK2137 1.428116 13.508620 0. 0. 1 ;
LINE L2004_2138_1 SK2004 SK2138 1.846876 17.482508 0. 0. 1 ;
LINE L2004_2138_2 SK2004 SK2138 1.846876 17.482508 0. 0. 1 ;
LINE L2005_2139_1 HU2005 HU2139 2.743600 25.968896 0. 0. 1 ;
LINE L2005_2139_2 HU2005 HU2139 2.743600 25.968896 0. 0. 1 ;
LINE L2006_2140_1 HU2006 HU2140 2.949496 16.853848 0. 0. 1 ;
LINE L2006_2140_2 HU2006 HU2140 2.949496 16.853848 0. 0. 1 ;
LINE L2006_2141_1 HU2006 HU2141 1.255012 7.169976 0. 0. 1 ;
LINE L2006_2141_2 HU2006 HU2141 1.255012 7.169976 0. 0. 1 ;
LINE L2006_2142_1 HU2006 HU2142 2.229788 12.742752 0. 0. 1 ;
LINE L2006_2142_2 HU2006 HU2142 2.229788 12.742752 0. 0. 1 ;
LINE L2006_2143_1 HU2006 HU2143 0.938960 5.364172 0. 0. 1 ;
LINE L2006_2143_2 HU2006 HU2143 0.938960 5.364172 0. 0. 1 ;
LINE L2008_2144_1 CZ2008 PL2144 2.650868 15.149200 0. 0. 1 ;
LINE L2008_2144_2 CZ2008 PL2144 2.650868 15.149200 0. 0. 1 ;
LINE L2008_2145_1 CZ2008 SK2145 7.855804 44.889548 0. 0. 1 ;
LINE L2009_2129_1 CZ2009 CZ2129 2.255528 21.342320 0. 0. 1 ;
LINE L2009_2146_1 CZ2009 CZ2146 2.488012 23.541532 0. 0. 1 ;
LINE L2009_2147_1 CZ2009 CZ2147 0.531392 5.023676 0. 0. 1 ;
TRANSFO T2011_2012_1 SK2011 SK2012 0.138500 3.808800 0. 0. 100. 0. 100.0 1 ;
LINE L2011_2145_1 SK2011 SK2145 4.224352 24.138048 0. 0. 1 ;
LINE L2011_2148_1 SK2011 SK2148 1.267112 7.240156 0. 0. 1 ;
LINE L2011_2149_1 SK2011 SK2149 1.254044 7.164168 0. 0. 1 ;
LINE L2012_2137_1 SK2012 SK2137 1.227400 11.621312 0. 0. 1 ;
LINE L2012_2150_1 SK2012 SK2150 1.280828 12.115160 0. 0. 1 ;
LINE L2012_2151_1 SK2012 SK2151 0.418760 3.956560 0. 0. 1 ;
LINE L2012_2151_2 SK2012 SK2151 0.418760 3.956560 0. 0. 1 ;
LINE L2012_2152_1 SK2012 SK2152 0.531392 5.026564 0. 0. 1 ;
LINE L2014_2147_1 CZ2014 CZ2147 1.714028 16.214676 0. 0. 1 ;
LINE L2014_2153_1 CZ2014 SK2153 2.158780 20.426824 0. 0. 1 ;
LINE L2015_2139_1 HU2015 HU2139 2.183328 20.663640 0. 0. 1 ;
LINE L2015_2139_2 HU2015 HU2139 2.183328 20.663640 0. 0. 1 ;
LINE L2015_2154_1 HU2015 HU2154 2.524112 23.888092 0. 0. 1 ;
LINE L2016_2155_1 HR2016 HR2155 1.526536 8.723616 0. 0. 1 ;
LINE L2017_2155_1 BA2017 HR2155 3.914108 22.365640 0. 0. 1 ;
LINE L2017_2156_1 BA2017 BA2156 9.418640 53.820800 0. 0. 1 ;
LINE L2017_2157_1 BA2017 BA2157 6.058712 34.620036 0. 0. 1 ;
LINE L2017_2158_1 BA2017 BA2158 4.431988 25.325300 0. 0. 1 ;
LINE L2018_2024_1 HR2018 HR2024 11.114092 63.505640 0. 0. 1 ;
LINE L2022_2159_1 HR2022 HU2159 2.545772 24.096028 0. 0. 1 ;
LINE L2022_2159_2 HR2022 HU2159 2.545772 24.096028 0. 0. 1 ;
LINE L2022_2160_1 HR2022 RS2160 2.869228 27.155864 0. 0. 1 ;
LINE L2022_2161_1 HR2022 BA2161 2.102464 19.896876 0. 0. 1 ;
LINE L2023_2162_1 BA2023 BA2162 1.813664 17.164828 0. 0. 1 ;
LINE L2023_2163_1 BA2023 BA2163 1.605728 15.193768 0. 0. 1 ;
TRANSFO T2023_2164_1 BA2023 BA2164 0.138500 3.808800 0. 0. 100. 0. 100.0 1 ;
LINE L2024_2165_1 HR2024 HR2165 1.472812 8.415308 0. 0. 1 ;
LINE L2024_2165_2 HR2024 HR2165 1.472812 8.415308 0. 0. 1 ;
LINE L2024_2166_1 HR2024 HR2166 2.626184 15.005936 0. 0. 1 ;
LINE L2024_2166_2 HR2024 HR2166 2.626184 15.005936 0. 0. 1 ;
LINE L2024_2167_1 HR2024 HR2167 1.882276 10.754480 0. 0. 1 ;
LINE L2026_2168_1 IT2026 IT2168 0.415872 3.930568 0. 0. 1 ;
LINE L2029_2037_1 IT2029 IT2037 1.014464 5.797836 0. 0. 1 ;
LINE L2029_2037_2 IT2029 IT2037 1.014464 5.797836 0. 0. 1 ;
LINE L2030_2169_1 IT2030 IT2169 0.776872 7.345628 0. 0. 1 ;
LINE L2030_2170_1 IT2030 IT2170 0.440420 4.170272 0. 0. 1 ;
LINE L2031_2171_1 IT2031 IT2171 0.940044 8.892152 0. 0. 1 ;
LINE L2032_2036_1 IT2032 IT2036 1.467004 8.382880 0. 0. 1 ;
LINE L2032_2172_1 IT2032 IT2172 1.155792 6.604180 0. 0. 1 ;
LINE L2033_2173_1 IT2033 IT2173 4.681448 44.309140 0. 0. 1 ;
LINE L2035_2174_1 IT2035 IT2174 0.402876 3.806384 0. 0. 1 ;
LINE L2036_2175_1 IT2036 IT2175 1.016884 5.811388 0. 0. 1 ;
LINE L2039_2176_1 FR2039 FR2176 1.458776 8.334964 0. 0. 1 ;
LINE L2040_2043_1 FR2040 FR2043 1.093840 6.249892 0. 0. 1 ;
LINE L2041_2044_1 FR2041 FR2044 1.344552 7.682048 0. 0. 1 ;
LINE L2044_2177_1 FR2044 FR2177 0.414304 2.366760 0. 0. 1 ;
LINE L2046_2069_1 ES2046 ES2069 1.345808 12.741856 0. 0. 1 ;
LINE L2046_2069_2 ES2046 ES2069 1.345808 12.741856 0. 0. 1 ;
LINE L2046_2178_1 ES2046 ES2178 0.690232 6.529768 0. 0. 1 ;
LINE L2046_2178_2 ES2046 ES2178 0.743660 7.043832 0. 0. 1 ;
LINE L2046_2178_3 ES2046 ES2178 0.727776 6.892212 0. 0. 1 ;
LINE L2046_2178_4 ES2046 ES2178 0.727776 6.892212 0. 0. 1 ;
LINE L2046_2179_1 ES2046 ES2179 1.367468 12.942572 0. 0. 1 ;
TRANSFO T2046_2180_1 ES2046 ES2180 0.138500 3.808800 0. 0. 100. 0. 100.0 1 ;
LINE L2047_2179_1 ES2047 ES2179 0.558828 5.286484 0. 0. 1 ;
LINE L2047_2181_1 ES2047 ES2181 1.582624 14.977168 0. 0. 1 ;
LINE L2047_2182_1 ES2047 ES2182 0.737884 6.984628 0. 0. 1 ;
LINE L2047_2183_1 ES2047 ES2183 1.212960 11.479800 0. 0. 1 ;
TRANSFO T2047_2184_1 ES2047 ES2184 0.138500 3.808800 0. 0. 100. 0. 100.0 1 ;
LINE L2049_2185_1 ES2049 ES2185 2.325620 13.288704 0. 0. 1 ;
LINE L2049_2185_2 ES2049 ES2185 2.325620 13.288704 0. 0. 1 ;
LINE L2050_2094_1 ES2050 ES2094 0.399784 2.283028 0. 0. 1 ;
LINE L2050_2186_1 ES2050 ES2186 0.842160 4.812412 0. 0. 1 ;
LINE L2051_2187_1 ES2051 ES2187 1.503788 8.591968 0. 0. 1 ;
LINE L2051_2188_1 ES2051 ES2188 2.229304 12.739848 0. 0. 1 ;
LINE L2052_2189_1 ES2052 ES2189 6.092236 57.657476 0. 0. 1 ;
LINE L2053_2190_1 ES2053 ES2190 2.727340 15.585768 0. 0. 1 ;
LINE L2054_2191_1 ES2054 ES2191 1.144660 6.539324 0. 0. 1 ;
LINE L2054_2192_1 ES2054 ES2192 2.241888 12.811964 0. 0. 1 ;
LINE L2054_2193_1 ES2054 ES2193 0.940896 5.376756 0. 0. 1 ;
LINE L2054_2193_2 ES2054 ES2193 0.940896 5.376756 0. 0. 1 ;
LINE L2054_2194_1 ES2054 ES2194 1.547832 8.843648 0. 0. 1 ;
LINE L2054_2194_2 ES2054 ES2194 1.547832 8.843648 0. 0. 1 ;
LINE L2054_2195_1 ES2054 ES2195 1.368268 7.817568 0. 0. 1 ;
LINE L2055_2093_1 ES2055 ES2093 2.570040 14.686496 0. 0. 1 ;
LINE L2055_2093_2 ES2055 ES2093 2.570040 14.686496 0. 0. 1 ;
LINE L2055_2191_1 ES2055 ES2191 1.459744 8.341256 0. 0. 1 ;
LINE L2056_2196_1 ES2056 ES2196 0.604516 3.452856 0. 0. 1 ;
LINE L2057_2197_1 ES2057 ES2197 0.688732 3.936856 0. 0. 1 ;
LINE L2057_2198_1 ES2057 ES2198 1.723524 9.849400 0. 0. 1 ;
LINE L2059_2060_1 ES2059 ES2060 0.830544 4.746588 0. 0. 1 ;
LINE L2059_2060_2 ES2059 ES2060 0.830544 4.746588 0. 0. 1 ;
LINE L2059_2190_1 ES2059 ES2190 0.364936 2.084588 0. 0. 1 ;
LINE L2063_2064_1 ES2063 ES2064 0.883300 5.046184 0. 0. 1 ;
LINE L2063_2064_2 ES2063 ES2064 0.883300 5.046184 0. 0. 1 ;
LINE L2063_2199_1 ES2063 ES2199 3.518680 20.106812 0. 0. 1 ;
LINE L2063_2199_2 ES2063 ES2199 3.518680 20.106812 0. 0. 1 ;
LINE L2063_2199_3 ES2063 ES2199 3.499320 19.995008 0. 0. 1 ;
LINE L2063_2199_4 ES2063 ES2199 3.499320 19.995008 0. 0. 1 ;
LINE L2064_2200_1 ES2064 ES2200 0.970420 5.546156 0. 0. 1 ;
LINE L2064_2200_2 ES2064 ES2200 0.970420 5.546156 0. 0. 1 ;
LINE L2065_2066_1 ES2065 ES2066 0.424536 4.021540 0. 0. 1 ;
LINE L2065_2066_2 ES2065 ES2066 0.424536 4.021540 0. 0. 1 ;
LINE L2065_2069_1 ES2065 ES2069 1.920520 18.168408 0. 0. 1 ;
LINE L2065_2069_2 ES2065 ES2069 1.920520 18.168408 0. 0. 1 ;
LINE L2066_2201_1 ES2066 ES2201 0.137180 1.302488 0. 0. 1 ;
LINE L2066_2201_2 ES2066 ES2201 0.137180 1.302488 0. 0. 1 ;
LINE L2067_2202_1 ES2067 ES2202 0.693120 6.564424 0. 0. 1 ;
LINE L2067_2202_2 ES2067 ES2202 0.693120 6.564424 0. 0. 1 ;
LINE L2068_2191_1 ES2068 ES2191 0.811184 4.635268 0. 0. 1 ;
LINE L2068_2191_2 ES2068 ES2191 0.811184 4.635268 0. 0. 1 ;
LINE L2068_2195_1 ES2068 ES2195 1.630112 9.315064 0. 0. 1 ;
LINE L2068_2195_2 ES2068 ES2195 1.630112 9.315064 0. 0. 1 ;
LINE L2069_2203_1 ES2069 ES2203 1.045456 9.897176 0. 0. 1 ;
LINE L2069_2203_2 ES2069 ES2203 1.045456 9.897176 0. 0. 1 ;
LINE L2070_2204_1 ES2070 ES2204 0.373996 3.543576 0. 0. 1 ;
LINE L2070_2204_2 ES2070 ES2204 0.373996 3.543576 0. 0. 1 ;
LINE L2070_2205_1 ES2070 ES2205 0.456304 4.320448 0. 0. 1 ;
LINE L2070_2205_2 ES2070 ES2205 0.456304 4.320448 0. 0. 1 ;
LINE L2071_2078_1 ES2071 ES2078 1.563852 14.803888 0. 0. 1 ;
LINE L2071_2206_1 ES2071 ES2206 0.245480 2.329172 0. 0. 1 ;
LINE L2072_2207_1 ES2072 ES2207 0.180500 1.702476 0. 0. 1 ;
LINE L2073_2074_1 ES2073 ES2074 2.472756 14.128444 0. 0. 1 ;
LINE L2073_2208_1 ES2073 ES2208 0.352352 2.012472 0. 0. 1 ;
LINE L2073_2209_1 ES2073 ES2209 1.346972 7.696568 0. 0. 1 ;
LINE L2073_2209_2 ES2073 ES2209 1.346972 7.696568 0. 0. 1 ;
LINE L2073_2210_1 ES2073 ES2210 2.106852 12.039500 0. 0. 1 ;
LINE L2073_2211_1 ES2073 ES2211 0.436568 2.495988 0. 0. 1 ;
LINE L2073_2212_1 ES2073 ES2212 2.096204 11.979484 0. 0. 1 ;
LINE L2073_2213_1 ES2073 ES2213 0.655336 3.744224 0. 0. 1 ;
LINE L2073_2214_1 ES2073 ES2214 1.022692 5.844300 0. 0. 1 ;
LINE L2073_2215_1 ES2073 ES2215 2.057968 11.759264 0. 0. 1 ;
LINE L2074_2215_1 ES2074 ES2215 1.109328 6.338464 0. 0. 1 ;
LINE L2075_2086_1 ES2075 ES2086 1.156276 6.607084 0. 0. 1 ;
LINE L2075_2216_1 ES2075 ES2216 5.111040 29.205044 0. 0. 1 ;
LINE L2076_2217_1 ES2076 ES2217 0.405764 3.835264 0. 0. 1 ;
LINE L2076_2217_2 ES2076 ES2217 0.405764 3.835264 0. 0. 1 ;
LINE L2077_2218_1 ES2077 ES2218 0.791824 4.525400 0. 0. 1 ;
LINE L2077_2218_2 ES2077 ES2218 0.791824 4.525400 0. 0. 1 ;
LINE L2077_2219_1 ES2077 ES2219 0.178112 1.017368 0. 0. 1 ;
LINE L2077_2220_1 ES2077 ES2220 2.623280 14.989964 0. 0. 1 ;
LINE L2077_2221_1 ES2077 ES2221 1.127236 6.442040 0. 0. 1 ;
LINE L2077_2222_1 ES2077 ES2222 1.996984 11.409816 0. 0. 1 ;
LINE L2078_2223_1 ES2078 ES2223 3.218676 30.456848 0. 0. 1 ;
LINE L2078_2224_1 ES2078 ES2224 1.497428 14.168528 0. 0. 1 ;
LINE L2078_2225_1 ES2078 ES2225 5.406336 51.172472 0. 0. 1 ;
TRANSFO T2078_2226_1 ES2078 ES2226 0.138500 3.808800 0. 0. 100. 0. 100.0 1 ;
LINE L2081_2082_1 ES2081 ES2082 4.654012 44.050664 0. 0. 1 ;
LINE L2081_2084_1 ES2081 ES2084 4.434524 41.974192 0. 0. 1 ;
LINE L2081_2084_2 ES2081 ES2084 4.438856 42.003072 0. 0. 1 ;
LINE L2081_2227_1 ES2081 ES2227 2.742156 25.958788 0. 0. 1 ;
LINE L2081_2228_1 ES2081 ES2228 0.580488 5.487200 0. 0. 1 ;
TRANSFO T2081_2229_1 ES2081 ES2229 0.138500 3.808800 0. 0. 100. 0. 100.0 1 ;
LINE L2082_2189_1 ES2082 ES2189 1.220180 11.550556 0. 0. 1 ;
LINE L2082_2189_2 ES2082 ES2189 1.223068 11.573660 0. 0. 1 ;
LINE L2083_2230_1 ES2083 ES2230 4.385428 41.502004 0. 0. 1 ;
LINE L2083_2230_2 ES2083 ES2230 4.381096 41.457240 0. 0. 1 ;
LINE L2085_2231_1 ES2085 ES2231 0.589028 3.364284 0. 0. 1 ;
LINE L2085_2231_2 ES2085 ES2231 0.589028 3.364284 0. 0. 1 ;
LINE L2085_2232_1 ES2085 ES2232 1.544928 8.828644 0. 0. 1 ;
LINE L2086_2233_1 ES2086 ES2233 2.201716 12.580612 0. 0. 1 ;
LINE L2086_2234_1 ES2086 ES2234 4.240324 24.231460 0. 0. 1 ;
LINE L2087_2210_1 ES2087 ES2210 0.727936 4.159496 0. 0. 1 ;
LINE L2090_2091_1 ES2090 ES2091 0.503360 2.877380 0. 0. 1 ;
LINE L2090_2091_2 ES2090 ES2091 0.503360 2.877380 0. 0. 1 ;
LINE L2090_2235_1 ES2090 ES2235 1.133528 6.476404 0. 0. 1 ;
LINE L2090_2236_1 ES2090 ES2236 0.866844 4.953256 0. 0. 1 ;
LINE L2090_2236_2 ES2090 ES2236 0.866844 4.953256 0. 0. 1 ;
LINE L2091_2096_1 ES2091 ES2096 0.608388 3.475604 0. 0. 1 ;
LINE L2091_2096_2 ES2091 ES2096 0.608388 3.475604 0. 0. 1 ;
LINE L2093_2237_1 ES2093 ES2237 0.603064 3.446564 0. 0. 1 ;
LINE L2093_2238_1 ES2093 ES2238 0.692120 3.955732 0. 0. 1 ;
LINE L2093_2239_1 ES2093 ES2239 0.444796 2.540516 0. 0. 1 ;
TRANSFO T2098_2240_1 NL2098 NL2240 0.138500 3.808800 0. 0. 100. 0. 100.0 1 ;
LINE L2099_2241_1 DE2099 DE2241 0.529948 5.019344 0. 0. 1 ;
LINE L2099_2241_2 DE2099 DE2241 0.529948 5.019344 0. 0. 1 ;
LINE L2099_2242_1 DE2099 DE2242 0.841852 7.972324 0. 0. 1 ;
LINE L2099_2242_2 DE2099 DE2242 0.841852 7.972324 0. 0. 1 ;
TRANSFO T2099_2243_1 DE2099 DE2243 0.138500 3.808800 0. 0. 100. 0. 100.0 1 ;
LINE L2100_2240_1 NL2100 NL2240 0.521752 2.981924 0. 0. 1 ;
LINE L2100_2240_2 NL2100 NL2240 0.521752 2.981924 0. 0. 1 ;
LINE L2101_2244_1 NL2101 NL2244 4.066084 23.233452 0. 0. 1 ;
LINE L2101_2244_2 NL2101 NL2244 4.066084 23.233452 0. 0. 1 ;
LINE L2102_2245_1 NL2102 NL2245 1.491688 8.524208 0. 0. 1 ;
LINE L2102_2245_2 NL2102 NL2245 1.491688 8.524208 0. 0. 1 ;
LINE L2103_2246_1 DE2103 DE2246 0.802864 7.595440 0. 0. 1 ;
LINE L2103_2246_2 DE2103 DE2246 0.802864 7.595440 0. 0. 1 ;
LINE L2103_2247_1 DE2103 DE2247 0.545832 5.168076 0. 0. 1 ;
LINE L2103_2247_2 DE2103 DE2247 0.545832 5.168076 0. 0. 1 ;
LINE L2104_2248_1 DE2104 DE2248 0.681568 6.456124 0. 0. 1 ;
TRANSFO T2104_2249_1 DE2104 DE2249 0.138500 3.808800 0. 0. 100. 0. 100.0 1 ;
LINE L2105_2250_1 DE2105 DE2250 0.428340 2.446136 0. 0. 1 ;
LINE L2105_2251_1 DE2105 DE2251 0.522236 2.983376 0. 0. 1 ;
LINE L2107_2252_1 DE2107 DE2252 1.275052 12.060288 0. 0. 1 ;
LINE L2107_2252_2 DE2107 DE2252 1.275052 12.060288 0. 0. 1 ;
TRANSFO T2107_2253_1 DE2107 DE2253 0.138500 3.808800 0. 0. 100. 0. 100.0 1 ;
LINE L2108_2254_1 DE2108 DE2254 1.018020 9.627148 0. 0. 1 ;
LINE L2108_2254_2 DE2108 DE2254 1.018020 9.627148 0. 0. 1 ;
LINE L2109_2255_1 DE2109 DE2255 4.687056 26.783108 0. 0. 1 ;
LINE L2109_2255_2 DE2109 DE2255 4.687056 26.783108 0. 0. 1 ;
LINE L2109_2256_1 DE2109 DE2256 2.683296 15.333120 0. 0. 1 ;
LINE L2109_2256_2 DE2109 DE2256 2.683296 15.333120 0. 0. 1 ;
LINE L2110_2257_1 DE2110 DE2257 0.638396 3.648876 0. 0. 1 ;
LINE L2110_2257_2 DE2110 DE2257 0.638396 3.648876 0. 0. 1 ;
LINE L2111_2258_1 DE2111 DE2258 1.329064 7.593960 0. 0. 1 ;
LINE L2111_2258_2 DE2111 DE2258 1.329064 7.593960 0. 0. 1 ;
LINE L2112_2258_1 DE2112 DE2258 1.683352 9.619016 0. 0. 1 ;
LINE L2112_2258_2 DE2112 DE2258 1.683352 9.619016 0. 0. 1 ;
LINE L2113_2258_1 DE2113 DE2258 0.662596 3.786816 0. 0. 1 ;
LINE L2113_2258_2 DE2113 DE2258 0.662596 3.786816 0. 0. 1 ;
LINE L2113_2259_1 DE2113 DE2259 0.595320 3.401068 0. 0. 1 ;
LINE L2113_2259_2 DE2113 DE2259 0.595320 3.401068 0. 0. 1 ;
LINE L2114_2260_1 DE2114 DE2260 0.261364 2.472128 0. 0. 1 ;
LINE L2114_2260_2 DE2114 DE2260 0.261364 2.472128 0. 0. 1 ;
LINE L2114_2261_1 DE2114 DE2261 0.265696 2.516892 0. 0. 1 ;
LINE L2114_2261_2 DE2114 DE2261 0.265696 2.516892 0. 0. 1 ;
TRANSFO T2115_2262_1 DE2115 DE2262 0.138500 3.808800 0. 0. 100. 0. 100.0 1 ;
LINE L2116_2263_1 DE2116 DE2263 3.101956 17.724564 0. 0. 1 ;
LINE L2116_2263_2 DE2116 DE2263 3.101956 17.724564 0. 0. 1 ;
LINE L2116_2264_1 DE2116 DE2264 2.309648 13.198196 0. 0. 1 ;
LINE L2116_2264_2 DE2116 DE2264 2.309648 13.198196 0. 0. 1 ;
LINE L2117_2265_1 DE2117 DE2265 0.255588 2.418700 0. 0. 1 ;
LINE L2117_2266_1 DE2117 DE2266 0.144400 1.364580 0. 0. 1 ;
LINE L2117_2266_2 DE2117 DE2266 0.144400 1.364580 0. 0. 1 ;
TRANSFO T2119_2257_1 DE2119 DE2257 0.138500 3.808800 0. 0. 100. 0. 100.0 1 ;
LINE L2119_2267_1 DE2119 DE2267 2.449024 23.170424 0. 0. 1 ;
LINE L2119_2267_2 DE2119 DE2267 2.449024 23.170424 0. 0. 1 ;
LINE L2120_2268_1 DE2120 DE2268 4.794504 27.396336 0. 0. 1 ;
LINE L2120_2268_2 DE2120 DE2268 4.794504 27.396336 0. 0. 1 ;
TRANSFO T2120_2269_1 DE2120 DE2269 0.138500 3.808800 0. 0. 100. 0. 100.0 1 ;
LINE L2120_2270_1 DE2120 DE2270 2.146540 12.264560 0. 0. 1 ;
LINE L2120_2270_2 DE2120 DE2270 2.146540 12.264560 0. 0. 1 ;
LINE L2121_2271_1 PL2121 PL2271 3.895912 36.866764 0. 0. 1 ;
LINE L2121_2271_2 PL2121 PL2271 3.895912 36.866764 0. 0. 1 ;
LINE L2121_2271_3 PL2121 PL2271 3.903132 36.933188 0. 0. 1 ;
TRANSFO T2121_2272_1 PL2121 PL2272 0.138500 3.808800 0. 0. 100. 0. 100.0 1 ;
LINE L2122_2273_1 DE2122 DE2273 1.289492 12.203244 0. 0. 1 ;
LINE L2122_2273_2 DE2122 DE2273 1.289492 12.203244 0. 0. 1 ;
LINE L2122_2274_1 DE2122 DE2274 0.501068 4.742096 0. 0. 1 ;
LINE L2122_2274_2 DE2122 DE2274 0.501068 4.742096 0. 0. 1 ;
TRANSFO T2122_2275_1 DE2122 DE2275 0.138500 3.808800 0. 0. 100. 0. 100.0 1 ;
LINE L2127_2276_1 CZ2127 CZ2276 2.574652 24.370388 0. 0. 1 ;
LINE L2129_2276_1 CZ2129 CZ2276 0.314792 2.981860 0. 0. 1 ;
LINE L2129_2276_2 CZ2129 CZ2276 0.314792 2.981860 0. 0. 1 ;
LINE L2133_2136_1 HU2133 HU2136 0.921272 8.713096 0. 0. 1 ;
LINE L2133_2136_2 HU2133 HU2136 0.921272 8.713096 0. 0. 1 ;
LINE L2133_2277_1 HU2133 HU2277 0.280136 2.649740 0. 0. 1 ;
LINE L2133_2277_2 HU2133 HU2277 0.280136 2.649740 0. 0. 1 ;
LINE L2135_2154_1 HU2135 HU2154 2.034596 19.258628 0. 0. 1 ;
LINE L2135_2159_1 HU2135 HU2159 1.805000 17.078188 0. 0. 1 ;
LINE L2135_2159_2 HU2135 HU2159 1.805000 17.078188 0. 0. 1 ;
LINE L2135_2278_1 HU2135 HU2278 1.338588 12.665324 0. 0. 1 ;
LINE L2135_2279_1 HU2135 HU2279 3.078608 29.138476 0. 0. 1 ;
TRANSFO T2136_2141_1 HU2136 HU2141 0.138500 3.808800 0. 0. 100. 0. 100.0 1 ;
LINE L2136_2278_1 HU2136 HU2278 0.778316 7.370176 0. 0. 1 ;
LINE L2136_2280_1 HU2136 HU2280 2.267080 21.459284 0. 0. 1 ;
LINE L2136_2280_2 HU2136 HU2280 2.267080 21.459284 0. 0. 1 ;
LINE L2137_2153_1 SK2137 SK2153 0.824524 7.806264 0. 0. 1 ;
LINE L2137_2153_2 SK2137 SK2153 0.766764 7.251768 0. 0. 1 ;
LINE L2138_2150_1 SK2138 SK2150 0.417316 3.953672 0. 0. 1 ;
LINE L2138_2150_2 SK2138 SK2150 0.417316 3.953672 0. 0. 1 ;
LINE L2138_2281_1 SK2138 SK2281 0.317680 3.000632 0. 0. 1 ;
LINE L2138_2281_2 SK2138 SK2281 0.317680 3.000632 0. 0. 1 ;
LINE L2138_2282_1 SK2138 SK2282 0.553052 5.233056 0. 0. 1 ;
LINE L2138_2282_2 SK2138 SK2282 0.395656 3.742848 0. 0. 1 ;
LINE L2138_2282_3 SK2138 SK2282 0.395656 3.742848 0. 0. 1 ;
LINE L2138_2282_4 SK2138 SK2282 0.590596 5.582504 0. 0. 1 ;
LINE L2142_2283_1 HU2142 HU2283 1.092388 6.243116 0. 0. 1 ;
LINE L2144_2284_1 PL2144 PL2284 0.604032 3.449952 0. 0. 1 ;
LINE L2144_2285_1 PL2144 PL2285 1.176120 6.721792 0. 0. 1 ;
LINE L2144_2285_2 PL2144 PL2285 1.176120 6.721792 0. 0. 1 ;
LINE L2144_2286_1 PL2144 PL2286 0.498520 2.847372 0. 0. 1 ;
LINE L2144_2287_1 PL2144 PL2287 2.328524 13.304192 0. 0. 1 ;
LINE L2144_2287_2 PL2144 PL2287 2.328524 13.304192 0. 0. 1 ;
LINE L2145_2288_1 SK2145 SK2288 3.902492 22.301268 0. 0. 1 ;
LINE L2146_2289_1 CZ2146 SK2289 1.566740 14.822660 0. 0. 1 ;
LINE L2146_2290_1 CZ2146 CZ2290 1.659156 15.697724 0. 0. 1 ;
LINE L2146_2291_1 CZ2146 CZ2291 0.830300 7.862580 0. 0. 1 ;
LINE L2146_2292_1 CZ2146 CZ2292 0.606480 5.738456 0. 0. 1 ;
LINE L2147_2293_1 CZ2147 CZ2293 0.245480 2.323396 0. 0. 1 ;
LINE L2147_2293_2 CZ2147 CZ2293 0.245480 2.323396 0. 0. 1 ;
TRANSFO T2149_2294_1 SK2149 SK2294 0.138500 3.808800 0. 0. 100. 0. 100.0 1 ;
LINE L2150_2295_1 SK2150 SK2295 0.798532 7.560784 0. 0. 1 ;
LINE L2151_2294_1 SK2151 SK2294 0.352336 3.332752 0. 0. 1 ;
LINE L2151_2296_1 SK2151 SK2296 0.359556 3.394844 0. 0. 1 ;
LINE L2156_2297_1 BA2156 BA2297 3.960572 22.632324 0. 0. 1 ;
LINE L2156_2298_1 BA2156 BA2298 0.591448 3.379288 0. 0. 1 ;
LINE L2156_2299_1 BA2156 BA2299 3.880712 22.175428 0. 0. 1 ;
LINE L2156_2300_1 BA2156 BA2300 2.042964 11.675048 0. 0. 1 ;
LINE L2157_2300_1 BA2157 BA2300 4.518140 25.818496 0. 0. 1 ;
LINE L2160_2161_1 RS2160 BA2161 2.037484 19.283176 0. 0. 1 ;
LINE L2160_2301_1 RS2160 RS2301 2.066364 19.560424 0. 0. 1 ;
TRANSFO T2160_2302_1 RS2160 RS2302 0.138500 3.808800 0. 0. 100. 0. 100.0 1 ;
LINE L2161_2303_1 BA2161 BA2303 1.393460 13.193828 0. 0. 1 ;
LINE L2162_2303_1 BA2162 BA2303 1.888752 17.872388 0. 0. 1 ;
LINE L2162_2304_1 BA2162 BA2304 0.618032 5.848200 0. 0. 1 ;
LINE L2163_2305_1 BA2163 BA2305 1.149424 10.881984 0. 0. 1 ;
LINE L2164_2167_1 BA2164 HR2167 5.979820 34.169916 0. 0. 1 ;
LINE L2164_2306_1 BA2164 BA2306 1.925352 11.001804 0. 0. 1 ;
LINE L2164_2306_2 BA2164 BA2306 2.380796 13.604272 0. 0. 1 ;
LINE L2164_2307_1 BA2164 BA2307 1.350360 7.715444 0. 0. 1 ;
LINE L2164_2308_1 BA2164 BA2308 1.041084 5.948360 0. 0. 1 ;
LINE L2166_2167_1 HR2166 HR2167 4.090768 23.376716 0. 0. 1 ;
LINE L2169_2309_1 IT2169 IT2309 3.273548 30.981020 0. 0. 1 ;
LINE L2169_2309_2 IT2169 IT2309 3.243224 30.699440 0. 0. 1 ;
TRANSFO T2169_2310_1 IT2169 IT2310 0.138500 3.808800 0. 0. 100. 0. 100.0 1 ;
LINE L2171_2311_1 IT2171 IT2311 3.168136 29.986104 0. 0. 1 ;
LINE L2172_2175_1 IT2172 IT2175 0.918632 5.248980 0. 0. 1 ;
LINE L2173_2311_1 IT2173 IT2311 2.978972 28.198432 0. 0. 1 ;
LINE L2173_2312_1 IT2173 IT2312 0.421648 3.985440 0. 0. 1 ;
LINE L2173_2312_2 IT2173 IT2312 0.421648 3.985440 0. 0. 1 ;
LINE L2173_2313_1 IT2173 IT2313 1.729912 16.369184 0. 0. 1 ;
LINE L2173_2314_1 IT2173 IT2314 0.346560 3.285100 0. 0. 1 ;
LINE L2173_2314_2 IT2173 IT2314 0.346560 3.285100 0. 0. 1 ;
LINE L2173_2315_1 IT2173 IT2315 0.467856 4.427304 0. 0. 1 ;
LINE L2174_2312_1 IT2174 IT2312 2.841792 26.888724 0. 0. 1 ;
LINE L2175_2310_1 IT2175 IT2310 1.468456 8.391592 0. 0. 1 ;
LINE L2179_2316_1 ES2179 ES2316 0.470744 4.451852 0. 0. 1 ;
LINE L2179_2316_2 ES2179 ES2316 0.470744 4.451852 0. 0. 1 ;
LINE L2180_2317_1 ES2180 ES2317 2.327556 13.300804 0. 0. 1 ;
LINE L2180_2318_1 ES2180 ES2318 1.499916 8.571640 0. 0. 1 ;
LINE L2180_2319_1 ES2180 ES2319 2.084104 11.908336 0. 0. 1 ;
LINE L2180_2320_1 ES2180 ES2320 0.885236 5.058768 0. 0. 1 ;
LINE L2180_2321_1 ES2180 ES2321 1.787896 10.217240 0. 0. 1 ;
LINE L2181_2183_1 ES2181 ES2183 0.369664 3.495924 0. 0. 1 ;
LINE L2181_2322_1 ES2181 ES2322 0.184832 1.747240 0. 0. 1 ;
LINE L2182_2323_1 ES2182 ES2323 0.687344 6.510996 0. 0. 1 ;
LINE L2182_2323_2 ES2182 ES2323 0.687344 6.510996 0. 0. 1 ;
LINE L2182_2324_1 ES2182 ES2324 0.785536 7.427936 0. 0. 1 ;
LINE L2183_2325_1 ES2183 ES2325 0.657020 6.220752 0. 0. 1 ;
LINE L2183_2325_2 ES2183 ES2325 0.657020 6.220752 0. 0. 1 ;
LINE L2184_2326_1 ES2184 ES2326 1.363912 7.794336 0. 0. 1 ;
LINE L2184_2327_1 ES2184 ES2327 1.573000 8.989332 0. 0. 1 ;
LINE L2185_2328_1 ES2185 ES2328 2.737988 15.646268 0. 0. 1 ;
LINE L2185_2329_1 ES2185 ES2329 2.183324 12.475584 0. 0. 1 ;
LINE L2185_2329_2 ES2185 ES2329 2.183324 12.475584 0. 0. 1 ;
LINE L2186_2330_1 ES2186 ES2330 0.637428 3.642100 0. 0. 1 ;
LINE L2189_2227_1 ES2189 ES2227 0.854848 8.093620 0. 0. 1 ;
LINE L2189_2230_1 ES2189 ES2230 4.207816 39.816856 0. 0. 1 ;
LINE L2189_2331_1 ES2189 ES2331 0.977588 9.245932 0. 0. 1 ;
LINE L2189_2331_2 ES2189 ES2331 0.977588 9.245932 0. 0. 1 ;
LINE L2189_2331_3 ES2189 ES2331 0.967480 9.160736 0. 0. 1 ;
LINE L2189_2331_4 ES2189 ES2331 0.967480 9.160736 0. 0. 1 ;
LINE L2189_2332_1 ES2189 ES2332 1.783340 16.877472 0. 0. 1 ;
LINE L2189_2333_1 ES2189 ES2333 4.022984 38.079724 0. 0. 1 ;
LINE L2189_2333_2 ES2189 ES2333 4.022984 38.079724 0. 0. 1 ;
LINE L2189_2333_3 ES2189 ES2333 3.955116 37.425592 0. 0. 1 ;
TRANSFO T2189_2334_1 ES2189 ES2334 0.138500 3.808800 0. 0. 100. 0. 100.0 1 ;
LINE L2190_2335_1 ES2190 ES2335 0.717288 4.098512 0. 0. 1 ;
LINE L2190_2335_2 ES2190 ES2335 0.717288 4.098512 0. 0. 1 ;
LINE L2192_2336_1 ES2192 ES2336 1.094808 6.257152 0. 0. 1 ;
LINE L2192_2337_1 ES2192 ES2337 0.608388 3.476572 0. 0. 1 ;
LINE L2192_2337_2 ES2192 ES2337 0.608388 3.476572 0. 0. 1 ;
LINE L2193_2194_1 ES2193 ES2194 0.897336 5.128464 0. 0. 1 ;
LINE L2193_2338_1 ES2193 ES2338 0.748748 4.279528 0. 0. 1 ;
LINE L2193_2339_1 ES2193 ES2339 1.936968 11.069564 0. 0. 1 ;
LINE L2193_2339_2 ES2193 ES2339 1.936968 11.069564 0. 0. 1 ;
LINE L2194_2340_1 ES2194 ES2340 3.263612 18.649972 0. 0. 1 ;
LINE L2194_2340_2 ES2194 ES2340 3.263612 18.649972 0. 0. 1 ;
LINE L2194_2341_1 ES2194 ES2341 0.753588 4.307116 0. 0. 1 ;
LINE L2194_2342_1 ES2194 ES2342 0.814572 4.654628 0. 0. 1 ;
LINE L2196_2343_1 ES2196 ES2343 1.045440 5.974980 0. 0. 1 ;
LINE L2196_2343_2 ES2196 ES2343 1.045440 5.974980 0. 0. 1 ;
LINE L2196_2344_1 ES2196 ES2344 0.741488 4.236452 0. 0. 1 ;
LINE L2198_2328_1 ES2198 ES2328 1.090452 6.231016 0. 0. 1 ;
LINE L2199_2345_1 ES2199 ES2345 2.348368 13.418900 0. 0. 1 ;
LINE L2199_2345_2 ES2199 ES2345 2.348368 13.418900 0. 0. 1 ;
TRANSFO T2202_2336_1 ES2202 ES2336 0.138500 3.808800 0. 0. 100. 0. 100.0 1 ;
LINE L2202_2346_1 ES2202 ES2346 2.155892 20.409496 0. 0. 1 ;
LINE L2202_2346_2 ES2202 ES2346 2.155892 20.409496 0. 0. 1 ;
TRANSFO T2203_2343_1 ES2203 ES2343 0.138500 3.808800 0. 0. 100. 0. 100.0 1 ;
LINE L2203_2347_1 ES2203 ES2347 1.292380 12.230680 0. 0. 1 ;
LINE L2203_2347_2 ES2203 ES2347 1.292380 12.230680 0. 0. 1 ;
LINE L2204_2348_1 ES2204 ES2348 0.226708 2.138564 0. 0. 1 ;
LINE L2204_2348_2 ES2204 ES2348 0.226708 2.138564 0. 0. 1 ;
LINE L2204_2349_1 ES2204 ES2349 0.259920 2.453356 0. 0. 1 ;
LINE L2205_2207_1 ES2205 ES2207 0.392768 3.709636 0. 0. 1 ;
TRANSFO T2207_2350_1 ES2207 ES2350 0.138500 3.808800 0. 0. 100. 0. 100.0 1 ;
LINE L2208_2351_1 ES2208 ES2351 0.107932 0.615648 0. 0. 1 ;
LINE L2208_2352_1 ES2208 ES2352 0.231836 1.324708 0. 0. 1 ;
LINE L2211_2353_1 ES2211 ES2353 0.508200 2.902548 0. 0. 1 ;
LINE L2211_2354_1 ES2211 ES2354 1.014464 5.796868 0. 0. 1 ;
LINE L2212_2350_1 ES2212 ES2350 0.512072 2.925296 0. 0. 1 ;
LINE L2212_2351_1 ES2212 ES2351 1.884212 10.766580 0. 0. 1 ;
LINE L2212_2355_1 ES2212 ES2355 0.497552 2.843016 0. 0. 1 ;
LINE L2212_2355_2 ES2212 ES2355 0.497552 2.843016 0. 0. 1 ;
LINE L2213_2353_1 ES2213 ES2353 0.654368 3.739868 0. 0. 1 ;
LINE L2213_2356_1 ES2213 ES2356 0.302984 1.730300 0. 0. 1 ;
LINE L2216_2357_1 ES2216 ES2357 1.062864 6.072264 0. 0. 1 ;
LINE L2216_2358_1 ES2216 ES2358 0.788436 4.504104 0. 0. 1 ;
LINE L2216_2358_2 ES2216 ES2358 0.788436 4.504104 0. 0. 1 ;
LINE L2217_2359_1 ES2217 ES2359 0.294576 2.781144 0. 0. 1 ;
LINE L2217_2360_1 ES2217 ES2360 1.692368 16.012516 0. 0. 1 ;
LINE L2217_2360_2 ES2217 ES2360 1.692368 16.012516 0. 0. 1 ;
LINE L2218_2336_1 ES2218 ES2336 0.612260 3.498352 0. 0. 1 ;
LINE L2220_2235_1 ES2220 ES2235 0.850872 4.862748 0. 0. 1 ;
LINE L2220_2361_1 ES2220 ES2361 0.664532 3.796496 0. 0. 1 ;
LINE L2220_2361_2 ES2220 ES2361 0.664532 3.796496 0. 0. 1 ;
LINE L2222_2362_1 ES2222 ES2362 2.007148 11.468864 0. 0. 1 ;
LINE L2223_2333_1 ES2223 ES2333 2.128456 20.140912 0. 0. 1 ;
LINE L2223_2363_1 ES2223 ES2363 0.268584 2.545772 0. 0. 1 ;
LINE L2223_2363_2 ES2223 ES2363 0.268584 2.545772 0. 0. 1 ;
LINE L2224_2364_1 ES2224 ES2364 2.134232 20.204448 0. 0. 1 ;
LINE L2224_2365_1 ES2224 ES2365 0.158840 1.500316 0. 0. 1 ;
LINE L2224_2366_1 ES2224 ES2366 2.243976 21.242684 0. 0. 1 ;
LINE L2225_2364_1 ES2225 ES2364 2.310400 21.867936 0. 0. 1 ;
LINE L2225_2367_1 ES2225 ES2367 0.056316 0.532836 0. 0. 1 ;
LINE L2226_2368_1 ES2226 ES2368 0.715836 4.090768 0. 0. 1 ;
LINE L2226_2368_2 ES2226 ES2368 0.715836 4.090768 0. 0. 1 ;
LINE L2227_2369_1 ES2227 ES2369 5.516080 52.202044 0. 0. 1 ;
LINE L2227_2370_1 ES2227 ES2370 4.259800 40.322256 0. 0. 1 ;
LINE L2227_2371_1 ES2227 ES2371 2.626636 24.864236 0. 0. 1 ;
LINE L2227_2372_1 ES2227 ES2372 1.540748 14.580068 0. 0. 1 ;
TRANSFO T2227_2373_1 ES2227 ES2373 0.138500 3.808800 0. 0. 100. 0. 100.0 1 ;
LINE L2228_2374_1 ES2228 ES2374 4.320448 40.895524 0. 0. 1 ;
LINE L2228_2374_2 ES2228 ES2374 4.320448 40.895524 0. 0. 1 ;
LINE L2228_2374_3 ES2228 ES2374 4.334888 41.019708 0. 0. 1 ;
LINE L2228_2374_4 ES2228 ES2374 4.334888 41.019708 0. 0. 1 ;
LINE L2228_2375_1 ES2228 PT2375 1.299600 12.298548 0. 0. 1 ;
TRANSFO T2228_2376_1 ES2228 ES2376 0.138500 3.808800 0. 0. 100. 0. 100.0 1 ;
LINE L2229_2376_1 ES2229 ES2376 1.304864 7.455052 0. 0. 1 ;
LINE L2229_2376_2 ES2229 ES2376 1.304864 7.455052 0. 0. 1 ;
LINE L2229_2376_3 ES2229 ES2376 1.557028 8.898340 0. 0. 1 ;
LINE L2229_2376_4 ES2229 ES2376 1.557028 8.898340 0. 0. 1 ;
LINE L2229_2377_1 ES2229 ES2377 4.181276 23.893144 0. 0. 1 ;
LINE L2229_2378_1 ES2229 ES2378 3.176976 18.153872 0. 0. 1 ;
LINE L2229_2378_2 ES2229 ES2378 3.176976 18.153872 0. 0. 1 ;
LINE L2229_2379_1 ES2229 ES2379 2.710884 15.489452 0. 0. 1 ;
LINE L2229_2380_1 ES2229 ES2380 1.877920 10.730764 0. 0. 1 ;
LINE L2229_2380_2 ES2229 ES2380 1.877920 10.730764 0. 0. 1 ;
LINE L2230_2381_1 ES2230 ES2381 0.023104 0.219488 0. 0. 1 ;
LINE L2230_2381_2 ES2230 ES2381 0.023104 0.219488 0. 0. 1 ;
LINE L2230_2382_1 ES2230 ES2382 1.334256 12.623448 0. 0. 1 ;
LINE L2230_2382_2 ES2230 ES2382 1.334256 12.623448 0. 0. 1 ;
TRANSFO T2230_2383_1 ES2230 ES2383 0.138500 3.808800 0. 0. 100. 0. 100.0 1 ;
TRANSFO T2230_2383_2 ES2230 ES2383 0.138500 3.808800 0. 0. 100. 0. 100.0 1 ;
LINE L2233_2384_1 ES2233 ES2384 1.797092 10.268544 0. 0. 1 ;
LINE L2233_2385_1 ES2233 ES2385 0.899272 5.137660 0. 0. 1 ;
LINE L2233_2385_2 ES2233 ES2385 0.899272 5.137660 0. 0. 1 ;
LINE L2234_2362_1 ES2234 ES2362 0.487388 2.785904 0. 0. 1 ;
LINE L2235_2386_1 ES2235 ES2386 0.716804 4.096092 0. 0. 1 ;
LINE L2235_2386_2 ES2235 ES2386 0.716804 4.096092 0. 0. 1 ;
TRANSFO T2236_2360_1 ES2236 ES2360 0.138500 3.808800 0. 0. 100. 0. 100.0 1 ;
LINE L2239_2387_1 ES2239 ES2387 0.731324 4.178372 0. 0. 1 ;
LINE L2239_2388_1 ES2239 ES2388 0.483516 2.762188 0. 0. 1 ;
LINE L2240_2389_1 NL2240 NL2389 2.224948 12.713228 0. 0. 1 ;
LINE L2240_2389_2 NL2240 NL2389 2.224948 12.713228 0. 0. 1 ;
LINE L2240_2389_3 NL2240 NL2389 2.224948 12.713228 0. 0. 1 ;
LINE L2241_2390_1 DE2241 DE2390 0.512620 4.851840 0. 0. 1 ;
LINE L2241_2390_2 DE2241 DE2390 0.512620 4.851840 0. 0. 1 ;
TRANSFO T2242_2391_1 DE2242 DE2391 0.138500 3.808800 0. 0. 100. 0. 100.0 1 ;
LINE L2243_2392_1 DE2243 DE2392 0.989296 5.652152 0. 0. 1 ;
LINE L2243_2392_2 DE2243 DE2392 0.989296 5.652152 0. 0. 1 ;
LINE L2243_2393_1 DE2243 DE2393 3.634356 20.768440 0. 0. 1 ;
LINE L2243_2393_2 DE2243 DE2393 3.634356 20.768440 0. 0. 1 ;
LINE L2243_2394_1 DE2243 DE2394 2.867700 16.385820 0. 0. 1 ;
LINE L2243_2394_2 DE2243 DE2394 2.867700 16.385820 0. 0. 1 ;
LINE L2244_2389_1 NL2244 NL2389 1.525084 8.715872 0. 0. 1 ;
LINE L2244_2389_2 NL2244 NL2389 1.525084 8.715872 0. 0. 1 ;
LINE L2245_2395_1 NL2245 NL2395 0.951544 5.438224 0. 0. 1 ;
LINE L2245_2395_2 NL2245 NL2395 0.951544 5.438224 0. 0. 1 ;
LINE L2246_2248_1 DE2246 DE2248 0.384104 3.630216 0. 0. 1 ;
LINE L2246_2254_1 DE2246 DE2254 0.410096 3.885804 0. 0. 1 ;
LINE L2246_2254_2 DE2246 DE2254 0.410096 3.885804 0. 0. 1 ;
LINE L2246_2254_3 DE2246 DE2254 0.410096 3.885804 0. 0. 1 ;
TRANSFO T2246_2396_1 DE2246 DE2396 0.138500 3.808800 0. 0. 100. 0. 100.0 1 ;
LINE L2247_2248_1 DE2247 DE2248 0.493848 4.672784 0. 0. 1 ;
LINE L2247_2248_2 DE2247 DE2248 0.493848 4.672784 0. 0. 1 ;
LINE L2247_2397_1 DE2247 DE2397 0.450528 4.269908 0. 0. 1 ;
LINE L2247_2397_2 DE2247 DE2397 0.450528 4.269908 0. 0. 1 ;
LINE L2247_2398_1 DE2247 DE2398 0.451972 4.272796 0. 0. 1 ;
TRANSFO T2247_2399_1 DE2247 DE2399 0.138500 3.808800 0. 0. 100. 0. 100.0 1 ;
TRANSFO T2248_2400_1 DE2248 DE2400 0.138500 3.808800 0. 0. 100. 0. 100.0 1 ;
LINE L2249_2250_1 DE2249 DE2250 1.147080 6.554812 0. 0. 1 ;
LINE L2249_2250_2 DE2249 DE2250 1.147080 6.554812 0. 0. 1 ;
LINE L2249_2400_1 DE2249 DE2400 1.534764 8.770564 0. 0. 1 ;
LINE L2249_2400_2 DE2249 DE2400 1.534764 8.770564 0. 0. 1 ;
LINE L2250_2251_1 DE2250 DE2251 0.639848 3.655652 0. 0. 1 ;
LINE L2251_2401_1 DE2251 DE2401 2.231240 12.750980 0. 0. 1 ;
LINE L2251_2401_2 DE2251 DE2401 2.231240 12.750980 0. 0. 1 ;
LINE L2252_2402_1 DE2252 DE2402 0.657020 6.212088 0. 0. 1 ;
LINE L2252_2402_2 DE2252 DE2402 0.657020 6.212088 0. 0. 1 ;
LINE L2252_2402_3 DE2252 DE2402 0.657020 6.212088 0. 0. 1 ;
LINE L2252_2403_1 DE2252 DE2403 0.698896 6.607744 0. 0. 1 ;
LINE L2252_2403_2 DE2252 DE2403 0.698896 6.607744 0. 0. 1 ;
LINE L2252_2404_1 DE2252 DE2404 1.015132 9.609820 0. 0. 1 ;
LINE L2252_2404_2 DE2252 DE2404 1.015132 9.609820 0. 0. 1 ;
LINE L2252_2405_1 DE2252 DE2405 1.124876 10.649500 0. 0. 1 ;
LINE L2252_2405_2 DE2252 DE2405 1.124876 10.649500 0. 0. 1 ;
LINE L2252_2405_3 DE2252 DE2405 1.124876 10.649500 0. 0. 1 ;
LINE L2253_2256_1 DE2253 DE2256 1.865336 10.658164 0. 0. 1 ;
LINE L2253_2256_2 DE2253 DE2256 1.865336 10.658164 0. 0. 1 ;
LINE L2253_2406_1 DE2253 DE2406 4.129488 23.595484 0. 0. 1 ;
LINE L2253_2406_2 DE2253 DE2406 4.129488 23.595484 0. 0. 1 ;
LINE L2253_2407_1 DE2253 DE2407 0.937508 5.355944 0. 0. 1 ;
LINE L2253_2407_2 DE2253 DE2407 0.937508 5.355944 0. 0. 1 ;
LINE L2254_2408_1 DE2254 DE2408 0.394212 3.735628 0. 0. 1 ;
LINE L2254_2408_2 DE2254 DE2408 0.394212 3.735628 0. 0. 1 ;
LINE L2254_2408_3 DE2254 DE2408 0.394212 3.735628 0. 0. 1 ;
LINE L2255_2257_1 DE2255 DE2257 2.104432 12.024980 0. 0. 1 ;
LINE L2255_2257_2 DE2255 DE2257 2.104432 12.024980 0. 0. 1 ;
LINE L2255_2409_1 DE2255 DE2409 0.932668 5.328356 0. 0. 1 ;
LINE L2255_2409_2 DE2255 DE2409 0.932668 5.328356 0. 0. 1 ;
LINE L2255_2410_1 DE2255 DE2410 3.346376 19.120420 0. 0. 1 ;
LINE L2255_2410_2 DE2255 DE2410 3.346376 19.120420 0. 0. 1 ;
LINE L2257_2411_1 DE2257 DE2411 1.112232 6.354436 0. 0. 1 ;
LINE L2257_2411_2 DE2257 DE2411 1.112232 6.354436 0. 0. 1 ;
LINE L2257_2412_1 DE2257 DE2412 0.506748 2.895772 0. 0. 1 ;
LINE L2257_2412_2 DE2257 DE2412 0.506748 2.895772 0. 0. 1 ;
LINE L2260_2413_1 DE2260 DE2413 0.235372 2.222316 0. 0. 1 ;
LINE L2260_2413_2 DE2260 DE2413 0.235372 2.222316 0. 0. 1 ;
LINE L2260_2414_1 DE2260 DE2414 0.486628 4.603472 0. 0. 1 ;
LINE L2260_2414_2 DE2260 DE2414 0.486628 4.603472 0. 0. 1 ;
LINE L2262_2263_1 DE2262 DE2263 0.530948 3.034680 0. 0. 1 ;
LINE L2262_2263_2 DE2262 DE2263 0.530948 3.034680 0. 0. 1 ;
LINE L2263_2275_1 DE2263 DE2275 4.458124 25.473404 0. 0. 1 ;
LINE L2263_2275_2 DE2263 DE2275 4.458124 25.473404 0. 0. 1 ;
LINE L2266_2415_1 DE2266 DE2415 1.020908 9.661804 0. 0. 1 ;
LINE L2266_2415_2 DE2266 DE2415 1.020908 9.661804 0. 0. 1 ;
LINE L2267_2416_1 DE2267 DE2416 0.802864 7.604104 0. 0. 1 ;
LINE L2267_2416_2 DE2267 DE2416 0.802864 7.604104 0. 0. 1 ;
LINE L2268_2417_1 DE2268 DE2417 3.790204 21.657548 0. 0. 1 ;
LINE L2268_2417_2 DE2268 DE2417 3.790204 21.657548 0. 0. 1 ;
LINE L2268_2418_1 DE2268 DE2418 0.329604 1.883728 0. 0. 1 ;
LINE L2269_2415_1 DE2269 DE2415 0.903944 8.557144 0. 0. 1 ;
LINE L2269_2415_2 DE2269 DE2415 0.903944 8.557144 0. 0. 1 ;
LINE L2269_2419_1 DE2269 DE2419 0.989140 9.364340 0. 0. 1 ;
LINE L2269_2419_2 DE2269 DE2419 0.989140 9.364340 0. 0. 1 ;
LINE L2269_2420_1 DE2269 DE2420 0.987696 9.348456 0. 0. 1 ;
LINE L2269_2420_2 DE2269 DE2420 0.987696 9.348456 0. 0. 1 ;
TRANSFO T2270_2420_1 DE2270 DE2420 0.138500 3.808800 0. 0. 100. 0. 100.0 1 ;
LINE L2270_2421_1 DE2270 DE2421 3.674044 20.994468 0. 0. 1 ;
LINE L2270_2421_2 DE2270 DE2421 3.674044 20.994468 0. 0. 1 ;
TRANSFO T2270_2422_1 DE2270 DE2422 0.413200 11.364000 0. 0. 100. 0. 100.0 1 ;
LINE L2271_2423_1 PL2271 PL2423 2.005716 18.988600 0. 0. 1 ;
LINE L2271_2424_1 PL2271 PL2424 1.194188 11.307964 0. 0. 1 ;
LINE L2271_2425_1 PL2271 PL2425 0.404320 3.829488 0. 0. 1 ;
LINE L2272_2426_1 PL2272 PL2426 5.218972 29.823112 0. 0. 1 ;
LINE L2272_2426_2 PL2272 PL2426 5.218972 29.823112 0. 0. 1 ;
LINE L2272_2427_1 PL2272 PL2427 6.339916 36.228852 0. 0. 1 ;
LINE L2272_2428_1 PL2272 PL2428 3.005156 17.172320 0. 0. 1 ;
LINE L2272_2429_1 PL2272 PL2429 6.066456 34.664564 0. 0. 1 ;
LINE L2272_2429_2 PL2272 PL2429 6.066456 34.664564 0. 0. 1 ;
LINE L2273_2430_1 DE2273 DE2430 0.607924 5.751452 0. 0. 1 ;
LINE L2273_2430_2 DE2273 DE2430 0.607924 5.751452 0. 0. 1 ;
LINE L2273_2431_1 DE2273 DE2431 0.381216 3.610000 0. 0. 1 ;
LINE L2273_2431_2 DE2273 DE2431 0.381216 3.610000 0. 0. 1 ;
LINE L2274_2432_1 DE2274 DE2432 0.376884 3.569568 0. 0. 1 ;
LINE L2274_2432_2 DE2274 DE2432 0.376884 3.569568 0. 0. 1 ;
LINE L2275_2433_1 DE2275 DE2433 4.806604 27.466032 0. 0. 1 ;
LINE L2275_2433_2 DE2275 DE2433 4.806604 27.466032 0. 0. 1 ;
LINE L2276_2434_1 CZ2276 CZ2434 0.420204 3.971000 0. 0. 1 ;
LINE L2276_2434_2 CZ2276 CZ2434 0.420204 3.971000 0. 0. 1 ;
LINE L2279_2435_1 HU2279 RS2435 1.015132 9.601156 0. 0. 1 ;
LINE L2279_2436_1 HU2279 HU2436 2.363828 22.366116 0. 0. 1 ;
LINE L2279_2437_1 HU2279 RO2437 2.706056 25.606452 0. 0. 1 ;
TRANSFO T2280_2438_1 HU2280 HU2438 0.035600 0.977700 0. 0. 100. 0. 100.0 1 ;
LINE L2280_2439_1 HU2280 HU2439 1.937848 18.343132 0. 0. 1 ;
LINE L2280_2439_2 HU2280 HU2439 1.937848 18.343132 0. 0. 1 ;
LINE L2281_2295_1 SK2281 SK2295 0.259920 2.456244 0. 0. 1 ;
LINE L2281_2295_2 SK2281 SK2295 0.259920 2.456244 0. 0. 1 ;
LINE L2281_2440_1 SK2281 SK2440 1.059896 10.025692 0. 0. 1 ;
LINE L2283_2441_1 HU2283 HU2441 1.530892 8.747332 0. 0. 1 ;
LINE L2283_2442_1 HU2283 HU2442 4.894208 27.966488 0. 0. 1 ;
LINE L2283_2442_2 HU2283 HU2442 4.484260 25.624412 0. 0. 1 ;
LINE L2284_2286_1 PL2284 PL2286 0.296208 1.691580 0. 0. 1 ;
LINE L2285_2443_1 PL2285 PL2443 1.667864 9.531412 0. 0. 1 ;
LINE L2285_2443_2 PL2285 PL2443 1.667864 9.531412 0. 0. 1 ;
LINE L2285_2444_1 PL2285 PL2444 0.422532 2.413708 0. 0. 1 ;
LINE L2286_2445_1 PL2286 PL2445 1.086580 6.209720 0. 0. 1 ;
LINE L2286_2445_2 PL2286 PL2445 1.086580 6.209720 0. 0. 1 ;
LINE L2287_2446_1 PL2287 PL2446 0.348964 1.993596 0. 0. 1 ;
LINE L2287_2447_1 PL2287 PL2447 0.317504 1.814032 0. 0. 1 ;
LINE L2287_2447_2 PL2287 PL2447 0.317504 1.814032 0. 0. 1 ;
LINE L2288_2448_1 SK2288 SK2448 2.611180 14.920752 0. 0. 1 ;
LINE L2288_2448_2 SK2288 SK2448 2.611180 14.920752 0. 0. 1 ;
LINE L2288_2449_1 SK2288 SK2449 10.928720 62.450520 0. 0. 1 ;
TRANSFO T2288_2450_1 SK2288 SK2450 0.138500 3.808800 0. 0. 100. 0. 100.0 1 ;
LINE L2289_2451_1 SK2289 SK2451 0.438976 4.154388 0. 0. 1 ;
LINE L2289_2451_2 SK2289 SK2451 0.438976 4.154388 0. 0. 1 ;
LINE L2289_2452_1 SK2289 SK2452 2.729160 25.834604 0. 0. 1 ;
LINE L2290_2453_1 CZ2290 CZ2453 1.058452 10.011252 0. 0. 1 ;
LINE L2291_2292_1 CZ2291 CZ2292 0.348004 3.296652 0. 0. 1 ;
LINE L2291_2454_1 CZ2291 PL2454 0.782648 7.401944 0. 0. 1 ;
LINE L2291_2454_2 CZ2291 PL2454 0.782648 7.401944 0. 0. 1 ;
LINE L2294_2296_1 SK2294 SK2296 0.244036 2.313288 0. 0. 1 ;
LINE L2295_2439_1 SK2295 HU2439 2.092356 19.801572 0. 0. 1 ;
LINE L2295_2455_1 SK2295 SK2455 3.032400 28.692280 0. 0. 1 ;
LINE L2296_2452_1 SK2296 SK2452 0.873620 8.262568 0. 0. 1 ;
LINE L2296_2452_2 SK2296 SK2452 0.873620 8.262568 0. 0. 1 ;
TRANSFO T2297_2303_1 BA2297 BA2303 0.138500 3.808800 0. 0. 100. 0. 100.0 1 ;
LINE L2297_2456_1 BA2297 BA2456 3.625160 20.713748 0. 0. 1 ;
LINE L2297_2457_1 BA2297 BA2457 1.008172 5.761536 0. 0. 1 ;
LINE L2297_2457_2 BA2297 BA2457 1.162084 6.639028 0. 0. 1 ;
LINE L2298_2456_1 BA2298 BA2456 0.999944 5.713136 0. 0. 1 ;
LINE L2299_2308_1 BA2299 BA2308 2.265120 12.943612 0. 0. 1 ;
LINE L2300_2458_1 BA2300 BA2458 0.728904 4.165788 0. 0. 1 ;
LINE L2300_2459_1 BA2300 BA2459 0.752620 4.299372 0. 0. 1 ;
LINE L2300_2460_1 BA2300 BA2460 0.892980 5.101360 0. 0. 1 ;
LINE L2300_2460_2 BA2300 BA2460 0.624844 3.569500 0. 0. 1 ;
LINE L2301_2461_1 RS2301 RS2461 0.948708 8.978792 0. 0. 1 ;
LINE L2301_2461_2 RS2301 RS2461 0.896724 8.480612 0. 0. 1 ;
LINE L2301_2462_1 RS2301 RS2462 1.503204 14.230620 0. 0. 1 ;
LINE L2301_2462_2 RS2301 RS2462 1.560964 14.766344 0. 0. 1 ;
LINE L2301_2463_1 RS2301 RS2463 0.654132 6.194760 0. 0. 1 ;
LINE L2301_2463_2 RS2301 RS2463 0.711892 6.736260 0. 0. 1 ;
LINE L2302_2464_1 RS2302 RS2464 9.389116 53.651400 0. 0. 1 ;
LINE L2302_2465_1 RS2302 RS2465 2.459688 14.055844 0. 0. 1 ;
LINE L2303_2466_1 BA2303 BA2466 1.543636 14.610392 0. 0. 1 ;
LINE L2303_2467_1 BA2303 BA2467 3.324088 31.458984 0. 0. 1 ;
LINE L2304_2468_1 BA2304 ME2468 2.281520 21.596464 0. 0. 1 ;
LINE L2305_2469_1 BA2305 ME2469 2.329172 22.036884 0. 0. 1 ;
TRANSFO T2305_2470_1 BA2305 BA2470 0.138500 3.808800 0. 0. 100. 0. 100.0 1 ;
TRANSFO T2305_2471_1 BA2305 BA2471 0.138500 3.808800 0. 0. 100. 0. 100.0 1 ;
LINE L2306_2472_1 BA2306 BA2472 2.688620 15.364580 0. 0. 1 ;
LINE L2306_2472_2 BA2306 BA2472 2.544872 14.540812 0. 0. 1 ;
TRANSFO T2306_2473_1 BA2306 BA2473 0.413200 11.364000 0. 0. 100. 0. 100.0 1 ;
LINE L2307_2308_1 BA2307 BA2308 0.966064 5.520020 0. 0. 1 ;
LINE L2308_2458_1 BA2308 BA2458 3.119380 17.823300 0. 0. 1 ;
LINE L2308_2471_1 BA2308 BA2471 5.145404 29.402516 0. 0. 1 ;
LINE L2308_2471_2 BA2308 BA2471 4.872428 27.842100 0. 0. 1 ;
LINE L2309_2474_1 IT2309 IT2474 0.613700 5.804880 0. 0. 1 ;
LINE L2309_2474_2 IT2309 IT2474 0.623808 5.905960 0. 0. 1 ;
LINE L2309_2475_1 IT2309 IT2475 0.850516 8.047412 0. 0. 1 ;
LINE L2309_2476_1 IT2309 IT2476 2.291628 21.694656 0. 0. 1 ;
LINE L2309_2476_2 IT2309 IT2476 2.447580 23.168980 0. 0. 1 ;
LINE L2310_2477_1 IT2310 IT2477 0.756008 4.320184 0. 0. 1 ;
LINE L2310_2478_1 IT2310 IT2478 8.182988 46.758756 0. 0. 1 ;
LINE L2311_2475_1 IT2311 IT2475 1.653380 15.644296 0. 0. 1 ;
LINE L2311_2479_1 IT2311 IT2479 1.358804 12.855932 0. 0. 1 ;
LINE L2312_2479_1 IT2312 IT2479 1.467104 13.879728 0. 0. 1 ;
LINE L2312_2480_1 IT2312 IT2480 0.311904 2.952980 0. 0. 1 ;
TRANSFO T2312_2481_1 IT2312 IT2481 0.138500 3.808800 0. 0. 100. 0. 100.0 1 ;
LINE L2313_2479_1 IT2313 IT2479 2.798472 26.480072 0. 0. 1 ;
LINE L2316_2482_1 ES2316 ES2482 0.371108 3.507476 0. 0. 1 ;
LINE L2316_2482_2 ES2316 ES2482 0.371108 3.507476 0. 0. 1 ;
LINE L2317_2318_1 ES2317 ES2318 0.827640 4.729164 0. 0. 1 ;
LINE L2317_2483_1 ES2317 ES2483 0.658724 3.765036 0. 0. 1 ;
LINE L2318_2484_1 ES2318 ES2484 0.679052 3.878776 0. 0. 1 ;
LINE L2319_2321_1 ES2319 ES2321 0.869264 4.965840 0. 0. 1 ;
LINE L2322_2485_1 ES2322 ES2485 1.666376 15.765592 0. 0. 1 ;
LINE L2322_2486_1 ES2322 ES2486 0.297464 2.808580 0. 0. 1 ;
LINE L2322_2486_2 ES2322 ES2486 0.297464 2.808580 0. 0. 1 ;
TRANSFO T2323_2487_1 ES2323 ES2487 0.138500 3.808800 0. 0. 100. 0. 100.0 1 ;
LINE L2324_2488_1 ES2324 ES2488 2.034596 19.258628 0. 0. 1 ;
LINE L2324_2489_1 ES2324 ES2489 1.874312 17.736652 0. 0. 1 ;
LINE L2324_2490_1 ES2324 ES2490 2.440360 23.099668 0. 0. 1 ;
LINE L2324_2491_1 ES2324 ES2491 1.114768 10.551308 0. 0. 1 ;
LINE L2324_2491_2 ES2324 ES2491 1.114768 10.551308 0. 0. 1 ;
TRANSFO T2324_2492_1 ES2324 ES2492 0.138500 3.808800 0. 0. 100. 0. 100.0 1 ;
LINE L2325_2488_1 ES2325 ES2488 0.304684 2.880780 0. 0. 1 ;
LINE L2325_2488_2 ES2325 ES2488 0.304684 2.880780 0. 0. 1 ;
TRANSFO T2325_2493_1 ES2325 ES2493 0.138500 3.808800 0. 0. 100. 0. 100.0 1 ;
LINE L2326_2327_1 ES2326 ES2327 0.425920 2.433068 0. 0. 1 ;
LINE L2326_2327_2 ES2326 ES2327 0.425920 2.433068 0. 0. 1 ;
LINE L2326_2487_1 ES2326 ES2487 0.879428 5.024888 0. 0. 1 ;
LINE L2327_2494_1 ES2327 ES2494 0.359128 2.051676 0. 0. 1 ;
LINE L2331_2495_1 ES2331 ES2495 0.658464 6.238080 0. 0. 1 ;
LINE L2331_2495_2 ES2331 ES2495 0.658464 6.238080 0. 0. 1 ;
LINE L2332_2496_1 ES2332 ES2496 0.255588 2.420144 0. 0. 1 ;
LINE L2332_2496_2 ES2332 ES2496 0.255588 2.420144 0. 0. 1 ;
LINE L2333_2497_1 ES2333 ES2497 1.205740 11.416264 0. 0. 1 ;
LINE L2333_2498_1 ES2333 ES2498 2.837460 26.851180 0. 0. 1 ;
LINE L2333_2498_2 ES2333 ES2498 2.837460 26.851180 0. 0. 1 ;
LINE L2333_2499_1 ES2333 ES2499 0.654132 6.196204 0. 0. 1 ;
LINE L2333_2499_2 ES2333 ES2499 0.654132 6.196204 0. 0. 1 ;
TRANSFO T2333_2500_1 ES2333 ES2500 0.138500 3.808800 0. 0. 100. 0. 100.0 1 ;
LINE L2334_2500_1 ES2334 ES2500 8.893016 50.820000 0. 0. 1 ;
LINE L2334_2501_1 ES2334 ES2501 1.100132 6.284740 0. 0. 1 ;
LINE L2334_2502_1 ES2334 ES2502 9.980564 57.029720 0. 0. 1 ;
LINE L2334_2503_1 ES2334 ES2503 0.743424 4.249036 0. 0. 1 ;
LINE L2336_2340_1 ES2336 ES2340 1.563804 8.935608 0. 0. 1 ;
LINE L2336_2340_2 ES2336 ES2340 1.563804 8.935608 0. 0. 1 ;
LINE L2336_2504_1 ES2336 ES2504 2.507604 14.328820 0. 0. 1 ;
LINE L2336_2504_2 ES2336 ES2504 2.507604 14.328820 0. 0. 1 ;
LINE L2339_2505_1 ES2339 ES2505 1.291796 7.382452 0. 0. 1 ;
TRANSFO T2339_2506_1 ES2339 ES2506 0.138500 3.808800 0. 0. 100. 0. 100.0 1 ;
LINE L2340_2507_1 ES2340 ES2507 0.669856 3.828440 0. 0. 1 ;
LINE L2340_2507_2 ES2340 ES2507 0.669856 3.828440 0. 0. 1 ;
LINE L2343_2508_1 ES2343 ES2508 6.275544 35.859076 0. 0. 1 ;
LINE L2343_2508_2 ES2343 ES2508 6.275544 35.859076 0. 0. 1 ;
LINE L2346_2509_1 ES2346 ES2509 1.685148 15.953312 0. 0. 1 ;
LINE L2346_2509_2 ES2346 ES2509 1.685148 15.953312 0. 0. 1 ;
LINE L2346_2510_1 ES2346 ES2510 0.298908 2.828796 0. 0. 1 ;
LINE L2346_2510_2 ES2346 ES2510 0.298908 2.828796 0. 0. 1 ;
LINE L2347_2506_1 ES2347 ES2506 0.414428 3.917572 0. 0. 1 ;
LINE L2347_2506_2 ES2347 ES2506 0.414428 3.917572 0. 0. 1 ;
LINE L2347_2511_1 ES2347 ES2511 0.218044 2.062032 0. 0. 1 ;
LINE L2347_2511_2 ES2347 ES2511 0.218044 2.062032 0. 0. 1 ;
LINE L2348_2512_1 ES2348 ES2512 0.352336 3.332752 0. 0. 1 ;
LINE L2348_2513_1 ES2348 ES2513 0.444752 4.213592 0. 0. 1 ;
LINE L2348_2513_2 ES2348 ES2513 0.444752 4.213592 0. 0. 1 ;
LINE L2348_2514_1 ES2348 ES2514 0.431756 4.085076 0. 0. 1 ;
LINE L2350_2515_1 ES2350 ES2515 0.408980 2.337720 0. 0. 1 ;
LINE L2351_2516_1 ES2351 ES2516 0.864424 4.938736 0. 0. 1 ;
LINE L2352_2516_1 ES2352 ES2516 0.638880 3.650328 0. 0. 1 ;
LINE L2352_2517_1 ES2352 ES2517 0.355740 2.033284 0. 0. 1 ;
LINE L2354_2518_1 ES2354 ES2518 0.903144 5.159924 0. 0. 1 ;
LINE L2354_2519_1 ES2354 ES2519 1.703680 9.734208 0. 0. 1 ;
LINE L2356_2518_1 ES2356 ES2518 0.517396 2.956272 0. 0. 1 ;
LINE L2356_2520_1 ES2356 ES2520 5.813324 33.217888 0. 0. 1 ;
TRANSFO T2357_2512_1 ES2357 ES2512 0.138500 3.808800 0. 0. 100. 0. 100.0 1 ;
LINE L2357_2521_1 ES2357 ES2521 1.324708 7.570728 0. 0. 1 ;
LINE L2357_2522_1 ES2357 ES2522 2.511960 14.353020 0. 0. 1 ;
LINE L2357_2523_1 ES2357 ES2523 0.601128 3.435916 0. 0. 1 ;
LINE L2357_2523_2 ES2357 ES2523 0.601128 3.435916 0. 0. 1 ;
TRANSFO T2358_2366_1 ES2358 ES2366 0.138500 3.808800 0. 0. 100. 0. 100.0 1 ;
LINE L2358_2524_1 ES2358 ES2524 0.585640 3.345408 0. 0. 1 ;
LINE L2362_2525_1 ES2362 ES2525 0.641300 3.665332 0. 0. 1 ;
LINE L2362_2525_2 ES2362 ES2525 0.641300 3.665332 0. 0. 1 ;
LINE L2364_2495_1 ES2364 ES2495 2.271412 21.495384 0. 0. 1 ;
LINE L2364_2495_2 ES2364 ES2495 2.271412 21.495384 0. 0. 1 ;
LINE L2364_2526_1 ES2364 ES2526 1.189856 11.257424 0. 0. 1 ;
LINE L2364_2527_1 ES2364 ES2527 1.649048 15.609640 0. 0. 1 ;
TRANSFO T2365_2528_1 ES2365 ES2528 0.138500 3.808800 0. 0. 100. 0. 100.0 1 ;
LINE L2366_2514_1 ES2366 ES2514 0.483740 4.574592 0. 0. 1 ;
LINE L2367_2499_1 ES2367 ES2499 0.262808 2.485124 0. 0. 1 ;
LINE L2367_2499_2 ES2367 ES2499 0.262808 2.485124 0. 0. 1 ;
LINE L2367_2529_1 ES2367 ES2529 0.248368 2.349388 0. 0. 1 ;
LINE L2367_2529_2 ES2367 ES2529 0.248368 2.349388 0. 0. 1 ;
LINE L2368_2520_1 ES2368 ES2520 4.806120 27.464096 0. 0. 1 ;
LINE L2368_2520_2 ES2368 ES2520 4.806120 27.464096 0. 0. 1 ;
LINE L2368_2528_1 ES2368 ES2528 2.884640 16.483104 0. 0. 1 ;
LINE L2368_2528_2 ES2368 ES2528 2.884640 16.483104 0. 0. 1 ;
LINE L2369_2371_1 ES2369 ES2371 2.888000 27.336364 0. 0. 1 ;
LINE L2369_2530_1 ES2369 ES2530 2.112572 19.992180 0. 0. 1 ;
LINE L2370_2531_1 ES2370 ES2531 0.558828 5.290816 0. 0. 1 ;
LINE L2370_2532_1 ES2370 ES2532 0.179056 1.688036 0. 0. 1 ;
LINE L2371_2533_1 ES2371 ES2533 0.584820 5.539184 0. 0. 1 ;
LINE L2372_2534_1 ES2372 ES2534 1.458440 13.797420 0. 0. 1 ;
LINE L2372_2534_2 ES2372 ES2534 1.458440 13.797420 0. 0. 1 ;
LINE L2373_2535_1 ES2373 ES2535 11.543884 65.964360 0. 0. 1 ;
LINE L2373_2536_1 ES2373 ES2536 1.569612 8.969488 0. 0. 1 ;
LINE L2373_2536_2 ES2373 ES2536 1.569612 8.969488 0. 0. 1 ;
LINE L2374_2537_1 ES2374 ES2537 1.083000 10.248068 0. 0. 1 ;
LINE L2374_2537_2 ES2374 ES2537 1.083000 10.248068 0. 0. 1 ;
LINE L2375_2538_1 PT2375 PT2538 0.775428 7.342740 0. 0. 1 ;
LINE L2375_2538_2 PT2375 PT2538 0.775428 7.342740 0. 0. 1 ;
LINE L2375_2539_1 PT2375 PT2539 2.443248 23.116996 0. 0. 1 ;
TRANSFO T2375_2540_1 PT2375 PT2540 0.138500 3.808800 0. 0. 100. 0. 100.0 1 ;
LINE L2376_2541_1 ES2376 ES2541 0.902176 5.155568 0. 0. 1 ;
LINE L2376_2541_2 ES2376 ES2541 0.902176 5.155568 0. 0. 1 ;
LINE L2377_2380_1 ES2377 ES2380 3.677916 21.015764 0. 0. 1 ;
LINE L2378_2542_1 ES2378 PT2542 2.383700 13.621212 0. 0. 1 ;
LINE L2379_2543_1 ES2379 ES2543 4.587352 26.214408 0. 0. 1 ;
LINE L2379_2544_1 ES2379 ES2544 4.340996 24.805484 0. 0. 1 ;
LINE L2380_2545_1 ES2380 ES2545 8.475324 48.429040 0. 0. 1 ;
LINE L2380_2545_2 ES2380 ES2545 8.487424 48.501640 0. 0. 1 ;
LINE L2380_2546_1 ES2380 ES2546 1.789832 10.227404 0. 0. 1 ;
LINE L2380_2547_1 ES2380 ES2547 7.802080 44.584144 0. 0. 1 ;
LINE L2380_2548_1 ES2380 ES2548 1.159664 6.625960 0. 0. 1 ;
LINE L2381_2549_1 ES2381 ES2549 3.214344 30.423636 0. 0. 1 ;
LINE L2381_2549_2 ES2381 ES2549 3.214344 30.423636 0. 0. 1 ;
LINE L2382_2550_1 ES2382 ES2550 0.955928 9.045216 0. 0. 1 ;
LINE L2382_2550_2 ES2382 ES2550 0.955928 9.045216 0. 0. 1 ;
LINE L2383_2551_1 ES2383 ES2551 2.263184 12.931512 0. 0. 1 ;
LINE L2383_2551_2 ES2383 ES2551 3.329436 19.025072 0. 0. 1 ;
LINE L2383_2551_3 ES2383 ES2551 3.329436 19.025072 0. 0. 1 ;
LINE L2383_2551_4 ES2383 ES2551 2.263184 12.931512 0. 0. 1 ;
LINE L2383_2552_1 ES2383 ES2552 1.898248 10.846924 0. 0. 1 ;
LINE L2383_2552_2 ES2383 ES2552 1.898248 10.846924 0. 0. 1 ;
LINE L2383_2553_1 ES2383 ES2553 0.762784 4.358420 0. 0. 1 ;
LINE L2383_2553_2 ES2383 ES2553 0.762784 4.358420 0. 0. 1 ;
LINE L2383_2554_1 ES2383 ES2554 3.935404 22.488576 0. 0. 1 ;
LINE L2383_2554_2 ES2383 ES2554 3.935404 22.488576 0. 0. 1 ;
LINE L2383_2555_1 ES2383 ES2555 1.283084 7.332600 0. 0. 1 ;
LINE L2383_2555_2 ES2383 ES2555 1.283084 7.332600 0. 0. 1 ;
LINE L2384_2520_1 ES2384 ES2520 0.991232 5.664252 0. 0. 1 ;
LINE L2385_2556_1 ES2385 ES2556 1.182896 6.760028 0. 0. 1 ;
LINE L2385_2556_2 ES2385 ES2556 1.182896 6.760028 0. 0. 1 ;
LINE L2389_2395_1 NL2389 NL2395 1.444256 8.252200 0. 0. 1 ;
LINE L2389_2395_2 NL2389 NL2395 1.444256 8.252200 0. 0. 1 ;
LINE L2390_2404_1 DE2390 DE2404 1.641828 15.533108 0. 0. 1 ;
LINE L2390_2404_2 DE2390 DE2404 1.641828 15.533108 0. 0. 1 ;
LINE L2390_2557_1 DE2390 DE2557 0.352336 3.326976 0. 0. 1 ;
LINE L2390_2557_2 DE2390 DE2557 0.352336 3.326976 0. 0. 1 ;
LINE L2391_2558_1 DE2391 DE2558 0.582252 3.327984 0. 0. 1 ;
LINE L2391_2558_2 DE2391 DE2558 0.582252 3.327984 0. 0. 1 ;
LINE L2391_2559_1 DE2391 DE2559 0.592416 3.386064 0. 0. 1 ;
LINE L2392_2560_1 DE2392 DE2560 1.133528 6.476404 0. 0. 1 ;
LINE L2392_2560_2 DE2392 DE2560 1.133528 6.476404 0. 0. 1 ;
LINE L2392_2561_1 DE2392 DE2561 0.875556 5.002140 0. 0. 1 ;
LINE L2392_2561_2 DE2392 DE2561 0.875556 5.002140 0. 0. 1 ;
LINE L2393_2562_1 DE2393 DE2562 0.040656 0.233288 0. 0. 1 ;
LINE L2393_2562_2 DE2393 DE2562 0.040656 0.233288 0. 0. 1 ;
LINE L2396_2400_1 DE2396 DE2400 0.862972 4.931960 0. 0. 1 ;
TRANSFO T2398_2563_1 DE2398 DE2563 0.138500 3.808800 0. 0. 100. 0. 100.0 1 ;
LINE L2399_2563_1 DE2399 DE2563 1.015916 5.806064 0. 0. 1 ;
LINE L2399_2563_2 DE2399 DE2563 1.015916 5.806064 0. 0. 1 ;
LINE L2402_2564_1 DE2402 DE2564 1.062784 10.060348 0. 0. 1 ;
LINE L2402_2564_2 DE2402 DE2564 1.062784 10.060348 0. 0. 1 ;
LINE L2402_2565_1 DE2402 DE2565 1.036792 9.816312 0. 0. 1 ;
LINE L2402_2565_2 DE2402 DE2565 1.036792 9.816312 0. 0. 1 ;
LINE L2403_2566_1 DE2403 DE2566 0.259920 2.457688 0. 0. 1 ;
LINE L2403_2566_2 DE2403 DE2566 0.259920 2.457688 0. 0. 1 ;
LINE L2403_2567_1 DE2403 DE2567 0.940044 8.902260 0. 0. 1 ;
LINE L2403_2567_2 DE2403 DE2567 0.940044 8.902260 0. 0. 1 ;
TRANSFO T2405_2568_1 DE2405 DE2568 0.138500 3.808800 0. 0. 100. 0. 100.0 1 ;
LINE L2406_2569_1 DE2406 DE2569 0.990264 5.659412 0. 0. 1 ;
LINE L2406_2569_2 DE2406 DE2569 0.990264 5.659412 0. 0. 1 ;
LINE L2406_2569_3 DE2406 DE2569 0.990264 5.659412 0. 0. 1 ;
LINE L2406_2570_1 DE2406 DE2570 0.547404 3.128576 0. 0. 1 ;
LINE L2406_2571_1 DE2406 DE2571 1.983432 11.333828 0. 0. 1 ;
LINE L2406_2571_2 DE2406 DE2571 1.983432 11.333828 0. 0. 1 ;
LINE L2407_2560_1 DE2407 DE2560 2.011988 11.497904 0. 0. 1 ;
LINE L2407_2560_2 DE2407 DE2560 2.011988 11.497904 0. 0. 1 ;
LINE L2407_2572_1 DE2407 DE2572 0.949608 5.425640 0. 0. 1 ;
LINE L2407_2572_2 DE2407 DE2572 0.949608 5.425640 0. 0. 1 ;
LINE L2409_2573_1 DE2409 DE2573 2.307712 13.185612 0. 0. 1 ;
LINE L2409_2573_2 DE2409 DE2573 2.307712 13.185612 0. 0. 1 ;
LINE L2409_2573_3 DE2409 DE2573 1.908896 10.907908 0. 0. 1 ;
LINE L2409_2573_4 DE2409 DE2573 1.908896 10.907908 0. 0. 1 ;
LINE L2409_2574_1 DE2409 DE2574 1.443772 8.250264 0. 0. 1 ;
LINE L2409_2574_2 DE2409 DE2574 1.443772 8.250264 0. 0. 1 ;
LINE L2410_2575_1 DE2410 DE2575 1.472812 8.415792 0. 0. 1 ;
LINE L2410_2575_2 DE2410 DE2575 1.472812 8.415792 0. 0. 1 ;
LINE L2412_2574_1 DE2412 DE2574 0.630168 3.601444 0. 0. 1 ;
LINE L2412_2574_2 DE2412 DE2574 0.630168 3.601444 0. 0. 1 ;
LINE L2414_2432_1 DE2414 DE2432 0.668572 6.326164 0. 0. 1 ;
LINE L2414_2432_2 DE2414 DE2432 0.668572 6.326164 0. 0. 1 ;
LINE L2415_2576_1 DE2415 DE2576 1.452664 13.751212 0. 0. 1 ;
LINE L2415_2576_2 DE2415 DE2576 1.452664 13.751212 0. 0. 1 ;
LINE L2416_2577_1 DE2416 DE2577 0.531392 5.026564 0. 0. 1 ;
LINE L2416_2577_2 DE2416 DE2577 0.531392 5.026564 0. 0. 1 ;
LINE L2417_2578_1 DE2417 DE2578 1.893408 10.820304 0. 0. 1 ;
LINE L2417_2578_2 DE2417 DE2578 1.893408 10.820304 0. 0. 1 ;
LINE L2419_2579_1 DE2419 DE2579 0.521284 4.931260 0. 0. 1 ;
LINE L2419_2579_2 DE2419 DE2579 0.521284 4.931260 0. 0. 1 ;
LINE L2419_2580_1 DE2419 DE2580 0.264252 2.501008 0. 0. 1 ;
LINE L2419_2580_2 DE2419 DE2580 0.264252 2.501008 0. 0. 1 ;
TRANSFO T2420_2422_1 DE2420 DE2422 0.138500 3.808800 0. 0. 100. 0. 100.0 1 ;
LINE L2420_2581_1 DE2420 DE2581 0.412984 3.903132 0. 0. 1 ;
LINE L2420_2581_2 DE2420 DE2581 0.412984 3.903132 0. 0. 1 ;
LINE L2421_2582_1 DE2421 DE2582 2.637800 15.071760 0. 0. 1 ;
LINE L2421_2582_2 DE2421 DE2582 2.637800 15.071760 0. 0. 1 ;
LINE L2423_2583_1 PL2423 PL2583 2.534220 23.979064 0. 0. 1 ;
LINE L2423_2583_2 PL2423 PL2583 2.534220 23.979064 0. 0. 1 ;
LINE L2423_2584_1 PL2423 PL2584 2.506784 23.723476 0. 0. 1 ;
LINE L2424_2585_1 PL2424 PL2585 1.262056 11.944768 0. 0. 1 ;
LINE L2424_2585_2 PL2424 PL2585 1.262056 11.944768 0. 0. 1 ;
LINE L2424_2586_1 PL2424 PL2586 2.427364 22.975484 0. 0. 1 ;
LINE L2425_2585_1 PL2425 PL2585 1.819440 17.221144 0. 0. 1 ;
LINE L2425_2585_2 PL2425 PL2585 1.819440 17.221144 0. 0. 1 ;
LINE L2425_2587_1 PL2425 PL2587 0.758100 7.173792 0. 0. 1 ;
LINE L2426_2588_1 PL2426 PL2588 3.350248 19.145104 0. 0. 1 ;
LINE L2426_2588_2 PL2426 PL2588 3.350248 19.145104 0. 0. 1 ;
TRANSFO T2426_2589_1 PL2426 PL2589 0.138500 3.808800 0. 0. 100. 0. 100.0 1 ;
LINE L2426_2590_1 PL2426 PL2590 1.368268 7.819020 0. 0. 1 ;
LINE L2427_2590_1 PL2427 PL2590 3.705504 21.173064 0. 0. 1 ;
LINE L2427_2591_1 PL2427 PL2591 5.782348 33.041228 0. 0. 1 ;
LINE L2428_2592_1 PL2428 PL2592 2.799456 15.996200 0. 0. 1 ;
LINE L2429_2592_1 PL2429 PL2592 1.253076 7.159328 0. 0. 1 ;
TRANSFO T2429_2593_1 PL2429 PL2593 0.138500 3.808800 0. 0. 100. 0. 100.0 1 ;
LINE L2429_2594_1 PL2429 PL2594 3.002736 17.158284 0. 0. 1 ;
LINE L2430_2595_1 DE2430 DE2595 2.362384 22.353120 0. 0. 1 ;
LINE L2430_2595_2 DE2430 DE2595 2.362384 22.353120 0. 0. 1 ;
LINE L2430_2596_1 DE2430 DE2596 0.207936 1.962396 0. 0. 1 ;
LINE L2430_2596_2 DE2430 DE2596 0.207936 1.962396 0. 0. 1 ;
LINE L2433_2578_1 DE2433 DE2578 0.510136 2.915616 0. 0. 1 ;
LINE L2433_2578_2 DE2433 DE2578 0.510136 2.915616 0. 0. 1 ;
LINE L2433_2597_1 DE2433 DE2597 1.355200 7.744000 0. 0. 1 ;
LINE L2433_2597_2 DE2433 DE2597 1.355200 7.744000 0. 0. 1 ;
LINE L2434_2453_1 CZ2434 CZ2453 1.364580 12.909360 0. 0. 1 ;
LINE L2434_2598_1 CZ2434 CZ2598 0.940044 8.893596 0. 0. 1 ;
LINE L2435_2462_1 RS2435 RS2462 2.604976 24.649080 0. 0. 1 ;
LINE L2435_2599_1 RS2435 RS2599 0.961704 9.102976 0. 0. 1 ;
LINE L2436_2600_1 HU2436 RO2600 1.019464 9.645920 0. 0. 1 ;
LINE L2436_2600_2 HU2436 RO2600 1.019464 9.645920 0. 0. 1 ;
LINE L2437_2600_1 RO2437 RO2600 1.095996 10.369364 0. 0. 1 ;
LINE L2437_2601_1 RO2437 RO2601 3.155140 29.857588 0. 0. 1 ;
TRANSFO T2437_2602_1 RO2437 RO2602 0.138500 3.808800 0. 0. 100. 0. 100.0 1 ;
LINE L2438_2603_1 HU2438 HU2603 0.011250 0.213750 0. 0. 1 ;
TRANSFO T2439_2441_1 HU2439 HU2441 0.138500 3.808800 0. 0. 100. 0. 100.0 1 ;
LINE L2439_2604_1 HU2439 HU2604 3.810716 36.062456 0. 0. 1 ;
LINE L2440_2450_1 SK2440 SK2450 2.010048 19.027588 0. 0. 1 ;
LINE L2442_2605_1 HU2442 HU2605 4.197248 23.984620 0. 0. 1 ;
LINE L2442_2606_1 HU2442 HU2606 0.930732 5.319160 0. 0. 1 ;
LINE L2442_2606_2 HU2442 HU2606 0.930732 5.319160 0. 0. 1 ;
LINE L2442_2607_1 HU2442 HU2607 0.855712 4.890820 0. 0. 1 ;
LINE L2442_2607_2 HU2442 HU2607 0.855712 4.890820 0. 0. 1 ;
LINE L2442_2607_3 HU2442 HU2607 0.992684 5.671996 0. 0. 1 ;
LINE L2443_2608_1 PL2443 PL2608 2.094752 11.970288 0. 0. 1 ;
LINE L2445_2609_1 PL2445 PL2609 0.927828 5.301252 0. 0. 1 ;
LINE L2445_2609_2 PL2445 PL2609 0.927828 5.301252 0. 0. 1 ;
LINE L2445_2610_1 PL2445 PL2610 0.687764 3.928628 0. 0. 1 ;
LINE L2445_2610_2 PL2445 PL2610 0.687764 3.928628 0. 0. 1 ;
LINE L2447_2608_1 PL2447 PL2608 0.931700 5.324484 0. 0. 1 ;
LINE L2447_2608_2 PL2447 PL2608 0.931700 5.324484 0. 0. 1 ;
LINE L2447_2611_1 PL2447 PL2611 0.418660 2.391444 0. 0. 1 ;
LINE L2447_2612_1 PL2447 PL2612 0.295724 1.690612 0. 0. 1 ;
TRANSFO T2449_2613_1 SK2449 SK2613 0.138500 3.808800 0. 0. 100. 0. 100.0 1 ;
LINE L2449_2614_1 SK2449 SK2614 4.534596 25.910456 0. 0. 1 ;
LINE L2449_2614_2 SK2449 SK2614 4.534596 25.910456 0. 0. 1 ;
LINE L2450_2451_1 SK2450 SK2451 0.142956 1.351584 0. 0. 1 ;
LINE L2450_2615_1 SK2450 SK2615 0.489516 4.638128 0. 0. 1 ;
LINE L2451_2615_1 SK2451 SK2615 0.563160 5.322584 0. 0. 1 ;
LINE L2454_2585_1 PL2454 PL2585 2.655516 25.127044 0. 0. 1 ;
LINE L2454_2585_2 PL2454 PL2585 2.655516 25.127044 0. 0. 1 ;
LINE L2454_2616_1 PL2454 PL2616 0.298908 2.821576 0. 0. 1 ;
LINE L2454_2616_2 PL2454 PL2616 0.298908 2.821576 0. 0. 1 ;
LINE L2455_2617_1 SK2455 SK2617 2.151560 20.356068 0. 0. 1 ;
LINE L2457_2618_1 BA2457 HR2618 5.299316 30.280976 0. 0. 1 ;
LINE L2457_2619_1 BA2457 BA2619 3.596120 20.548704 0. 0. 1 ;
LINE L2458_2459_1 BA2458 BA2459 0.350900 2.003760 0. 0. 1 ;
TRANSFO T2461_2620_1 RS2461 RS2620 0.138500 3.808800 0. 0. 100. 0. 100.0 1 ;
TRANSFO T2462_2621_1 RS2462 RS2621 0.138500 3.808800 0. 0. 100. 0. 100.0 1 ;
LINE L2463_2622_1 RS2463 RS2622 1.462772 13.845072 0. 0. 1 ;
LINE L2463_2623_1 RS2463 RS2623 2.564544 24.270752 0. 0. 1 ;
LINE L2463_2624_1 RS2463 RS2624 2.212208 20.935112 0. 0. 1 ;
LINE L2463_2624_2 RS2463 RS2624 2.212208 20.935112 0. 0. 1 ;
TRANSFO T2463_2625_1 RS2463 RS2625 0.138500 3.808800 0. 0. 100. 0. 100.0 1 ;
TRANSFO T2464_2624_1 RS2464 RS2624 0.138500 3.808800 0. 0. 100. 0. 100.0 1 ;
LINE L2464_2625_1 RS2464 RS2625 4.879688 27.883724 0. 0. 1 ;
LINE L2464_2626_1 RS2464 ME2626 5.484204 31.337548 0. 0. 1 ;
LINE L2464_2627_1 RS2464 RS2627 1.507660 8.614716 0. 0. 1 ;
LINE L2464_2628_1 RS2464 RS2628 2.304808 13.170124 0. 0. 1 ;
LINE L2464_2629_1 RS2464 RS2629 2.158156 12.333288 0. 0. 1 ;
LINE L2464_2630_1 RS2464 RS2630 8.185892 46.776664 0. 0. 1 ;
LINE L2465_2621_1 RS2465 RS2621 2.610212 14.916396 0. 0. 1 ;
LINE L2466_2631_1 BA2466 BA2631 1.562408 14.790892 0. 0. 1 ;
TRANSFO T2467_2632_1 BA2467 BA2632 0.138500 3.808800 0. 0. 100. 0. 100.0 1 ;
TRANSFO T2467_2633_1 BA2467 BA2633 0.138500 3.808800 0. 0. 100. 0. 100.0 1 ;
TRANSFO T2468_2634_1 ME2468 ME2634 0.138500 3.808800 0. 0. 100. 0. 100.0 1 ;
LINE L2469_2635_1 ME2469 AL2635 1.820884 17.232696 0. 0. 1 ;
LINE L2469_2636_1 ME2469 ME2636 2.220872 21.020308 0. 0. 1 ;
TRANSFO T2470_2471_1 BA2470 BA2471 0.413200 11.364000 0. 0. 100. 0. 100.0 1 ;
LINE L2471_2637_1 BA2471 ME2637 3.074368 17.568716 0. 0. 1 ;
LINE L2471_2638_1 BA2471 HR2638 1.214840 6.940560 0. 0. 1 ;
LINE L2471_2639_1 BA2471 HR2639 1.245332 7.115768 0. 0. 1 ;
LINE L2474_2640_1 IT2474 IT2640 0.503956 4.763756 0. 0. 1 ;
LINE L2476_2641_1 IT2476 IT2641 2.356608 22.301136 0. 0. 1 ;
LINE L2478_2642_1 IT2478 IT2642 3.738900 21.363760 0. 0. 1 ;
TRANSFO T2479_2643_1 IT2479 IT2643 0.138500 3.808800 0. 0. 100. 0. 100.0 1 ;
TRANSFO T2480_2644_1 IT2480 IT2644 0.138500 3.808800 0. 0. 100. 0. 100.0 1 ;
LINE L2481_2643_1 IT2481 IT2643 3.043876 17.393992 0. 0. 1 ;
LINE L2481_2644_1 IT2481 IT2644 0.702284 4.012844 0. 0. 1 ;
LINE L2481_2644_2 IT2481 IT2644 0.702284 4.012844 0. 0. 1 ;
TRANSFO T2482_2645_1 ES2482 ES2645 0.138500 3.808800 0. 0. 100. 0. 100.0 1 ;
LINE L2483_2645_1 ES2483 ES2645 3.505612 20.032760 0. 0. 1 ;
LINE L2484_2646_1 ES2484 ES2646 1.549768 8.854780 0. 0. 1 ;
LINE L2484_2646_2 ES2484 ES2646 1.549768 8.854780 0. 0. 1 ;
LINE L2485_2647_1 ES2485 ES2647 1.107548 10.486328 0. 0. 1 ;
LINE L2485_2647_2 ES2485 ES2647 1.107548 10.486328 0. 0. 1 ;
LINE L2485_2648_1 ES2485 ES2648 1.322704 12.516592 0. 0. 1 ;
LINE L2485_2649_1 ES2485 ES2649 1.724136 16.311424 0. 0. 1 ;
LINE L2485_2649_2 ES2485 ES2649 1.724136 16.311424 0. 0. 1 ;
LINE L2485_2650_1 ES2485 ES2650 1.019464 9.645920 0. 0. 1 ;
TRANSFO T2485_2651_1 ES2485 ES2651 0.138500 3.808800 0. 0. 100. 0. 100.0 1 ;
LINE L2486_2648_1 ES2486 ES2648 0.450528 4.269908 0. 0. 1 ;
LINE L2486_2648_2 ES2486 ES2648 0.450528 4.269908 0. 0. 1 ;
LINE L2487_2652_1 ES2487 ES2652 5.362720 30.644944 0. 0. 1 ;
LINE L2487_2653_1 ES2487 ES2653 1.751112 10.006216 0. 0. 1 ;
LINE L2487_2654_1 ES2487 ES2654 0.731808 4.181760 0. 0. 1 ;
LINE L2488_2655_1 ES2488 ES2655 0.522728 4.941368 0. 0. 1 ;
LINE L2489_2656_1 ES2489 ES2656 0.430312 4.076412 0. 0. 1 ;
LINE L2489_2656_2 ES2489 ES2656 0.430312 4.076412 0. 0. 1 ;
LINE L2489_2657_1 ES2489 ES2657 0.215156 2.030264 0. 0. 1 ;
LINE L2490_2658_1 ES2490 ES2658 0.743660 7.039500 0. 0. 1 ;
LINE L2490_2658_2 ES2490 ES2658 0.743660 7.039500 0. 0. 1 ;
LINE L2490_2658_3 ES2490 ES2658 0.103968 0.987696 0. 0. 1 ;
LINE L2490_2658_4 ES2490 ES2658 0.103968 0.987696 0. 0. 1 ;
LINE L2491_2659_1 ES2491 ES2659 0.345116 3.260552 0. 0. 1 ;
LINE L2491_2659_2 ES2491 ES2659 0.345116 3.260552 0. 0. 1 ;
LINE L2491_2660_1 ES2491 ES2660 1.186968 11.228544 0. 0. 1 ;
LINE L2491_2660_2 ES2491 ES2660 1.186968 11.228544 0. 0. 1 ;
LINE L2492_2493_1 ES2492 ES2493 4.826448 27.578320 0. 0. 1 ;
LINE L2492_2661_1 ES2492 ES2661 0.864908 4.942124 0. 0. 1 ;
LINE L2492_2661_2 ES2492 ES2661 0.864908 4.942124 0. 0. 1 ;
LINE L2492_2662_1 ES2492 ES2662 2.329008 13.310000 0. 0. 1 ;
LINE L2492_2662_2 ES2492 ES2662 2.633444 15.047076 0. 0. 1 ;
LINE L2494_2663_1 ES2494 ES2663 0.476740 2.724436 0. 0. 1 ;
LINE L2494_2664_1 ES2494 ES2664 0.424952 2.427744 0. 0. 1 ;
LINE L2494_2664_2 ES2494 ES2664 0.424952 2.427744 0. 0. 1 ;
LINE L2495_2665_1 ES2495 ES2665 0.407208 3.859812 0. 0. 1 ;
LINE L2496_2549_1 ES2496 ES2549 1.093108 10.346260 0. 0. 1 ;
LINE L2498_2666_1 ES2498 ES2666 0.177612 1.675040 0. 0. 1 ;
LINE L2498_2666_2 ES2498 ES2666 0.177612 1.675040 0. 0. 1 ;
LINE L2498_2667_1 ES2498 ES2667 0.316236 2.990524 0. 0. 1 ;
LINE L2499_2668_1 ES2499 ES2668 1.612948 15.270300 0. 0. 1 ;
TRANSFO T2499_2669_1 ES2499 ES2669 0.138500 3.808800 0. 0. 100. 0. 100.0 1 ;
LINE L2500_2502_1 ES2500 ES2502 1.215808 6.947336 0. 0. 1 ;
LINE L2500_2502_2 ES2500 ES2502 1.215808 6.947336 0. 0. 1 ;
LINE L2500_2670_1 ES2500 ES2670 1.201288 6.864572 0. 0. 1 ;
LINE L2500_2671_1 ES2500 ES2671 6.811332 38.921344 0. 0. 1 ;
LINE L2501_2543_1 ES2501 ES2543 1.553640 8.878980 0. 0. 1 ;
LINE L2501_2543_2 ES2501 ES2543 1.553640 8.878980 0. 0. 1 ;
LINE L2501_2544_1 ES2501 ES2544 1.795156 10.258380 0. 0. 1 ;
LINE L2502_2672_1 ES2502 ES2672 1.926804 11.009064 0. 0. 1 ;
LINE L2503_2673_1 ES2503 ES2673 7.420688 42.402756 0. 0. 1 ;
LINE L2504_2674_1 ES2504 ES2674 0.857648 4.900500 0. 0. 1 ;
LINE L2504_2675_1 ES2504 ES2675 1.615108 9.229880 0. 0. 1 ;
LINE L2509_2647_1 ES2509 ES2647 3.009296 28.474236 0. 0. 1 ;
LINE L2509_2647_2 ES2509 ES2647 3.009296 28.474236 0. 0. 1 ;
LINE L2509_2676_1 ES2509 ES2676 1.100328 10.418460 0. 0. 1 ;
LINE L2509_2676_2 ES2509 ES2676 1.100328 10.418460 0. 0. 1 ;
TRANSFO T2509_2677_1 ES2509 ES2677 0.138500 3.808800 0. 0. 100. 0. 100.0 1 ;
LINE L2512_2514_1 ES2512 ES2514 0.124184 1.168196 0. 0. 1 ;
LINE L2512_2526_1 ES2512 ES2526 4.830180 45.706932 0. 0. 1 ;
TRANSFO T2513_2678_1 ES2513 ES2678 0.138500 3.808800 0. 0. 100. 0. 100.0 1 ;
LINE L2518_2679_1 ES2518 ES2679 0.551276 3.150840 0. 0. 1 ;
LINE L2518_2679_2 ES2518 ES2679 0.551276 3.150840 0. 0. 1 ;
LINE L2519_2520_1 ES2519 ES2520 3.602412 20.585004 0. 0. 1 ;
LINE L2519_2680_1 ES2519 ES2680 0.566764 3.239896 0. 0. 1 ;
LINE L2520_2545_1 ES2520 ES2545 5.223812 29.849248 0. 0. 1 ;
LINE L2520_2681_1 ES2520 ES2681 3.605800 20.603880 0. 0. 1 ;
LINE L2521_2523_1 ES2521 ES2523 1.106908 6.323944 0. 0. 1 ;
LINE L2521_2682_1 ES2521 ES2682 0.756976 4.325508 0. 0. 1 ;
LINE L2522_2524_1 ES2522 ES2524 1.491204 8.520820 0. 0. 1 ;
LINE L2522_2683_1 ES2522 ES2683 0.442860 2.529868 0. 0. 1 ;
LINE L2522_2684_1 ES2522 ES2684 5.388856 30.792080 0. 0. 1 ;
LINE L2522_2684_2 ES2522 ES2684 5.388856 30.792080 0. 0. 1 ;
LINE L2524_2685_1 ES2524 ES2685 1.839684 10.511996 0. 0. 1 ;
LINE L2525_2686_1 ES2525 ES2686 1.760308 10.058004 0. 0. 1 ;
LINE L2525_2686_2 ES2525 ES2686 1.760308 10.058004 0. 0. 1 ;
LINE L2526_2527_1 ES2526 ES2527 1.540748 14.578624 0. 0. 1 ;
LINE L2526_2687_1 ES2526 ES2687 1.188412 11.247316 0. 0. 1 ;
LINE L2526_2688_1 ES2526 ES2688 0.404320 3.832376 0. 0. 1 ;
LINE L2526_2689_1 ES2526 ES2689 1.498872 14.187300 0. 0. 1 ;
TRANSFO T2526_2690_1 ES2526 ES2690 0.138500 3.808800 0. 0. 100. 0. 100.0 1 ;
LINE L2528_2691_1 ES2528 ES2691 2.749120 15.709188 0. 0. 1 ;
LINE L2528_2692_1 ES2528 ES2692 1.300508 7.431820 0. 0. 1 ;
TRANSFO T2529_2693_1 ES2529 ES2693 0.138500 3.808800 0. 0. 100. 0. 100.0 1 ;
LINE L2530_2694_1 ES2530 ES2694 0.252700 2.397040 0. 0. 1 ;
LINE L2530_2694_2 ES2530 ES2694 0.252700 2.397040 0. 0. 1 ;
TRANSFO T2530_2695_1 ES2530 ES2695 0.138500 3.808800 0. 0. 100. 0. 100.0 1 ;
LINE L2531_2532_1 ES2531 ES2532 0.739328 7.003400 0. 0. 1 ;
LINE L2531_2668_1 ES2531 ES2668 0.964592 9.124636 0. 0. 1 ;
LINE L2533_2534_1 ES2533 ES2534 0.534280 5.056888 0. 0. 1 ;
LINE L2533_2696_1 ES2533 ES2696 0.704672 6.662616 0. 0. 1 ;
LINE L2534_2549_1 ES2534 ES2549 0.239704 2.264192 0. 0. 1 ;
LINE L2535_2697_1 ES2535 ES2697 0.644204 3.681304 0. 0. 1 ;
LINE L2535_2697_2 ES2535 ES2697 0.644204 3.681304 0. 0. 1 ;
LINE L2535_2698_1 ES2535 ES2698 0.908952 5.193804 0. 0. 1 ;
LINE L2537_2699_1 ES2537 ES2699 3.605668 34.127496 0. 0. 1 ;
LINE L2537_2699_2 ES2537 ES2699 3.605668 34.127496 0. 0. 1 ;
LINE L2537_2700_1 ES2537 ES2700 2.547216 24.106136 0. 0. 1 ;
LINE L2537_2700_2 ES2537 ES2700 2.547216 24.106136 0. 0. 1 ;
LINE L2537_2701_1 ES2537 ES2701 5.085768 48.129964 0. 0. 1 ;
LINE L2537_2701_2 ES2537 ES2701 5.085768 48.129964 0. 0. 1 ;
LINE L2537_2702_1 ES2537 ES2702 4.495172 42.546016 0. 0. 1 ;
LINE L2537_2703_1 ES2537 ES2703 6.627960 62.734580 0. 0. 1 ;
TRANSFO T2537_2704_1 ES2537 ES2704 0.138500 3.808800 0. 0. 100. 0. 100.0 1 ;
LINE L2538_2705_1 PT2538 PT2705 0.373996 3.533468 0. 0. 1 ;
LINE L2539_2706_1 PT2539 PT2706 0.563160 5.332692 0. 0. 1 ;
LINE L2539_2706_2 PT2539 PT2706 0.563160 5.332692 0. 0. 1 ;
LINE L2539_2706_3 PT2539 PT2706 0.944376 8.938360 0. 0. 1 ;
LINE L2539_2707_1 PT2539 PT2707 0.457748 4.337776 0. 0. 1 ;
LINE L2539_2708_1 PT2539 PT2708 0.020216 0.192052 0. 0. 1 ;
LINE L2539_2708_2 PT2539 PT2708 0.020216 0.192052 0. 0. 1 ;
TRANSFO T2539_2709_1 PT2539 PT2709 0.138500 3.808800 0. 0. 100. 0. 100.0 1 ;
LINE L2540_2710_1 PT2540 PT2710 2.859472 16.338388 0. 0. 1 ;
LINE L2540_2711_1 PT2540 PT2711 2.206072 12.605296 0. 0. 1 ;
LINE L2540_2712_1 PT2540 PT2712 2.022152 11.555500 0. 0. 1 ;
LINE L2540_2712_2 PT2540 PT2712 2.022152 11.555500 0. 0. 1 ;
LINE L2541_2713_1 ES2541 PT2713 1.479588 8.454028 0. 0. 1 ;
LINE L2541_2713_2 ES2541 PT2713 1.479588 8.454028 0. 0. 1 ;
LINE L2542_2709_1 PT2542 PT2709 4.993912 28.537608 0. 0. 1 ;
LINE L2542_2713_1 PT2542 PT2713 1.397792 7.986968 0. 0. 1 ;
LINE L2542_2713_2 PT2542 PT2713 1.313576 7.504904 0. 0. 1 ;
LINE L2542_2714_1 PT2542 PT2714 0.806828 4.611068 0. 0. 1 ;
LINE L2542_2715_1 PT2542 PT2715 3.692436 21.099496 0. 0. 1 ;
LINE L2542_2715_2 PT2542 PT2715 3.555948 20.320740 0. 0. 1 ;
LINE L2543_2544_1 ES2543 ES2544 0.367356 2.097656 0. 0. 1 ;
LINE L2543_2544_2 ES2543 ES2544 0.367356 2.097656 0. 0. 1 ;
LINE L2546_2716_1 ES2546 ES2716 6.448332 36.847888 0. 0. 1 ;
LINE L2546_2717_1 ES2546 ES2717 0.330088 1.885664 0. 0. 1 ;
LINE L2547_2681_1 ES2547 ES2681 2.135408 12.203092 0. 0. 1 ;
LINE L2547_2718_1 ES2547 ES2718 1.047376 5.985144 0. 0. 1 ;
LINE L2550_2719_1 ES2550 ES2719 1.259168 11.917332 0. 0. 1 ;
LINE L2550_2719_2 ES2550 ES2719 1.259168 11.917332 0. 0. 1 ;
LINE L2551_2720_1 ES2551 ES2720 2.253020 12.874400 0. 0. 1 ;
LINE L2551_2720_2 ES2551 ES2720 2.253020 12.874400 0. 0. 1 ;
LINE L2552_2721_1 ES2552 ES2721 1.348908 7.708668 0. 0. 1 ;
LINE L2552_2721_2 ES2552 ES2721 1.348908 7.708668 0. 0. 1 ;
LINE L2553_2722_1 ES2553 ES2722 3.912172 22.354508 0. 0. 1 ;
LINE L2553_2722_2 ES2553 ES2722 3.912172 22.354508 0. 0. 1 ;
LINE L2553_2723_1 ES2553 ES2723 1.857108 10.610732 0. 0. 1 ;
LINE L2553_2723_2 ES2553 ES2723 1.857108 10.610732 0. 0. 1 ;
LINE L2554_2724_1 ES2554 ES2724 0.366872 2.096204 0. 0. 1 ;
LINE L2554_2725_1 ES2554 ES2725 1.548800 8.848972 0. 0. 1 ;
LINE L2554_2725_2 ES2554 ES2725 1.548800 8.848972 0. 0. 1 ;
LINE L2554_2726_1 ES2554 ES2726 0.885236 5.057316 0. 0. 1 ;
LINE L2554_2726_2 ES2554 ES2726 0.885236 5.057316 0. 0. 1 ;
LINE L2555_2727_1 ES2555 ES2727 6.975892 39.862724 0. 0. 1 ;
LINE L2555_2728_1 ES2555 ES2728 1.691580 9.665964 0. 0. 1 ;
LINE L2555_2728_2 ES2555 ES2728 1.691580 9.665964 0. 0. 1 ;
LINE L2557_2729_1 DE2557 DE2729 0.375440 3.549352 0. 0. 1 ;
LINE L2557_2729_2 DE2557 DE2729 0.375440 3.549352 0. 0. 1 ;
LINE L2557_2730_1 DE2557 DE2730 0.313348 2.964532 0. 0. 1 ;
LINE L2557_2730_2 DE2557 DE2730 0.313348 2.964532 0. 0. 1 ;
LINE L2560_2731_1 DE2560 DE2731 0.704704 4.027364 0. 0. 1 ;
LINE L2560_2731_2 DE2560 DE2731 0.704704 4.027364 0. 0. 1 ;
LINE L2562_2732_1 DE2562 DE2732 0.453024 2.588432 0. 0. 1 ;
LINE L2562_2732_2 DE2562 DE2732 0.453024 2.588432 0. 0. 1 ;
LINE L2564_2733_1 DE2564 DE2733 1.471436 13.921604 0. 0. 1 ;
LINE L2564_2733_2 DE2564 DE2733 1.471436 13.921604 0. 0. 1 ;
LINE L2564_2734_1 DE2564 DE2734 0.102524 0.966036 0. 0. 1 ;
LINE L2564_2734_2 DE2564 DE2734 0.102524 0.966036 0. 0. 1 ;
LINE L2564_2735_1 DE2564 DE2735 0.301796 2.853344 0. 0. 1 ;
LINE L2565_2567_1 DE2565 DE2567 0.817304 7.739840 0. 0. 1 ;
LINE L2565_2567_2 DE2565 DE2567 0.817304 7.739840 0. 0. 1 ;
LINE L2565_2734_1 DE2565 DE2734 1.169640 11.071148 0. 0. 1 ;
LINE L2565_2734_2 DE2565 DE2734 1.169640 11.071148 0. 0. 1 ;
TRANSFO T2565_2736_1 DE2565 DE2736 0.138500 3.808800 0. 0. 100. 0. 100.0 1 ;
LINE L2567_2577_1 DE2567 DE2577 0.600704 5.682140 0. 0. 1 ;
LINE L2567_2577_2 DE2567 DE2577 0.600704 5.682140 0. 0. 1 ;
LINE L2568_2569_1 DE2568 DE2569 0.742456 4.242744 0. 0. 1 ;
LINE L2568_2569_2 DE2568 DE2569 0.742456 4.242744 0. 0. 1 ;
LINE L2568_2569_3 DE2568 DE2569 0.742456 4.242744 0. 0. 1 ;
LINE L2568_2570_1 DE2568 DE2570 0.498520 2.848340 0. 0. 1 ;
LINE L2568_2570_2 DE2568 DE2570 0.498520 2.848340 0. 0. 1 ;
LINE L2568_2570_3 DE2568 DE2570 0.498520 2.848340 0. 0. 1 ;
LINE L2569_2737_1 DE2569 DE2737 0.428824 2.449524 0. 0. 1 ;
LINE L2569_2737_2 DE2569 DE2737 0.428824 2.449524 0. 0. 1 ;
LINE L2569_2737_3 DE2569 DE2737 0.428824 2.449524 0. 0. 1 ;
LINE L2571_2738_1 DE2571 DE2738 2.038608 11.648428 0. 0. 1 ;
LINE L2571_2738_2 DE2571 DE2738 2.038608 11.648428 0. 0. 1 ;
LINE L2575_2739_1 DE2575 DE2739 0.787952 4.503620 0. 0. 1 ;
LINE L2575_2739_2 DE2575 DE2739 0.787952 4.503620 0. 0. 1 ;
LINE L2575_2740_1 DE2575 DE2740 1.004784 5.742660 0. 0. 1 ;
LINE L2575_2740_2 DE2575 DE2740 1.004784 5.742660 0. 0. 1 ;
LINE L2576_2741_1 DE2576 DE2741 1.445444 13.683344 0. 0. 1 ;
LINE L2576_2741_2 DE2576 DE2741 1.445444 13.683344 0. 0. 1 ;
LINE L2577_2579_1 DE2577 DE2579 1.988388 18.812432 0. 0. 1 ;
LINE L2577_2579_2 DE2577 DE2579 1.988388 18.812432 0. 0. 1 ;
LINE L2578_2742_1 DE2578 DE2742 0.743908 4.251456 0. 0. 1 ;
LINE L2578_2742_2 DE2578 DE2742 0.743908 4.251456 0. 0. 1 ;
TRANSFO T2582_2741_1 DE2582 DE2741 0.138500 3.808800 0. 0. 100. 0. 100.0 1 ;
LINE L2582_2743_1 DE2582 DE2743 4.363260 24.933744 0. 0. 1 ;
LINE L2582_2743_2 DE2582 DE2743 4.258232 24.332616 0. 0. 1 ;
LINE L2582_2744_1 DE2582 DE2744 4.369552 24.967140 0. 0. 1 ;
LINE L2583_2745_1 PL2583 PL2745 0.518396 4.911044 0. 0. 1 ;
LINE L2583_2745_2 PL2583 PL2745 0.518396 4.911044 0. 0. 1 ;
LINE L2583_2746_1 PL2583 PL2746 1.110436 10.513764 0. 0. 1 ;
LINE L2583_2746_2 PL2583 PL2746 1.110436 10.513764 0. 0. 1 ;
LINE L2584_2747_1 PL2584 PL2747 0.131404 1.247616 0. 0. 1 ;
LINE L2586_2745_1 PL2586 PL2745 0.511176 4.840288 0. 0. 1 ;
LINE L2586_2745_2 PL2586 PL2745 0.511176 4.840288 0. 0. 1 ;
LINE L2586_2748_1 PL2586 PL2748 1.074336 10.165760 0. 0. 1 ;
LINE L2587_2593_1 PL2587 PL2593 1.149424 10.879096 0. 0. 1 ;
LINE L2588_2749_1 PL2588 PL2749 0.662596 3.786332 0. 0. 1 ;
LINE L2588_2749_2 PL2588 PL2749 0.662596 3.786332 0. 0. 1 ;
LINE L2588_2750_1 PL2588 PL2750 3.839088 21.936332 0. 0. 1 ;
LINE L2588_2750_2 PL2588 PL2750 3.839088 21.936332 0. 0. 1 ;
LINE L2589_2751_1 PL2589 PL2751 0.668572 6.326164 0. 0. 1 ;
LINE L2589_2751_2 PL2589 PL2751 0.668572 6.326164 0. 0. 1 ;
LINE L2591_2752_1 PL2591 PL2752 4.841936 27.668344 0. 0. 1 ;
LINE L2594_2753_1 PL2594 PL2753 5.891732 33.667040 0. 0. 1 ;
LINE L2595_2754_1 DE2595 DE2754 0.262808 2.490900 0. 0. 1 ;
LINE L2595_2754_2 DE2595 DE2754 0.262808 2.490900 0. 0. 1 ;
TRANSFO T2597_2755_1 DE2597 DE2755 0.138500 3.808800 0. 0. 100. 0. 100.0 1 ;
LINE L2600_2756_1 RO2600 RO2756 1.919076 18.166964 0. 0. 1 ;
LINE L2601_2757_1 RO2601 RO2757 3.100268 29.344968 0. 0. 1 ;
TRANSFO T2601_2758_1 RO2601 RO2758 0.138500 3.808800 0. 0. 100. 0. 100.0 1 ;
LINE L2602_2759_1 RO2602 RO2759 1.932128 11.039556 0. 0. 1 ;
LINE L2602_2759_2 RO2602 RO2759 1.932128 11.039556 0. 0. 1 ;
TRANSFO T2604_2605_1 HU2604 HU2605 0.138500 3.808800 0. 0. 100. 0. 100.0 1 ;
LINE L2604_2760_1 HU2604 HU2760 1.532084 14.496316 0. 0. 1 ;
LINE L2604_2761_1 HU2604 HU2761 0.867844 8.213472 0. 0. 1 ;
LINE L2604_2762_1 HU2604 HU2762 0.644024 6.098012 0. 0. 1 ;
LINE L2604_2762_2 HU2604 HU2762 0.644024 6.098012 0. 0. 1 ;
LINE L2605_2606_1 HU2605 HU2606 4.457640 25.472920 0. 0. 1 ;
LINE L2605_2763_1 HU2605 HU2763 2.771868 15.840352 0. 0. 1 ;
LINE L2605_2763_2 HU2605 HU2763 2.771868 15.840352 0. 0. 1 ;
LINE L2605_2764_1 HU2605 HU2764 1.897764 10.845472 0. 0. 1 ;
LINE L2605_2764_2 HU2605 HU2764 1.897764 10.845472 0. 0. 1 ;
LINE L2605_2765_1 HU2605 HU2765 6.343304 36.247728 0. 0. 1 ;
LINE L2605_2766_1 HU2605 HU2766 4.594612 26.254580 0. 0. 1 ;
LINE L2606_2765_1 HU2606 HU2765 3.481412 19.893852 0. 0. 1 ;
LINE L2608_2767_1 PL2608 PL2767 2.600532 14.858800 0. 0. 1 ;
LINE L2608_2767_2 PL2608 PL2767 2.600532 14.858800 0. 0. 1 ;
LINE L2608_2768_1 PL2608 PL2768 1.172732 6.700012 0. 0. 1 ;
LINE L2608_2768_2 PL2608 PL2768 1.172732 6.700012 0. 0. 1 ;
LINE L2608_2769_1 PL2608 PL2769 1.352296 7.726576 0. 0. 1 ;
LINE L2608_2770_1 PL2608 PL2770 1.297120 7.411976 0. 0. 1 ;
TRANSFO T2608_2771_1 PL2608 PL2771 0.138500 3.808800 0. 0. 100. 0. 100.0 1 ;
LINE L2608_2772_1 PL2608 PL2772 1.561384 8.921088 0. 0. 1 ;
TRANSFO T2609_2616_1 PL2609 PL2616 0.138500 3.808800 0. 0. 100. 0. 100.0 1 ;
LINE L2609_2773_1 PL2609 PL2773 1.678512 9.591912 0. 0. 1 ;
LINE L2609_2773_2 PL2609 PL2773 1.678512 9.591912 0. 0. 1 ;
LINE L2610_2774_1 PL2610 PL2774 0.218768 1.250172 0. 0. 1 ;
LINE L2610_2774_2 PL2610 PL2774 0.218768 1.250172 0. 0. 1 ;
LINE L2613_2775_1 SK2613 SK2775 0.827412 7.826480 0. 0. 1 ;
LINE L2613_2775_2 SK2613 SK2775 0.827412 7.826480 0. 0. 1 ;
LINE L2613_2776_1 SK2613 SK2776 1.575404 14.903524 0. 0. 1 ;
LINE L2613_2777_1 SK2613 PL2777 2.538552 24.031048 0. 0. 1 ;
LINE L2613_2777_2 SK2613 PL2777 2.538552 24.031048 0. 0. 1 ;
LINE L2613_2778_1 SK2613 SK2778 1.829548 17.310672 0. 0. 1 ;
LINE L2615_2779_1 SK2615 SK2779 0.225264 2.137120 0. 0. 1 ;
LINE L2615_2779_2 SK2615 SK2779 0.225264 2.137120 0. 0. 1 ;
LINE L2616_2780_1 PL2616 PL2780 1.087332 10.295720 0. 0. 1 ;
LINE L2616_2780_2 PL2616 PL2780 1.087332 10.295720 0. 0. 1 ;
LINE L2617_2781_1 SK2617 SK2781 2.863452 27.095216 0. 0. 1 ;
LINE L2617_2782_1 SK2617 SK2782 0.483740 4.577480 0. 0. 1 ;
LINE L2617_2782_2 SK2617 SK2782 0.483740 4.577480 0. 0. 1 ;
LINE L2618_2619_1 HR2618 BA2619 3.618868 20.678900 0. 0. 1 ;
LINE L2620_2625_1 RS2620 RS2625 1.687708 9.642732 0. 0. 1 ;
LINE L2621_2625_1 RS2621 RS2625 5.401924 30.868552 0. 0. 1 ;
LINE L2621_2783_1 RS2621 RS2783 3.603380 20.589844 0. 0. 1 ;
LINE L2622_2784_1 RS2622 RS2784 1.930628 18.276708 0. 0. 1 ;
LINE L2622_2785_1 RS2622 RS2785 0.509732 4.827292 0. 0. 1 ;
TRANSFO T2622_2786_1 RS2622 RS2786 0.138500 3.808800 0. 0. 100. 0. 100.0 1 ;
LINE L2623_2787_1 RS2623 RS2787 1.340032 12.685540 0. 0. 1 ;
LINE L2623_2788_1 RS2623 RS2788 0.873620 8.266900 0. 0. 1 ;
LINE L2625_2629_1 RS2625 RS2629 3.478508 19.876912 0. 0. 1 ;
LINE L2625_2630_1 RS2625 RS2630 2.758316 15.762428 0. 0. 1 ;
LINE L2625_2789_1 RS2625 RS2789 2.703140 15.447828 0. 0. 1 ;
LINE L2625_2790_1 RS2625 RS2790 2.031348 11.607772 0. 0. 1 ;
LINE L2625_2790_2 RS2625 RS2790 2.031348 11.607772 0. 0. 1 ;
LINE L2625_2790_3 RS2625 RS2790 2.084588 11.912208 0. 0. 1 ;
LINE L2625_2790_4 RS2625 RS2790 2.084588 11.912208 0. 0. 1 ;
LINE L2626_2628_1 ME2626 RS2628 5.914964 33.799172 0. 0. 1 ;
LINE L2626_2634_1 ME2626 ME2634 2.495020 14.255736 0. 0. 1 ;
LINE L2626_2634_2 ME2626 ME2634 2.395800 13.688972 0. 0. 1 ;
TRANSFO T2626_2791_1 ME2626 ME2791 0.138500 3.808800 0. 0. 100. 0. 100.0 1 ;
LINE L2626_2792_1 ME2626 ME2792 3.358960 19.193988 0. 0. 1 ;
LINE L2627_2628_1 RS2627 RS2628 1.885180 10.771904 0. 0. 1 ;
LINE L2627_2633_1 RS2627 BA2633 1.828068 10.445204 0. 0. 1 ;
LINE L2627_2793_1 RS2627 RS2793 1.522180 8.697964 0. 0. 1 ;
LINE L2628_2794_1 RS2628 RS2794 1.788864 10.223048 0. 0. 1 ;
LINE L2628_2795_1 RS2628 RS2795 2.983376 17.048900 0. 0. 1 ;
LINE L2630_2786_1 RS2630 RS2786 1.331000 7.604124 0. 0. 1 ;
LINE L2630_2786_2 RS2630 RS2786 1.254044 7.167072 0. 0. 1 ;
TRANSFO T2632_2633_1 BA2632 BA2633 0.413200 11.364000 0. 0. 100. 0. 100.0 1 ;
LINE L2635_2796_1 AL2635 AL2796 2.220872 21.018864 0. 0. 1 ;
LINE L2635_2796_2 AL2635 AL2796 2.220872 21.018864 0. 0. 1 ;
LINE L2635_2797_1 AL2635 AL2797 0.672904 6.363708 0. 0. 1 ;
LINE L2636_2791_1 ME2636 ME2791 1.748684 16.551128 0. 0. 1 ;
LINE L2636_2798_1 ME2636 RS2798 1.173972 11.108692 0. 0. 1 ;
LINE L2637_2799_1 ME2637 ME2799 2.247696 12.844392 0. 0. 1 ;
LINE L2640_2800_1 IT2640 IT2800 3.400620 32.180984 0. 0. 1 ;
LINE L2641_2801_1 IT2641 IT2801 1.171084 11.076924 0. 0. 1 ;
LINE L2642_2643_1 IT2642 IT2643 4.075764 23.291048 0. 0. 1 ;
LINE L2645_2653_1 ES2645 ES2653 4.468772 25.536324 0. 0. 1 ;
LINE L2645_2802_1 ES2645 ES2802 0.670340 3.829408 0. 0. 1 ;
LINE L2646_2803_1 ES2646 ES2803 0.999460 5.711200 0. 0. 1 ;
LINE L2647_2804_1 ES2647 ES2804 0.319124 3.019404 0. 0. 1 ;
LINE L2647_2804_2 ES2647 ES2804 0.319124 3.019404 0. 0. 1 ;
LINE L2648_2655_1 ES2648 ES2655 0.212268 2.014380 0. 0. 1 ;
LINE L2649_2805_1 ES2649 ES2805 0.025992 0.239704 0. 0. 1 ;
LINE L2649_2805_2 ES2649 ES2805 0.025992 0.239704 0. 0. 1 ;
LINE L2649_2806_1 ES2649 ES2806 1.348696 12.767848 0. 0. 1 ;
LINE L2649_2806_2 ES2649 ES2806 1.348696 12.767848 0. 0. 1 ;
LINE L2650_2807_1 ES2650 ES2807 0.772540 7.305196 0. 0. 1 ;
LINE L2650_2808_1 ES2650 ES2808 0.336452 3.185464 0. 0. 1 ;
LINE L2650_2808_2 ES2650 ES2808 0.336452 3.185464 0. 0. 1 ;
LINE L2651_2809_1 ES2651 ES2809 1.433608 8.191700 0. 0. 1 ;
LINE L2652_2810_1 ES2652 ES2810 1.554124 8.879948 0. 0. 1 ;
LINE L2652_2811_1 ES2652 ES2811 1.320352 7.544592 0. 0. 1 ;
LINE L2652_2811_2 ES2652 ES2811 1.320352 7.544592 0. 0. 1 ;
LINE L2653_2812_1 ES2653 ES2812 0.317504 1.813064 0. 0. 1 ;
LINE L2653_2812_2 ES2653 ES2812 0.317504 1.813064 0. 0. 1 ;
LINE L2654_2663_1 ES2654 ES2663 0.786016 4.492004 0. 0. 1 ;
LINE L2655_2813_1 ES2655 ES2813 0.317680 3.002076 0. 0. 1 ;
LINE L2655_2813_2 ES2655 ES2813 0.317680 3.002076 0. 0. 1 ;
LINE L2656_2814_1 ES2656 ES2814 1.049788 9.939052 0. 0. 1 ;
TRANSFO T2656_2815_1 ES2656 ES2815 0.138500 3.808800 0. 0. 100. 0. 100.0 1 ;
LINE L2657_2816_1 ES2657 ES2816 0.356668 3.380404 0. 0. 1 ;
LINE L2657_2816_2 ES2657 ES2816 0.356668 3.380404 0. 0. 1 ;
LINE L2657_2817_1 ES2657 ES2817 1.155200 10.929636 0. 0. 1 ;
LINE L2658_2660_1 ES2658 ES2660 1.184080 11.206884 0. 0. 1 ;
LINE L2658_2660_2 ES2658 ES2660 1.184080 11.206884 0. 0. 1 ;
LINE L2660_2814_1 ES2660 ES2814 1.173972 11.107248 0. 0. 1 ;
LINE L2660_2818_1 ES2660 ES2818 0.980476 9.284920 0. 0. 1 ;
LINE L2660_2818_2 ES2660 ES2818 0.980476 9.284920 0. 0. 1 ;
LINE L2661_2819_1 ES2661 ES2819 0.617100 3.526908 0. 0. 1 ;
LINE L2661_2819_2 ES2661 ES2819 0.617100 3.526908 0. 0. 1 ;
LINE L2661_2820_1 ES2661 ES2820 0.639364 3.653716 0. 0. 1 ;
LINE L2661_2820_2 ES2661 ES2820 0.639364 3.653716 0. 0. 1 ;
LINE L2661_2821_1 ES2661 ES2821 1.057540 6.042740 0. 0. 1 ;
LINE L2662_2822_1 ES2662 ES2822 2.340624 13.373888 0. 0. 1 ;
LINE L2662_2822_2 ES2662 ES2822 2.460172 14.057780 0. 0. 1 ;
LINE L2666_2667_1 ES2666 ES2667 0.322012 3.054060 0. 0. 1 ;
LINE L2666_2823_1 ES2666 ES2823 1.802112 17.050752 0. 0. 1 ;
LINE L2666_2823_2 ES2666 ES2823 1.802112 17.050752 0. 0. 1 ;
LINE L2668_2824_1 ES2668 ES2824 1.675040 15.858008 0. 0. 1 ;
LINE L2668_2824_2 ES2668 ES2824 1.675040 15.858008 0. 0. 1 ;
TRANSFO T2668_2825_1 ES2668 ES2825 0.138500 3.808800 0. 0. 100. 0. 100.0 1 ;
LINE L2669_2826_1 ES2669 ES2826 3.130996 17.891060 0. 0. 1 ;
LINE L2669_2826_2 ES2669 ES2826 3.130996 17.891060 0. 0. 1 ;
LINE L2670_2827_1 ES2670 ES2827 0.857648 4.899532 0. 0. 1 ;
LINE L2671_2825_1 ES2671 ES2825 2.894320 16.539248 0. 0. 1 ;
LINE L2671_2828_1 ES2671 ES2828 0.724548 4.139652 0. 0. 1 ;
LINE L2671_2829_1 ES2671 ES2829 5.065544 28.945620 0. 0. 1 ;
LINE L2672_2830_1 ES2672 ES2830 2.768964 15.822928 0. 0. 1 ;
LINE L2672_2831_1 ES2672 ES2831 0.438504 2.506152 0. 0. 1 ;
LINE L2673_2832_1 ES2673 ES2832 2.199296 12.566576 0. 0. 1 ;
LINE L2673_2833_1 ES2673 ES2833 1.026564 5.867048 0. 0. 1 ;
LINE L2674_2834_1 ES2674 ES2834 2.762672 15.787596 0. 0. 1 ;
LINE L2675_2834_1 ES2675 ES2834 0.665016 3.798916 0. 0. 1 ;
LINE L2676_2835_1 ES2676 ES2835 0.680124 6.434464 0. 0. 1 ;
LINE L2676_2835_2 ES2676 ES2835 0.680124 6.434464 0. 0. 1 ;
LINE L2676_2836_1 ES2676 ES2836 0.313348 2.968864 0. 0. 1 ;
LINE L2676_2836_2 ES2676 ES2836 0.313348 2.968864 0. 0. 1 ;
LINE L2677_2837_1 ES2677 ES2837 3.495448 19.974196 0. 0. 1 ;
LINE L2678_2838_1 ES2678 ES2838 0.745844 4.262104 0. 0. 1 ;
LINE L2678_2838_2 ES2678 ES2838 0.745844 4.262104 0. 0. 1 ;
LINE L2679_2839_1 ES2679 ES2839 0.405592 2.317392 0. 0. 1 ;
LINE L2679_2839_2 ES2679 ES2839 0.405592 2.317392 0. 0. 1 ;
LINE L2680_2840_1 ES2680 ES2840 0.376552 2.150896 0. 0. 1 ;
LINE L2680_2840_2 ES2680 ES2840 0.376552 2.150896 0. 0. 1 ;
LINE L2680_2841_1 ES2680 ES2841 0.112772 0.645172 0. 0. 1 ;
LINE L2681_2842_1 ES2681 ES2842 1.517824 8.672796 0. 0. 1 ;
LINE L2684_2690_1 ES2684 ES2690 3.446564 19.693476 0. 0. 1 ;
LINE L2685_2691_1 ES2685 ES2691 1.319384 7.537816 0. 0. 1 ;
TRANSFO T2686_2843_1 ES2686 ES2843 0.138500 3.808800 0. 0. 100. 0. 100.0 1 ;
TRANSFO T2687_2844_1 ES2687 ES2844 0.138500 3.808800 0. 0. 100. 0. 100.0 1 ;
LINE L2690_2845_1 ES2690 ES2845 0.895884 5.118300 0. 0. 1 ;
LINE L2690_2846_1 ES2690 ES2846 2.839628 16.227068 0. 0. 1 ;
LINE L2693_2847_1 ES2693 ES2847 1.253076 7.160296 0. 0. 1 ;
LINE L2694_2699_1 ES2694 ES2699 2.459132 23.274392 0. 0. 1 ;
LINE L2694_2699_2 ES2694 ES2699 2.459132 23.274392 0. 0. 1 ;
LINE L2694_2848_1 ES2694 ES2848 1.898860 17.964804 0. 0. 1 ;
LINE L2694_2848_2 ES2694 ES2848 1.898860 17.964804 0. 0. 1 ;
LINE L2695_2849_1 ES2695 ES2849 2.029896 11.600028 0. 0. 1 ;
LINE L2695_2849_2 ES2695 ES2849 2.029896 11.600028 0. 0. 1 ;
LINE L2695_2850_1 ES2695 ES2850 1.180476 6.746476 0. 0. 1 ;
LINE L2695_2850_2 ES2695 ES2850 1.180476 6.746476 0. 0. 1 ;
LINE L2697_2851_1 ES2697 ES2851 0.506264 2.893836 0. 0. 1 ;
LINE L2698_2825_1 ES2698 ES2825 0.684860 3.912656 0. 0. 1 ;
LINE L2698_2826_1 ES2698 ES2826 0.634040 3.621772 0. 0. 1 ;
LINE L2698_2826_2 ES2698 ES2826 0.634040 3.621772 0. 0. 1 ;
LINE L2698_2852_1 ES2698 ES2852 1.194512 6.826336 0. 0. 1 ;
TRANSFO T2699_2853_1 ES2699 ES2853 0.138500 3.808800 0. 0. 100. 0. 100.0 1 ;
LINE L2700_2854_1 ES2700 ES2854 3.129148 29.613552 0. 0. 1 ;
LINE L2700_2854_2 ES2700 ES2854 3.129148 29.613552 0. 0. 1 ;
TRANSFO T2700_2855_1 ES2700 ES2855 0.138500 3.808800 0. 0. 100. 0. 100.0 1 ;
LINE L2701_2807_1 ES2701 ES2807 4.176048 39.526612 0. 0. 1 ;
LINE L2701_2807_2 ES2701 ES2807 4.176048 39.526612 0. 0. 1 ;
LINE L2702_2856_1 ES2702 ES2856 0.844740 7.988208 0. 0. 1 ;
LINE L2702_2857_1 ES2702 ES2857 2.606420 24.672184 0. 0. 1 ;
LINE L2703_2858_1 ES2703 ES2858 2.402816 22.740112 0. 0. 1 ;
LINE L2703_2858_2 ES2703 ES2858 2.402816 22.740112 0. 0. 1 ;
LINE L2703_2859_1 ES2703 ES2859 1.921964 18.187180 0. 0. 1 ;
LINE L2703_2859_2 ES2703 ES2859 1.921964 18.187180 0. 0. 1 ;
LINE L2703_2860_1 ES2703 ES2860 3.966668 37.544000 0. 0. 1 ;
TRANSFO T2703_2861_1 ES2703 ES2861 0.138500 3.808800 0. 0. 100. 0. 100.0 1 ;
LINE L2704_2862_1 ES2704 ES2862 0.625812 3.575792 0. 0. 1 ;
LINE L2704_2862_2 ES2704 ES2862 0.625812 3.575792 0. 0. 1 ;
LINE L2704_2863_1 ES2704 ES2863 1.162568 6.643384 0. 0. 1 ;
TRANSFO T2705_2712_1 PT2705 PT2712 0.138500 3.808800 0. 0. 100. 0. 100.0 1 ;
TRANSFO T2706_2864_1 PT2706 PT2864 0.138500 3.808800 0. 0. 100. 0. 100.0 1 ;
LINE L2708_2865_1 PT2708 PT2865 1.376132 13.020548 0. 0. 1 ;
LINE L2708_2866_1 PT2708 PT2866 0.759544 7.191120 0. 0. 1 ;
LINE L2708_2866_2 PT2708 PT2866 0.759544 7.191120 0. 0. 1 ;
LINE L2709_2864_1 PT2709 PT2864 1.267596 7.244512 0. 0. 1 ;
LINE L2709_2864_2 PT2709 PT2864 1.267596 7.244512 0. 0. 1 ;
LINE L2709_2867_1 PT2709 PT2867 3.085984 17.634056 0. 0. 1 ;
LINE L2709_2867_2 PT2709 PT2867 3.085984 17.634056 0. 0. 1 ;
LINE L2710_2712_1 PT2710 PT2712 0.732776 4.187084 0. 0. 1 ;
LINE L2710_2868_1 PT2710 PT2868 1.825648 10.431168 0. 0. 1 ;
LINE L2710_2869_1 PT2710 PT2869 0.736164 4.205960 0. 0. 1 ;
TRANSFO T2711_2870_1 PT2711 PT2870 0.138500 3.808800 0. 0. 100. 0. 100.0 1 ;
LINE L2715_2871_1 PT2715 PT2871 1.901636 10.865316 0. 0. 1 ;
LINE L2715_2872_1 PT2715 PT2872 0.909436 5.197192 0. 0. 1 ;
LINE L2715_2872_2 PT2715 PT2872 0.909436 5.197192 0. 0. 1 ;
LINE L2715_2873_1 PT2715 PT2873 3.051136 17.434164 0. 0. 1 ;
LINE L2716_2842_1 ES2716 ES2842 0.181500 1.035760 0. 0. 1 ;
LINE L2716_2874_1 ES2716 ES2874 0.357192 2.041512 0. 0. 1 ;
LINE L2719_2807_1 ES2719 ES2807 1.305376 12.350532 0. 0. 1 ;
LINE L2719_2807_2 ES2719 ES2807 1.305376 12.350532 0. 0. 1 ;
LINE L2719_2835_1 ES2719 ES2835 0.648356 6.134112 0. 0. 1 ;
LINE L2719_2835_2 ES2719 ES2835 0.648356 6.134112 0. 0. 1 ;
LINE L2720_2875_1 ES2720 ES2875 1.049796 5.997728 0. 0. 1 ;
LINE L2720_2876_1 ES2720 ES2876 2.163964 12.366200 0. 0. 1 ;
LINE L2720_2877_1 ES2720 ES2877 0.807312 4.613972 0. 0. 1 ;
LINE L2720_2877_2 ES2720 ES2877 0.807312 4.613972 0. 0. 1 ;
LINE L2724_2878_1 ES2724 ES2878 0.240064 1.372140 0. 0. 1 ;
LINE L2724_2879_1 ES2724 ES2879 1.255496 7.172880 0. 0. 1 ;
LINE L2727_2880_1 ES2727 ES2880 1.119492 6.397996 0. 0. 1 ;
LINE L2733_2881_1 DE2733 DE2881 1.829548 17.312116 0. 0. 1 ;
LINE L2733_2881_2 DE2733 DE2881 1.829548 17.312116 0. 0. 1 ;
LINE L2733_2882_1 DE2733 DE2882 1.568184 14.841432 0. 0. 1 ;
LINE L2733_2882_2 DE2733 DE2882 1.568184 14.841432 0. 0. 1 ;
TRANSFO T2733_2883_1 DE2733 DE2883 0.138500 3.808800 0. 0. 100. 0. 100.0 1 ;
LINE L2734_2735_1 DE2734 DE2735 0.300352 2.836016 0. 0. 1 ;
LINE L2734_2884_1 DE2734 DE2884 0.141512 1.342920 0. 0. 1 ;
LINE L2734_2884_2 DE2734 DE2884 0.141512 1.342920 0. 0. 1 ;
TRANSFO T2735_2885_1 DE2735 DE2885 0.138500 3.808800 0. 0. 100. 0. 100.0 1 ;
LINE L2736_2738_1 DE2736 DE2738 0.640332 3.658072 0. 0. 1 ;
LINE L2736_2738_2 DE2736 DE2738 0.640332 3.658072 0. 0. 1 ;
LINE L2736_2738_3 DE2736 DE2738 0.640332 3.658072 0. 0. 1 ;
TRANSFO T2738_2882_1 DE2738 DE2882 0.138500 3.808800 0. 0. 100. 0. 100.0 1 ;
LINE L2738_2883_1 DE2738 DE2883 3.528360 20.161988 0. 0. 1 ;
LINE L2738_2883_2 DE2738 DE2883 3.528360 20.161988 0. 0. 1 ;
LINE L2738_2886_1 DE2738 DE2886 2.461140 14.064556 0. 0. 1 ;
LINE L2738_2886_2 DE2738 DE2886 2.461140 14.064556 0. 0. 1 ;
LINE L2738_2887_1 DE2738 DE2887 1.945196 11.116028 0. 0. 1 ;
LINE L2738_2887_2 DE2738 DE2887 1.945196 11.116028 0. 0. 1 ;
LINE L2740_2888_1 DE2740 DE2888 1.162568 6.643384 0. 0. 1 ;
LINE L2740_2888_2 DE2740 DE2888 1.162568 6.643384 0. 0. 1 ;
LINE L2741_2754_1 DE2741 DE2754 1.555188 14.720136 0. 0. 1 ;
LINE L2741_2754_2 DE2741 DE2754 1.555188 14.720136 0. 0. 1 ;
LINE L2743_2744_1 DE2743 DE2744 0.757460 4.326960 0. 0. 1 ;
LINE L2745_2889_1 PL2745 PL2889 1.422340 13.462412 0. 0. 1 ;
LINE L2746_2890_1 PL2746 PL2890 2.929876 27.724800 0. 0. 1 ;
LINE L2746_2890_2 PL2746 PL2890 2.929876 27.724800 0. 0. 1 ;
LINE L2746_2891_1 PL2746 PL2891 1.738576 16.452936 0. 0. 1 ;
LINE L2746_2891_2 PL2746 PL2891 1.738576 16.452936 0. 0. 1 ;
TRANSFO T2746_2892_1 PL2746 PL2892 0.138500 3.808800 0. 0. 100. 0. 100.0 1 ;
LINE L2747_2893_1 PL2747 PL2893 2.330616 22.059988 0. 0. 1 ;
LINE L2747_2893_2 PL2747 PL2893 2.330616 22.059988 0. 0. 1 ;
LINE L2747_2894_1 PL2747 PL2894 0.431756 4.082188 0. 0. 1 ;
LINE L2747_2894_2 PL2747 PL2894 0.431756 4.082188 0. 0. 1 ;
LINE L2748_2891_1 PL2748 PL2891 0.199272 1.878644 0. 0. 1 ;
LINE L2748_2895_1 PL2748 PL2895 0.193496 1.836768 0. 0. 1 ;
LINE L2748_2895_2 PL2748 PL2895 0.193496 1.836768 0. 0. 1 ;
TRANSFO T2748_2896_1 PL2748 PL2896 0.138500 3.808800 0. 0. 100. 0. 100.0 1 ;
TRANSFO T2750_2894_1 PL2750 PL2894 0.138500 3.808800 0. 0. 100. 0. 100.0 1 ;
LINE L2750_2897_1 PL2750 PL2897 6.506412 37.178944 0. 0. 1 ;
LINE L2750_2898_1 PL2750 PL2898 1.066252 6.091624 0. 0. 1 ;
LINE L2750_2899_1 PL2750 PL2899 2.027476 11.586476 0. 0. 1 ;
LINE L2752_2900_1 PL2752 PL2900 2.175580 12.431056 0. 0. 1 ;
LINE L2752_2901_1 PL2752 PL2901 0.949608 5.426608 0. 0. 1 ;
TRANSFO T2752_2902_1 PL2752 PL2902 0.138500 3.808800 0. 0. 100. 0. 100.0 1 ;
LINE L2753_2903_1 PL2753 PL2903 2.610212 14.914460 0. 0. 1 ;
LINE L2754_2904_1 DE2754 DE2904 0.163172 1.543636 0. 0. 1 ;
LINE L2754_2904_2 DE2754 DE2904 0.163172 1.543636 0. 0. 1 ;
LINE L2755_2902_1 DE2755 PL2902 0.425980 4.035980 0. 0. 1 ;
LINE L2755_2902_2 DE2755 PL2902 0.425980 4.035980 0. 0. 1 ;
LINE L2756_2905_1 RO2756 RO2905 3.592672 34.004756 0. 0. 1 ;
LINE L2757_2906_1 RO2757 RO2906 3.095936 29.304536 0. 0. 1 ;
LINE L2757_2907_1 RO2757 RO2907 4.359436 41.253636 0. 0. 1 ;
LINE L2757_2908_1 RO2757 RO2908 2.059144 19.481004 0. 0. 1 ;
TRANSFO T2757_2909_1 RO2757 RO2909 0.138500 3.808800 0. 0. 100. 0. 100.0 1 ;
LINE L2758_2910_1 RO2758 RO2910 7.366964 42.096868 0. 0. 1 ;
LINE L2758_2911_1 RO2758 RO2911 0.984456 5.626500 0. 0. 1 ;
LINE L2758_2911_2 RO2758 RO2911 0.984456 5.626500 0. 0. 1 ;
LINE L2758_2912_1 RO2758 RO2912 0.554664 3.169716 0. 0. 1 ;
LINE L2758_2912_2 RO2758 RO2912 0.554664 3.169716 0. 0. 1 ;
LINE L2759_2913_1 RO2759 RO2913 0.605000 3.456728 0. 0. 1 ;
LINE L2759_2914_1 RO2759 RO2914 0.597740 3.416556 0. 0. 1 ;
LINE L2759_2914_2 RO2759 RO2914 0.597740 3.416556 0. 0. 1 ;
TRANSFO T2761_2764_1 HU2761 HU2764 0.138500 3.808800 0. 0. 100. 0. 100.0 1 ;
LINE L2762_2915_1 HU2762 HU2915 0.853404 8.080624 0. 0. 1 ;
LINE L2763_2916_1 HU2763 HU2916 0.781660 4.465868 0. 0. 1 ;
LINE L2763_2916_2 HU2763 HU2916 0.781660 4.465868 0. 0. 1 ;
LINE L2765_2917_1 HU2765 HU2917 6.866024 39.235460 0. 0. 1 ;
TRANSFO T2765_2918_1 HU2765 HU2918 0.138500 3.808800 0. 0. 100. 0. 100.0 1 ;
LINE L2767_2919_1 PL2767 PL2919 1.681900 9.610788 0. 0. 1 ;
LINE L2767_2919_2 PL2767 PL2919 1.681900 9.610788 0. 0. 1 ;
TRANSFO T2767_2920_1 PL2767 PL2920 0.138500 3.808800 0. 0. 100. 0. 100.0 1 ;
LINE L2768_2921_1 PL2768 PL2921 2.927716 16.730912 0. 0. 1 ;
LINE L2768_2921_2 PL2768 PL2921 2.927716 16.730912 0. 0. 1 ;
LINE L2768_2922_1 PL2768 PL2922 2.089428 11.938828 0. 0. 1 ;
LINE L2769_2922_1 PL2769 PL2922 1.716264 9.805840 0. 0. 1 ;
LINE L2770_2774_1 PL2770 PL2774 0.741972 4.240808 0. 0. 1 ;
LINE L2770_2774_2 PL2770 PL2774 0.741972 4.240808 0. 0. 1 ;
LINE L2770_2923_1 PL2770 PL2923 0.623876 3.564176 0. 0. 1 ;
LINE L2770_2923_2 PL2770 PL2923 0.623876 3.564176 0. 0. 1 ;
LINE L2771_2924_1 PL2771 PL2924 0.275804 2.610752 0. 0. 1 ;
LINE L2771_2924_2 PL2771 PL2924 0.275804 2.610752 0. 0. 1 ;
LINE L2772_2925_1 PL2772 PL2925 0.790372 4.515236 0. 0. 1 ;
LINE L2773_2903_1 PL2773 PL2903 0.531432 3.036616 0. 0. 1 ;
LINE L2773_2903_2 PL2773 PL2903 0.531432 3.036616 0. 0. 1 ;
LINE L2773_2926_1 PL2773 PL2926 1.298088 7.416332 0. 0. 1 ;
LINE L2773_2926_2 PL2773 PL2926 1.298088 7.416332 0. 0. 1 ;
LINE L2774_2927_1 PL2774 PL2927 0.439472 2.510024 0. 0. 1 ;
LINE L2774_2927_2 PL2774 PL2927 0.439472 2.510024 0. 0. 1 ;
LINE L2775_2782_1 SK2775 SK2782 0.283024 2.678620 0. 0. 1 ;
LINE L2775_2928_1 SK2775 SK2928 0.213712 2.018712 0. 0. 1 ;
LINE L2776_2781_1 SK2776 SK2781 0.496736 4.697332 0. 0. 1 ;
LINE L2776_2929_1 SK2776 SK2929 0.469300 4.434524 0. 0. 1 ;
LINE L2776_2929_2 SK2776 SK2929 0.469300 4.434524 0. 0. 1 ;
LINE L2777_2930_1 PL2777 PL2930 1.956620 18.516412 0. 0. 1 ;
LINE L2777_2931_1 PL2777 PL2931 1.641828 15.538884 0. 0. 1 ;
LINE L2778_2932_1 SK2778 SK2932 2.486568 23.528536 0. 0. 1 ;
LINE L2779_2932_1 SK2779 SK2932 0.444752 4.203484 0. 0. 1 ;
LINE L2779_2932_2 SK2779 SK2932 0.638248 6.038808 0. 0. 1 ;
LINE L2779_2933_1 SK2779 SK2933 0.944376 8.939804 0. 0. 1 ;
LINE L2779_2933_2 SK2779 SK2933 0.994916 9.414880 0. 0. 1 ;
LINE L2780_2934_1 PL2780 PL2934 0.145844 1.379020 0. 0. 1 ;
LINE L2780_2935_1 PL2780 PL2935 0.495292 4.688668 0. 0. 1 ;
LINE L2782_2928_1 SK2782 SK2928 0.207936 1.968172 0. 0. 1 ;
LINE L2783_2936_1 RS2783 RS2936 3.245220 18.543008 0. 0. 1 ;
LINE L2784_2937_1 RS2784 RS2937 3.728408 35.285584 0. 0. 1 ;
LINE L2784_2938_1 RS2784 RS2938 1.267832 11.999640 0. 0. 1 ;
LINE L2785_2938_1 RS2785 RS2938 0.522728 4.939924 0. 0. 1 ;
LINE L2786_2936_1 RS2786 RS2936 2.002308 11.442244 0. 0. 1 ;
LINE L2786_2939_1 RS2786 RS2939 1.244848 7.114316 0. 0. 1 ;
TRANSFO T2787_2795_1 RS2787 RS2795 0.138500 3.808800 0. 0. 100. 0. 100.0 1 ;
LINE L2788_2940_1 RS2788 RS2940 2.141452 20.273760 0. 0. 1 ;
LINE L2788_2941_1 RS2788 RS2941 0.228152 2.163112 0. 0. 1 ;
LINE L2792_2799_1 ME2792 ME2799 4.637688 26.500936 0. 0. 1 ;
LINE L2794_2795_1 RS2794 RS2795 1.830488 10.459240 0. 0. 1 ;
LINE L2795_2942_1 RS2795 RS2942 3.778104 21.589304 0. 0. 1 ;
LINE L2796_2943_1 AL2796 AL2943 1.511868 14.301376 0. 0. 1 ;
TRANSFO T2796_2944_1 AL2796 AL2944 0.138500 3.808800 0. 0. 100. 0. 100.0 1 ;
LINE L2797_2945_1 AL2797 RS2945 3.302428 31.256824 0. 0. 1 ;
LINE L2798_2945_1 RS2798 RS2945 2.051924 19.416024 0. 0. 1 ;
LINE L2799_2946_1 ME2799 AL2946 2.135408 12.201156 0. 0. 1 ;
LINE L2800_2947_1 IT2800 IT2947 0.479408 4.535604 0. 0. 1 ;
LINE L2800_2947_2 IT2800 IT2947 0.479408 4.535604 0. 0. 1 ;
LINE L2800_2948_1 IT2800 IT2948 1.636052 15.481124 0. 0. 1 ;
LINE L2801_2947_1 IT2801 IT2947 0.564604 5.342800 0. 0. 1 ;
LINE L2806_2949_1 ES2806 ES2949 1.172528 11.101472 0. 0. 1 ;
LINE L2806_2949_2 ES2806 ES2949 1.172528 11.101472 0. 0. 1 ;
LINE L2806_2950_1 ES2806 ES2950 0.649800 6.149996 0. 0. 1 ;
LINE L2806_2950_2 ES2806 ES2950 0.649800 6.149996 0. 0. 1 ;
LINE L2807_2813_1 ES2807 ES2813 3.907464 36.985172 0. 0. 1 ;
LINE L2807_2848_1 ES2807 ES2848 1.997052 18.900516 0. 0. 1 ;
LINE L2807_2848_2 ES2807 ES2848 1.997052 18.900516 0. 0. 1 ;
LINE L2807_2951_1 ES2807 ES2951 8.707320 82.403304 0. 0. 1 ;
LINE L2807_2951_2 ES2807 ES2951 8.707320 82.403304 0. 0. 1 ;
TRANSFO T2807_2952_1 ES2807 ES2952 0.138500 3.808800 0. 0. 100. 0. 100.0 1 ;
LINE L2809_2953_1 ES2809 ES2953 0.839256 4.794504 0. 0. 1 ;
LINE L2809_2954_1 ES2809 ES2954 0.553212 3.161972 0. 0. 1 ;
LINE L2809_2954_2 ES2809 ES2954 0.553212 3.161972 0. 0. 1 ;
LINE L2810_2811_1 ES2810 ES2811 0.816024 4.662372 0. 0. 1 ;
LINE L2810_2811_2 ES2810 ES2811 0.816024 4.662372 0. 0. 1 ;
LINE L2810_2955_1 ES2810 ES2955 0.567248 3.241832 0. 0. 1 ;
LINE L2811_2815_1 ES2811 ES2815 1.672220 9.554160 0. 0. 1 ;
LINE L2811_2815_2 ES2811 ES2815 1.672220 9.554160 0. 0. 1 ;
LINE L2811_2956_1 ES2811 ES2956 2.890932 16.518436 0. 0. 1 ;
LINE L2811_2956_2 ES2811 ES2956 2.890932 16.518436 0. 0. 1 ;
LINE L2814_2818_1 ES2814 ES2818 0.285912 2.703168 0. 0. 1 ;
LINE L2814_2818_2 ES2814 ES2818 0.285912 2.703168 0. 0. 1 ;
LINE L2815_2957_1 ES2815 ES2957 0.536756 3.068076 0. 0. 1 ;
LINE L2815_2957_2 ES2815 ES2957 0.536756 3.068076 0. 0. 1 ;
LINE L2817_2958_1 ES2817 ES2958 0.752324 7.121808 0. 0. 1 ;
LINE L2817_2958_2 ES2817 ES2958 0.752324 7.121808 0. 0. 1 ;
LINE L2817_2959_1 ES2817 ES2959 1.120544 10.600404 0. 0. 1 ;
LINE L2818_2950_1 ES2818 ES2950 0.992028 9.393220 0. 0. 1 ;
LINE L2818_2950_2 ES2818 ES2950 0.992028 9.393220 0. 0. 1 ;
LINE L2818_2960_1 ES2818 ES2960 0.922716 8.727536 0. 0. 1 ;
LINE L2818_2960_2 ES2818 ES2960 0.922716 8.727536 0. 0. 1 ;
LINE L2822_2961_1 ES2822 ES2961 0.619520 3.539976 0. 0. 1 ;
LINE L2822_2961_2 ES2822 ES2961 0.619520 3.539976 0. 0. 1 ;
LINE L2823_2962_1 ES2823 ES2962 1.864204 17.647124 0. 0. 1 ;
LINE L2823_2963_1 ES2823 ES2963 1.104660 10.457448 0. 0. 1 ;
LINE L2823_2964_1 ES2823 ES2964 0.850516 8.044524 0. 0. 1 ;
LINE L2824_2965_1 ES2824 ES2965 0.651244 6.161548 0. 0. 1 ;
LINE L2824_2965_2 ES2824 ES2965 0.651244 6.161548 0. 0. 1 ;
LINE L2824_2966_1 ES2824 PT2966 0.864956 8.187480 0. 0. 1 ;
LINE L2824_2966_2 ES2824 PT2966 0.864956 8.187480 0. 0. 1 ;
TRANSFO T2824_2967_1 ES2824 ES2967 0.138500 3.808800 0. 0. 100. 0. 100.0 1 ;
LINE L2825_2826_1 ES2825 ES2826 0.442860 2.528900 0. 0. 1 ;
LINE L2825_2968_1 ES2825 ES2968 1.131592 6.466724 0. 0. 1 ;
LINE L2825_2969_1 ES2825 ES2969 2.184776 12.483328 0. 0. 1 ;
LINE L2828_2970_1 ES2828 ES2970 1.136916 6.496248 0. 0. 1 ;
LINE L2828_2971_1 ES2828 ES2971 1.135464 6.488020 0. 0. 1 ;
LINE L2828_2971_2 ES2828 ES2971 1.135464 6.488020 0. 0. 1 ;
LINE L2829_2972_1 ES2829 ES2972 4.007520 22.899492 0. 0. 1 ;
LINE L2829_2973_1 ES2829 ES2973 1.308736 7.479252 0. 0. 1 ;
LINE L2829_2974_1 ES2829 ES2974 1.385692 7.919208 0. 0. 1 ;
LINE L2829_2975_1 ES2829 ES2975 0.973808 5.565516 0. 0. 1 ;
TRANSFO T2829_2976_1 ES2829 ES2976 0.138500 3.808800 0. 0. 100. 0. 100.0 1 ;
LINE L2829_2977_1 ES2829 ES2977 2.521640 14.410132 0. 0. 1 ;
LINE L2829_2978_1 ES2829 ES2978 2.384184 13.623148 0. 0. 1 ;
LINE L2829_2979_1 ES2829 ES2979 4.370520 24.973916 0. 0. 1 ;
LINE L2830_2845_1 ES2830 ES2845 0.736648 4.209348 0. 0. 1 ;
LINE L2830_2980_1 ES2830 ES2980 0.516428 2.951916 0. 0. 1 ;
LINE L2830_2980_2 ES2830 ES2980 0.516428 2.951916 0. 0. 1 ;
LINE L2832_2981_1 ES2832 ES2981 0.521268 2.978052 0. 0. 1 ;
LINE L2835_2982_1 ES2835 ES2982 4.233808 40.068112 0. 0. 1 ;
TRANSFO T2835_2983_1 ES2835 ES2983 0.138500 3.808800 0. 0. 100. 0. 100.0 1 ;
LINE L2837_2984_1 ES2837 ES2984 1.969396 11.254452 0. 0. 1 ;
LINE L2837_2984_2 ES2837 ES2984 1.969396 11.254452 0. 0. 1 ;
LINE L2837_2985_1 ES2837 ES2985 1.648504 9.419608 0. 0. 1 ;
LINE L2841_2986_1 ES2841 ES2986 0.679536 3.883616 0. 0. 1 ;
LINE L2841_2987_1 ES2841 ES2987 0.436084 2.491148 0. 0. 1 ;
LINE L2841_2987_2 ES2841 ES2987 0.436084 2.491148 0. 0. 1 ;
LINE L2842_2874_1 ES2842 ES2874 0.373164 2.132020 0. 0. 1 ;
LINE L2843_2988_1 ES2843 ES2988 0.824524 7.804820 0. 0. 1 ;
LINE L2843_2988_2 ES2843 ES2988 0.824524 7.804820 0. 0. 1 ;
LINE L2844_2846_1 ES2844 ES2846 1.346004 7.691728 0. 0. 1 ;
LINE L2844_2846_2 ES2844 ES2846 1.346004 7.691728 0. 0. 1 ;
LINE L2844_2989_1 ES2844 ES2989 1.064316 6.080492 0. 0. 1 ;
LINE L2844_2989_2 ES2844 ES2989 1.064316 6.080492 0. 0. 1 ;
LINE L2844_2990_1 ES2844 ES2990 0.796180 4.549116 0. 0. 1 ;
LINE L2844_2990_2 ES2844 ES2990 0.796180 4.549116 0. 0. 1 ;
LINE L2845_2991_1 ES2845 ES2991 1.018820 5.821552 0. 0. 1 ;
LINE L2845_2991_2 ES2845 ES2991 1.018820 5.821552 0. 0. 1 ;
LINE L2846_2992_1 ES2846 ES2992 1.974236 11.279620 0. 0. 1 ;
LINE L2846_2993_1 ES2846 ES2993 1.321804 7.552336 0. 0. 1 ;
LINE L2846_2993_2 ES2846 ES2993 1.321804 7.552336 0. 0. 1 ;
LINE L2847_2994_1 ES2847 ES2994 0.584672 3.341052 0. 0. 1 ;
LINE L2848_2995_1 ES2848 ES2995 0.181944 1.719804 0. 0. 1 ;
LINE L2848_2995_2 ES2848 ES2995 0.181944 1.719804 0. 0. 1 ;
LINE L2849_2996_1 ES2849 ES2996 1.346004 7.691244 0. 0. 1 ;
LINE L2849_2996_2 ES2849 ES2996 1.346004 7.691244 0. 0. 1 ;
LINE L2850_2997_1 ES2850 ES2997 0.826188 4.721904 0. 0. 1 ;
LINE L2850_2998_1 ES2850 ES2998 0.417208 2.382732 0. 0. 1 ;
LINE L2852_2981_1 ES2852 ES2981 0.744392 4.253876 0. 0. 1 ;
LINE L2853_2999_1 ES2853 ES2999 0.725032 4.143524 0. 0. 1 ;
LINE L2853_3000_1 ES2853 ES3000 4.330348 24.745952 0. 0. 1 ;
LINE L2853_3000_2 ES2853 ES3000 4.330348 24.745952 0. 0. 1 ;
LINE L2853_3001_1 ES2853 ES3001 0.351384 2.007148 0. 0. 1 ;
LINE L2853_3001_2 ES2853 ES3001 0.342188 1.954392 0. 0. 1 ;
LINE L2854_2856_1 ES2854 ES2856 0.472188 4.469180 0. 0. 1 ;
LINE L2854_2856_2 ES2854 ES2856 0.472188 4.469180 0. 0. 1 ;
LINE L2854_2857_1 ES2854 ES2857 2.716164 25.704644 0. 0. 1 ;
LINE L2854_2857_2 ES2854 ES2857 2.716164 25.704644 0. 0. 1 ;
LINE L2854_3002_1 ES2854 PT3002 1.647604 15.592312 0. 0. 1 ;
LINE L2854_3002_2 ES2854 PT3002 1.647604 15.592312 0. 0. 1 ;
TRANSFO T2854_3003_1 ES2854 ES3003 0.138500 3.808800 0. 0. 100. 0. 100.0 1 ;
LINE L2855_3004_1 ES2855 ES3004 1.901152 10.862896 0. 0. 1 ;
LINE L2855_3004_2 ES2855 ES3004 1.901152 10.862896 0. 0. 1 ;
LINE L2856_3005_1 ES2856 ES3005 0.135736 1.288048 0. 0. 1 ;
LINE L2857_3006_1 ES2857 ES3006 2.472128 23.400020 0. 0. 1 ;
LINE L2857_3006_2 ES2857 ES3006 2.472128 23.400020 0. 0. 1 ;
LINE L2857_3007_1 ES2857 ES3007 0.739328 6.997624 0. 0. 1 ;
LINE L2857_3007_2 ES2857 ES3007 0.739328 6.997624 0. 0. 1 ;
LINE L2857_3008_1 ES2857 ES3008 3.313980 31.363680 0. 0. 1 ;
LINE L2857_3008_2 ES2857 ES3008 3.313980 31.363680 0. 0. 1 ;
LINE L2857_3009_1 ES2857 ES3009 6.089348 57.630040 0. 0. 1 ;
LINE L2857_3009_2 ES2857 ES3009 6.089348 57.630040 0. 0. 1 ;
TRANSFO T2857_3010_1 ES2857 ES3010 0.138500 3.808800 0. 0. 100. 0. 100.0 1 ;
LINE L2858_3011_1 ES2858 ES3011 0.950152 8.988900 0. 0. 1 ;
LINE L2858_3011_2 ES2858 ES3011 0.950152 8.988900 0. 0. 1 ;
LINE L2859_3009_1 ES2859 ES3009 2.863452 27.103880 0. 0. 1 ;
LINE L2859_3009_2 ES2859 ES3009 2.863452 27.103880 0. 0. 1 ;
LINE L2859_3012_1 ES2859 ES3012 0.372552 3.526248 0. 0. 1 ;
LINE L2859_3012_2 ES2859 ES3012 0.372552 3.526248 0. 0. 1 ;
LINE L2860_3013_1 ES2860 ES3013 2.147228 20.321412 0. 0. 1 ;
LINE L2860_3013_2 ES2860 ES3013 2.147228 20.321412 0. 0. 1 ;
LINE L2860_3014_1 ES2860 ES3014 1.159532 10.978732 0. 0. 1 ;
TRANSFO T2860_3015_1 ES2860 ES3015 0.138500 3.808800 0. 0. 100. 0. 100.0 1 ;
LINE L2861_3016_1 ES2861 ES3016 1.762728 10.071556 0. 0. 1 ;
LINE L2861_3016_2 ES2861 ES3016 1.762728 10.071556 0. 0. 1 ;
LINE L2861_3017_1 ES2861 ES3017 0.983488 5.619724 0. 0. 1 ;
LINE L2861_3018_1 ES2861 ES3018 2.326588 13.294996 0. 0. 1 ;
LINE L2861_3018_2 ES2861 ES3018 2.326588 13.294996 0. 0. 1 ;
LINE L2862_2863_1 ES2862 ES2863 0.745360 4.260168 0. 0. 1 ;
LINE L2862_3004_1 ES2862 ES3004 5.778476 33.018480 0. 0. 1 ;
LINE L2863_3019_1 ES2863 ES3019 6.836016 39.064124 0. 0. 1 ;
LINE L2863_3019_2 ES2863 ES3019 6.836016 39.064124 0. 0. 1 ;
LINE L2863_3020_1 ES2863 ES3020 0.999944 5.714588 0. 0. 1 ;
LINE L2863_3020_2 ES2863 ES3020 0.999944 5.714588 0. 0. 1 ;
LINE L2863_3021_1 ES2863 ES3021 4.081572 23.322992 0. 0. 1 ;
LINE L2863_3022_1 ES2863 ES3022 1.364396 7.796756 0. 0. 1 ;
LINE L2863_3023_1 ES2863 ES3023 0.973324 5.561160 0. 0. 1 ;
LINE L2863_3023_2 ES2863 ES3023 0.973324 5.561160 0. 0. 1 ;
LINE L2863_3023_3 ES2863 ES3023 0.973324 5.561160 0. 0. 1 ;
LINE L2864_3024_1 PT2864 PT3024 1.583648 9.050316 0. 0. 1 ;
LINE L2864_3024_2 PT2864 PT3024 1.583648 9.050316 0. 0. 1 ;
LINE L2864_3025_1 PT2864 PT3025 1.963104 11.216700 0. 0. 1 ;
LINE L2864_3025_2 PT2864 PT3025 1.963104 11.216700 0. 0. 1 ;
LINE L2864_3025_3 PT2864 PT3025 1.963104 11.216700 0. 0. 1 ;
LINE L2864_3026_1 PT2864 PT3026 2.281576 13.036056 0. 0. 1 ;
LINE L2866_3027_1 PT2866 PT3027 1.724136 16.314312 0. 0. 1 ;
LINE L2866_3027_2 PT2866 PT3027 1.724136 16.314312 0. 0. 1 ;
LINE L2867_2868_1 PT2867 PT2868 3.942180 22.526812 0. 0. 1 ;
LINE L2870_3028_1 PT2870 PT3028 1.482988 14.028460 0. 0. 1 ;
LINE L2870_3028_2 PT2870 PT3028 1.482988 14.028460 0. 0. 1 ;
LINE L2871_2873_1 PT2871 PT2873 1.021724 5.837524 0. 0. 1 ;
LINE L2871_3029_1 PT2871 PT3029 0.703736 4.022040 0. 0. 1 ;
LINE L2871_3029_2 PT2871 PT3029 0.703736 4.022040 0. 0. 1 ;
LINE L2872_3030_1 PT2872 PT3030 3.227796 18.444272 0. 0. 1 ;
LINE L2872_3030_2 PT2872 PT3030 3.227796 18.444272 0. 0. 1 ;
LINE L2872_3031_1 PT2872 PT3031 0.508200 2.904484 0. 0. 1 ;
LINE L2872_3031_2 PT2872 PT3031 0.508200 2.904484 0. 0. 1 ;
LINE L2873_3032_1 PT2873 PT3032 1.121428 6.407676 0. 0. 1 ;
LINE L2873_3032_2 PT2873 PT3032 1.332936 7.616224 0. 0. 1 ;
LINE L2875_3033_1 ES2875 ES3033 1.240008 7.086244 0. 0. 1 ;
LINE L2875_3034_1 ES2875 ES3034 1.020272 5.828812 0. 0. 1 ;
LINE L2876_3033_1 ES2876 ES3033 0.727936 4.158528 0. 0. 1 ;
LINE L2877_3035_1 ES2877 ES3035 0.810216 4.628492 0. 0. 1 ;
LINE L2878_2879_1 ES2878 ES2879 1.015916 5.806064 0. 0. 1 ;
LINE L2878_3036_1 ES2878 ES3036 1.845976 10.547328 0. 0. 1 ;
LINE L2880_3037_1 ES2880 ES3037 2.231240 12.748560 0. 0. 1 ;
LINE L2881_3038_1 DE2881 DK3038 0.867844 8.210584 0. 0. 1 ;
LINE L2881_3038_2 DE2881 DK3038 0.867844 8.210584 0. 0. 1 ;
LINE L2883_3039_1 DE2883 DE3039 1.255496 7.173364 0. 0. 1 ;
LINE L2883_3039_2 DE2883 DE3039 1.255496 7.173364 0. 0. 1 ;
LINE L2883_3040_1 DE2883 DE3040 3.469796 19.826092 0. 0. 1 ;
LINE L2883_3040_2 DE2883 DE3040 3.469796 19.826092 0. 0. 1 ;
TRANSFO T2884_3041_1 DE2884 DE3041 0.138500 3.808800 0. 0. 100. 0. 100.0 1 ;
LINE L2885_2887_1 DE2885 DE2887 1.834360 10.480536 0. 0. 1 ;
LINE L2885_2887_2 DE2885 DE2887 1.834360 10.480536 0. 0. 1 ;
LINE L2886_3042_1 DE2886 DE3042 0.903628 5.163312 0. 0. 1 ;
LINE L2887_3041_1 DE2887 DE3041 1.224036 6.993800 0. 0. 1 ;
LINE L2887_3041_2 DE2887 DE3041 1.224036 6.993800 0. 0. 1 ;
LINE L2888_3043_1 DE2888 DE3043 1.735140 9.915708 0. 0. 1 ;
LINE L2888_3043_2 DE2888 DE3043 1.735140 9.915708 0. 0. 1 ;
LINE L2890_3044_1 PL2890 PL3044 1.026684 9.716676 0. 0. 1 ;
LINE L2890_3045_1 PL2890 PL3045 1.057008 10.006920 0. 0. 1 ;
LINE L2891_2895_1 PL2891 PL2895 0.522728 4.945700 0. 0. 1 ;
LINE L2892_3046_1 PL2892 PL3046 0.863456 4.932928 0. 0. 1 ;
LINE L2892_3046_2 PL2892 PL3046 0.863456 4.932928 0. 0. 1 ;
LINE L2892_3047_1 PL2892 PL3047 2.206556 12.608200 0. 0. 1 ;
LINE L2892_3047_2 PL2892 PL3047 2.206556 12.608200 0. 0. 1 ;
LINE L2892_3048_1 PL2892 PL3048 1.242912 7.103184 0. 0. 1 ;
LINE L2892_3048_2 PL2892 PL3048 1.242912 7.103184 0. 0. 1 ;
LINE L2892_3049_1 PL2892 PL3049 3.179396 18.166456 0. 0. 1 ;
LINE L2892_3050_1 PL2892 PL3050 1.473780 8.421600 0. 0. 1 ;
LINE L2893_3051_1 PL2893 PL3051 0.553052 5.231612 0. 0. 1 ;
LINE L2893_3051_2 PL2893 PL3051 0.553052 5.231612 0. 0. 1 ;
LINE L2894_2902_1 PL2894 PL2902 5.735568 54.282848 0. 0. 1 ;
LINE L2894_3052_1 PL2894 PL3052 3.033844 28.708164 0. 0. 1 ;
LINE L2894_3052_2 PL2894 PL3052 3.033844 28.708164 0. 0. 1 ;
LINE L2895_3053_1 PL2895 PL3053 0.814416 7.708072 0. 0. 1 ;
LINE L2895_3053_2 PL2895 PL3053 0.814416 7.708072 0. 0. 1 ;
LINE L2896_2922_1 PL2896 PL2922 2.401124 13.721400 0. 0. 1 ;
LINE L2896_3048_1 PL2896 PL3048 4.179824 23.884432 0. 0. 1 ;
LINE L2896_3048_2 PL2896 PL3048 3.925724 22.431464 0. 0. 1 ;
LINE L2896_3054_1 PL2896 PL3054 4.679796 26.741968 0. 0. 1 ;
LINE L2896_3055_1 PL2896 PL3055 0.505780 2.891416 0. 0. 1 ;
LINE L2896_3056_1 PL2896 PL3056 0.761816 4.352612 0. 0. 1 ;
LINE L2896_3057_1 PL2896 PL3057 0.922020 5.269308 0. 0. 1 ;
TRANSFO T2897_3052_1 PL2897 PL3052 0.138500 3.808800 0. 0. 100. 0. 100.0 1 ;
LINE L2897_3058_1 PL2897 PL3058 6.246988 35.696452 0. 0. 1 ;
LINE L2899_3059_1 PL2899 PL3059 5.420800 30.975032 0. 0. 1 ;
LINE L2900_3060_1 PL2900 PL3060 3.866192 22.093148 0. 0. 1 ;
LINE L2900_3061_1 PL2900 PL3061 2.899644 16.570224 0. 0. 1 ;
TRANSFO T2900_3062_1 PL2900 PL3062 0.138500 3.808800 0. 0. 100. 0. 100.0 1 ;
LINE L2901_3063_1 PL2901 PL3063 1.405536 8.031012 0. 0. 1 ;
LINE L2901_3064_1 PL2901 PL3064 0.435600 2.489212 0. 0. 1 ;
LINE L2901_3064_2 PL2901 PL3064 0.435600 2.489212 0. 0. 1 ;
LINE L2902_3062_1 PL2902 PL3062 0.996360 9.429320 0. 0. 1 ;
LINE L2902_3065_1 PL2902 PL3065 1.971060 18.655036 0. 0. 1 ;
LINE L2902_3065_2 PL2902 PL3065 1.971060 18.655036 0. 0. 1 ;
LINE L2905_3066_1 RO2905 RO3066 3.143588 29.746400 0. 0. 1 ;
TRANSFO T2905_3067_1 RO2905 RO3067 0.138500 3.808800 0. 0. 100. 0. 100.0 1 ;
LINE L2906_3068_1 RO2906 RO3068 3.158028 29.886468 0. 0. 1 ;
LINE L2906_3069_1 RO2906 RO3069 3.146476 29.772392 0. 0. 1 ;
LINE L2906_3070_1 RO2906 RO3070 0.309016 2.926988 0. 0. 1 ;
LINE L2907_3071_1 RO2907 RO3071 1.556632 14.734576 0. 0. 1 ;
LINE L2907_3071_2 RO2907 RO3071 1.556632 14.734576 0. 0. 1 ;
LINE L2907_3072_1 RO2907 RO3072 0.327788 3.100268 0. 0. 1 ;
LINE L2908_3066_1 RO2908 RO3066 1.301044 12.307212 0. 0. 1 ;
LINE L2908_3073_1 RO2908 RO3073 0.561716 5.315364 0. 0. 1 ;
TRANSFO T2908_3074_1 RO2908 RO3074 0.138500 3.808800 0. 0. 100. 0. 100.0 1 ;
LINE L2909_3075_1 RO2909 RO3075 2.077328 11.869616 0. 0. 1 ;
LINE L2909_3075_2 RO2909 RO3075 2.077328 11.869616 0. 0. 1 ;
LINE L2910_2914_1 RO2910 RO2914 0.483516 2.762672 0. 0. 1 ;
LINE L2910_2914_2 RO2910 RO2914 0.483516 2.762672 0. 0. 1 ;
LINE L2910_3076_1 RO2910 RO3076 4.539436 25.939980 0. 0. 1 ;
LINE L2910_3076_2 RO2910 RO3076 4.539436 25.939980 0. 0. 1 ;
LINE L2911_3077_1 RO2911 RO3077 3.378320 19.303856 0. 0. 1 ;
LINE L2911_3078_1 RO2911 RO3078 0.323796 1.849364 0. 0. 1 ;
LINE L2912_3079_1 RO2912 RO3079 0.492712 2.814944 0. 0. 1 ;
LINE L2913_2914_1 RO2913 RO2914 0.577412 3.298944 0. 0. 1 ;
LINE L2913_3080_1 RO2913 RO3080 0.273944 1.564772 0. 0. 1 ;
LINE L2913_3080_2 RO2913 RO3080 0.273944 1.564772 0. 0. 1 ;
TRANSFO T2917_3081_1 HU2917 HU3081 0.413200 11.364000 0. 0. 100. 0. 100.0 1 ;
LINE L2918_3082_1 HU2918 HU3082 1.195632 11.322404 0. 0. 1 ;
LINE L2919_3083_1 PL2919 PL3083 0.384780 2.198328 0. 0. 1 ;
LINE L2919_3084_1 PL2919 PL3084 0.386716 2.209944 0. 0. 1 ;
LINE L2919_3084_2 PL2919 PL3084 0.386716 2.209944 0. 0. 1 ;
LINE L2920_3085_1 PL2920 PL3085 0.379772 3.595560 0. 0. 1 ;
LINE L2920_3085_2 PL2920 PL3085 0.379772 3.595560 0. 0. 1 ;
LINE L2920_3085_3 PL2920 PL3085 0.379772 3.595560 0. 0. 1 ;
LINE L2921_3084_1 PL2921 PL3084 0.875072 5.001172 0. 0. 1 ;
LINE L2921_3084_2 PL2921 PL3084 0.875072 5.001172 0. 0. 1 ;
LINE L2921_3086_1 PL2921 PL3086 0.396880 2.267540 0. 0. 1 ;
LINE L2922_3054_1 PL2922 PL3054 4.732552 27.041564 0. 0. 1 ;
LINE L2923_3087_1 PL2923 PL3087 0.452540 2.586012 0. 0. 1 ;
LINE L2923_3088_1 PL2923 PL3088 0.265232 1.515404 0. 0. 1 ;
LINE L2924_3085_1 PL2924 PL3085 1.484432 14.054452 0. 0. 1 ;
LINE L2924_3085_2 PL2924 PL3085 1.484432 14.054452 0. 0. 1 ;
LINE L2924_3089_1 PL2924 PL3089 0.849072 8.041636 0. 0. 1 ;
LINE L2924_3089_2 PL2924 PL3089 0.849072 8.041636 0. 0. 1 ;
LINE L2925_2926_1 PL2925 PL2926 3.979932 22.741224 0. 0. 1 ;
LINE L2925_3056_1 PL2925 PL3056 2.117984 12.102420 0. 0. 1 ;
LINE L2925_3088_1 PL2925 PL3088 0.653884 3.737448 0. 0. 1 ;
LINE L2925_3088_2 PL2925 PL3088 0.653884 3.737448 0. 0. 1 ;
TRANSFO T2925_3090_1 PL2925 PL3090 0.138500 3.808800 0. 0. 100. 0. 100.0 1 ;
LINE L2930_3091_1 PL2930 PL3091 1.997052 18.901960 0. 0. 1 ;
LINE L2930_3092_1 PL2930 PL3092 0.593484 5.621492 0. 0. 1 ;
LINE L2930_3092_2 PL2930 PL3092 0.593484 5.621492 0. 0. 1 ;
LINE L2931_3091_1 PL2931 PL3091 1.698144 16.074608 0. 0. 1 ;
LINE L2931_3092_1 PL2931 PL3092 3.039620 28.767368 0. 0. 1 ;
LINE L2931_3092_2 PL2931 PL3092 3.039620 28.767368 0. 0. 1 ;
TRANSFO T2931_3093_1 PL2931 PL3093 0.035600 0.977700 0. 0. 100. 0. 100.0 1 ;
LINE L2932_3094_1 SK2932 SK3094 1.552300 14.685480 0. 0. 1 ;
LINE L2932_3094_2 SK2932 SK3094 1.552300 14.685480 0. 0. 1 ;
LINE L2934_2935_1 PL2934 PL2935 0.166060 1.566740 0. 0. 1 ;
LINE L2935_3095_1 PL2935 PL3095 0.270028 2.557324 0. 0. 1 ;
LINE L2935_3095_2 PL2935 PL3095 0.270028 2.557324 0. 0. 1 ;
TRANSFO T2936_2938_1 RS2936 RS2938 0.138500 3.808800 0. 0. 100. 0. 100.0 1 ;
LINE L2937_3096_1 RS2937 RO3096 0.553052 5.231612 0. 0. 1 ;
LINE L2937_3097_1 RS2937 RS3097 1.545080 14.624832 0. 0. 1 ;
LINE L2938_3098_1 RS2938 RO3098 2.934208 27.772452 0. 0. 1 ;
LINE L2938_3098_2 RS2938 RO3098 2.934208 27.772452 0. 0. 1 ;
LINE L2940_2945_1 RS2940 RS2945 3.302428 31.255380 0. 0. 1 ;
LINE L2940_3097_1 RS2940 RS3097 2.398484 22.705456 0. 0. 1 ;
LINE L2940_3099_1 RS2940 BG3099 3.035288 28.728380 0. 0. 1 ;
LINE L2940_3100_1 RS2940 RS3100 1.611504 15.250084 0. 0. 1 ;
TRANSFO T2940_3101_1 RS2940 RS3101 0.138500 3.808800 0. 0. 100. 0. 100.0 1 ;
LINE L2942_3101_1 RS2942 RS3101 3.500288 20.001300 0. 0. 1 ;
LINE L2942_3102_1 RS2942 RS3102 5.337552 30.500712 0. 0. 1 ;
LINE L2943_3103_1 AL2943 AL3103 2.358052 22.319908 0. 0. 1 ;
TRANSFO T2943_3104_1 AL2943 AL3104 0.138500 3.808800 0. 0. 100. 0. 100.0 1 ;
LINE L2944_3104_1 AL2944 AL3104 3.195852 18.261320 0. 0. 1 ;
LINE L2944_3104_2 AL2944 AL3104 3.195852 18.261320 0. 0. 1 ;
LINE L2944_3105_1 AL2944 AL3105 1.189188 6.795844 0. 0. 1 ;
LINE L2944_3106_1 AL2944 AL3106 2.786388 15.922148 0. 0. 1 ;
LINE L2944_3106_2 AL2944 AL3106 2.786388 15.922148 0. 0. 1 ;
LINE L2945_3107_1 RS2945 RS3107 1.058452 10.019916 0. 0. 1 ;
TRANSFO T2945_3108_1 RS2945 RS3108 0.138500 3.808800 0. 0. 100. 0. 100.0 1 ;
LINE L2946_3109_1 AL2946 AL3109 1.309220 7.480704 0. 0. 1 ;
LINE L2947_2948_1 IT2947 IT2948 1.688036 15.970640 0. 0. 1 ;
LINE L2948_3110_1 IT2948 IT3110 0.994916 9.410548 0. 0. 1 ;
LINE L2948_3110_2 IT2948 IT3110 1.087332 10.294276 0. 0. 1 ;
LINE L2949_2958_1 ES2949 ES2958 0.854848 8.084956 0. 0. 1 ;
LINE L2949_2958_2 ES2949 ES2958 0.854848 8.084956 0. 0. 1 ;
LINE L2949_3111_1 ES2949 ES3111 0.431756 4.089408 0. 0. 1 ;
LINE L2949_3111_2 ES2949 ES3111 0.431756 4.089408 0. 0. 1 ;
LINE L2950_2960_1 ES2950 ES2960 0.059204 0.558828 0. 0. 1 ;
LINE L2950_2960_2 ES2950 ES2960 0.059204 0.558828 0. 0. 1 ;
LINE L2951_3009_1 ES2951 ES3009 2.737824 25.912580 0. 0. 1 ;
LINE L2951_3009_2 ES2951 ES3009 2.737824 25.912580 0. 0. 1 ;
LINE L2951_3112_1 ES2951 ES3112 2.805692 26.555160 0. 0. 1 ;
LINE L2951_3112_2 ES2951 ES3112 2.805692 26.555160 0. 0. 1 ;
LINE L2952_2953_1 ES2952 ES2953 1.537184 8.783148 0. 0. 1 ;
LINE L2952_3113_1 ES2952 ES3113 1.162084 6.639512 0. 0. 1 ;
LINE L2952_3113_2 ES2952 ES3113 1.162084 6.639512 0. 0. 1 ;
LINE L2952_3114_1 ES2952 ES3114 0.831996 4.753848 0. 0. 1 ;
LINE L2955_3115_1 ES2955 ES3115 0.512556 2.928684 0. 0. 1 ;
LINE L2957_3116_1 ES2957 ES3116 1.385208 7.914852 0. 0. 1 ;
LINE L2957_3116_2 ES2957 ES3116 1.385208 7.914852 0. 0. 1 ;
LINE L2957_3117_1 ES2957 ES3117 0.837804 4.787244 0. 0. 1 ;
LINE L2957_3117_2 ES2957 ES3117 0.837804 4.787244 0. 0. 1 ;
LINE L2958_3118_1 ES2958 ES3118 1.126320 10.652388 0. 0. 1 ;
LINE L2958_3118_2 ES2958 ES3118 1.126320 10.652388 0. 0. 1 ;
LINE L2958_3119_1 ES2958 ES3119 0.915496 8.661112 0. 0. 1 ;
LINE L2958_3119_2 ES2958 ES3119 0.915496 8.661112 0. 0. 1 ;
LINE L2959_3120_1 ES2959 ES3120 1.223068 11.567884 0. 0. 1 ;
LINE L2959_3121_1 ES2959 ES3121 0.267140 2.524112 0. 0. 1 ;
LINE L2959_3121_2 ES2959 ES3121 0.267140 2.524112 0. 0. 1 ;
LINE L2960_3122_1 ES2960 ES3122 0.365332 3.451160 0. 0. 1 ;
LINE L2960_3122_2 ES2960 ES3122 0.365332 3.451160 0. 0. 1 ;
LINE L2962_2963_1 ES2962 ES2963 0.564604 5.339912 0. 0. 1 ;
LINE L2962_3123_1 ES2962 ES3123 1.185524 11.225656 0. 0. 1 ;
LINE L2962_3123_2 ES2962 ES3123 1.185524 11.225656 0. 0. 1 ;
LINE L2963_3124_1 ES2963 ES3124 0.271472 2.573208 0. 0. 1 ;
LINE L2964_2976_1 ES2964 ES2976 0.385548 3.653320 0. 0. 1 ;
TRANSFO T2964_3125_1 ES2964 ES3125 0.138500 3.808800 0. 0. 100. 0. 100.0 1 ;
LINE L2965_3126_1 ES2965 ES3126 0.961704 9.095756 0. 0. 1 ;
LINE L2965_3126_2 ES2965 ES3126 0.961704 9.095756 0. 0. 1 ;
LINE L2965_3127_1 ES2965 ES3127 0.768208 7.276316 0. 0. 1 ;
LINE L2965_3127_2 ES2965 ES3127 0.768208 7.276316 0. 0. 1 ;
LINE L2966_3128_1 PT2966 PT3128 1.342920 12.714420 0. 0. 1 ;
LINE L2966_3129_1 PT2966 PT3129 1.758792 16.646432 0. 0. 1 ;
LINE L2967_3130_1 ES2967 ES3130 1.454420 8.310764 0. 0. 1 ;
LINE L2967_3130_2 ES2967 ES3130 1.454420 8.310764 0. 0. 1 ;
LINE L2967_3131_1 ES2967 ES3131 0.971388 5.550996 0. 0. 1 ;
LINE L2967_3131_2 ES2967 ES3131 0.971388 5.550996 0. 0. 1 ;
LINE L2967_3132_1 ES2967 ES3132 1.254044 7.167072 0. 0. 1 ;
LINE L2967_3133_1 ES2967 ES3133 2.775256 15.857776 0. 0. 1 ;
LINE L2968_2969_1 ES2968 ES2969 0.971388 5.550512 0. 0. 1 ;
LINE L2969_3134_1 ES2969 ES3134 0.757460 4.328412 0. 0. 1 ;
LINE L2970_3130_1 ES2970 ES3130 1.341648 7.665108 0. 0. 1 ;
LINE L2970_3135_1 ES2970 ES3135 0.860068 4.914536 0. 0. 1 ;
LINE L2970_3135_2 ES2970 ES3135 0.860068 4.914536 0. 0. 1 ;
LINE L2972_3136_1 ES2972 ES3136 0.832964 4.759656 0. 0. 1 ;
LINE L2973_2974_1 ES2973 ES2974 0.775852 4.433440 0. 0. 1 ;
LINE L2974_3137_1 ES2974 ES3137 0.458348 2.618924 0. 0. 1 ;
LINE L2974_3138_1 ES2974 ES3138 0.921536 5.266888 0. 0. 1 ;
LINE L2975_3125_1 ES2975 ES3125 0.512556 2.929168 0. 0. 1 ;
LINE L2975_3125_2 ES2975 ES3125 0.512556 2.929168 0. 0. 1 ;
LINE L2975_3139_1 ES2975 ES3139 0.477708 2.730244 0. 0. 1 ;
LINE L2976_3126_1 ES2976 ES3126 1.506092 14.247948 0. 0. 1 ;
LINE L2976_3126_2 ES2976 ES3126 1.506092 14.247948 0. 0. 1 ;
LINE L2977_3140_1 ES2977 ES3140 2.868184 16.388724 0. 0. 1 ;
LINE L2977_3141_1 ES2977 ES3141 0.890076 5.084904 0. 0. 1 ;
LINE L2977_3142_1 ES2977 ES3142 1.122396 6.414452 0. 0. 1 ;
LINE L2978_3142_1 ES2978 ES3142 0.818444 4.677376 0. 0. 1 ;
LINE L2978_3143_1 ES2978 ES3143 1.073512 6.132764 0. 0. 1 ;
LINE L2983_2984_1 ES2983 ES2984 1.337776 7.644296 0. 0. 1 ;
LINE L2983_2984_2 ES2983 ES2984 1.337776 7.644296 0. 0. 1 ;
LINE L2983_3144_1 ES2983 ES3144 4.422792 25.272544 0. 0. 1 ;
LINE L2983_3144_2 ES2983 ES3144 4.422792 25.272544 0. 0. 1 ;
LINE L2983_3145_1 ES2983 ES3145 3.512388 20.070996 0. 0. 1 ;
LINE L2983_3146_1 ES2983 ES3146 6.495764 37.117476 0. 0. 1 ;
LINE L2983_3147_1 ES2983 ES3147 4.976004 28.434032 0. 0. 1 ;
LINE L2983_3147_2 ES2983 ES3147 4.976004 28.434032 0. 0. 1 ;
LINE L2994_3148_1 ES2994 ES3148 0.516912 2.954336 0. 0. 1 ;
TRANSFO T2995_3149_1 ES2995 ES3149 0.138500 3.808800 0. 0. 100. 0. 100.0 1 ;
LINE L2996_3150_1 ES2996 ES3150 0.764236 4.367616 0. 0. 1 ;
LINE L2997_3151_1 ES2997 ES3151 0.707124 4.041884 0. 0. 1 ;
LINE L2997_3151_2 ES2997 ES3151 0.707124 4.041884 0. 0. 1 ;
LINE L2997_3152_1 ES2997 ES3152 0.649044 3.708408 0. 0. 1 ;
LINE L2997_3152_2 ES2997 ES3152 0.649044 3.708408 0. 0. 1 ;
LINE L2999_3153_1 ES2999 ES3153 1.034308 5.910124 0. 0. 1 ;
LINE L2999_3153_2 ES2999 ES3153 1.034308 5.910124 0. 0. 1 ;
LINE L2999_3154_1 ES2999 ES3154 0.132132 0.754072 0. 0. 1 ;
LINE L2999_3154_2 ES2999 ES3154 0.132132 0.754072 0. 0. 1 ;
LINE L3000_3034_1 ES3000 ES3034 2.489212 14.224276 0. 0. 1 ;
LINE L3000_3035_1 ES3000 ES3035 1.506208 8.607456 0. 0. 1 ;
LINE L3000_3155_1 ES3000 ES3155 2.009568 11.483384 0. 0. 1 ;
LINE L3001_3154_1 ES3001 ES3154 0.426404 2.435488 0. 0. 1 ;
LINE L3002_3156_1 PT3002 PT3156 0.239704 2.265636 0. 0. 1 ;
LINE L3002_3156_2 PT3002 PT3156 0.239704 2.265636 0. 0. 1 ;
LINE L3002_3157_1 PT3002 PT3157 1.467104 13.878284 0. 0. 1 ;
LINE L3003_3158_1 ES3003 ES3158 0.963160 5.505016 0. 0. 1 ;
LINE L3003_3158_2 ES3003 ES3158 0.963160 5.505016 0. 0. 1 ;
LINE L3004_3010_1 ES3004 ES3010 10.259832 58.626920 0. 0. 1 ;
LINE L3004_3159_1 ES3004 ES3159 2.766544 15.807924 0. 0. 1 ;
LINE L3004_3160_1 ES3004 ES3160 2.545356 14.544684 0. 0. 1 ;
TRANSFO T3005_3158_1 ES3005 ES3158 0.138500 3.808800 0. 0. 100. 0. 100.0 1 ;
LINE L3005_3161_1 ES3005 ES3161 0.443308 4.193376 0. 0. 1 ;
TRANSFO T3006_3162_1 ES3006 ES3162 0.138500 3.808800 0. 0. 100. 0. 100.0 1 ;
LINE L3007_3163_1 ES3007 ES3163 1.842544 17.437744 0. 0. 1 ;
LINE L3007_3163_2 ES3007 ES3163 1.842544 17.437744 0. 0. 1 ;
LINE L3007_3164_1 ES3007 ES3164 0.732108 6.928312 0. 0. 1 ;
LINE L3007_3164_2 ES3007 ES3164 0.732108 6.928312 0. 0. 1 ;
LINE L3008_3165_1 ES3008 PT3165 1.152312 10.909420 0. 0. 1 ;
LINE L3008_3165_2 ES3008 PT3165 1.152312 10.909420 0. 0. 1 ;
LINE L3010_3166_1 ES3010 ES3166 2.056032 11.748132 0. 0. 1 ;
LINE L3010_3166_2 ES3010 ES3166 2.056032 11.748132 0. 0. 1 ;
LINE L3010_3167_1 ES3010 ES3167 3.074852 17.570168 0. 0. 1 ;
LINE L3010_3168_1 ES3010 ES3168 1.230812 7.034456 0. 0. 1 ;
LINE L3010_3168_2 ES3010 ES3168 1.230812 7.034456 0. 0. 1 ;
LINE L3010_3169_1 ES3010 ES3169 1.012528 5.786704 0. 0. 1 ;
LINE L3010_3169_2 ES3010 ES3169 1.012528 5.786704 0. 0. 1 ;
LINE L3011_3170_1 ES3011 ES3170 2.672844 25.295992 0. 0. 1 ;
LINE L3011_3170_2 ES3011 ES3170 2.672844 25.295992 0. 0. 1 ;
LINE L3011_3171_1 ES3011 ES3171 0.353780 3.350080 0. 0. 1 ;
LINE L3011_3171_2 ES3011 ES3171 0.353780 3.350080 0. 0. 1 ;
LINE L3012_3172_1 ES3012 ES3172 4.404200 41.678172 0. 0. 1 ;
LINE L3012_3172_2 ES3012 ES3172 4.404200 41.678172 0. 0. 1 ;
TRANSFO T3012_3173_1 ES3012 ES3173 0.138500 3.808800 0. 0. 100. 0. 100.0 1 ;
LINE L3013_3174_1 ES3013 ES3174 1.145092 10.841552 0. 0. 1 ;
LINE L3013_3174_2 ES3013 ES3174 1.145092 10.841552 0. 0. 1 ;
LINE L3013_3175_1 ES3013 ES3175 0.441864 4.183268 0. 0. 1 ;
LINE L3013_3175_2 ES3013 ES3175 0.441864 4.183268 0. 0. 1 ;
LINE L3014_3176_1 ES3014 ES3176 0.888060 8.404080 0. 0. 1 ;
LINE L3014_3177_1 ES3014 ES3177 0.275804 2.613640 0. 0. 1 ;
LINE L3014_3177_2 ES3014 ES3177 0.275804 2.613640 0. 0. 1 ;
LINE L3015_3178_1 ES3015 ES3178 0.880396 5.031664 0. 0. 1 ;
LINE L3015_3178_2 ES3015 ES3178 0.880396 5.031664 0. 0. 1 ;
LINE L3015_3179_1 ES3015 ES3179 1.533312 8.760884 0. 0. 1 ;
LINE L3015_3180_1 ES3015 ES3180 3.769876 21.541388 0. 0. 1 ;
LINE L3015_3180_2 ES3015 ES3180 3.769876 21.541388 0. 0. 1 ;
LINE L3016_3017_1 ES3016 ES3017 1.125784 6.432360 0. 0. 1 ;
LINE L3016_3181_1 ES3016 ES3181 0.850872 4.863232 0. 0. 1 ;
LINE L3017_3182_1 ES3017 ES3182 4.443120 25.389672 0. 0. 1 ;
LINE L3019_3183_1 ES3019 ES3183 1.349876 7.712540 0. 0. 1 ;
LINE L3019_3183_2 ES3019 ES3183 1.349876 7.712540 0. 0. 1 ;
LINE L3019_3184_1 ES3019 ES3184 1.292764 7.386808 0. 0. 1 ;
LINE L3019_3184_2 ES3019 ES3184 1.292764 7.386808 0. 0. 1 ;
LINE L3022_3185_1 ES3022 ES3185 3.787300 21.642544 0. 0. 1 ;
LINE L3024_3186_1 PT3024 PT3186 0.677116 3.868128 0. 0. 1 ;
LINE L3024_3187_1 PT3024 PT3187 0.410916 2.346916 0. 0. 1 ;
LINE L3024_3187_2 PT3024 PT3187 0.410916 2.346916 0. 0. 1 ;
LINE L3025_3188_1 PT3025 PT3188 0.487872 2.788808 0. 0. 1 ;
LINE L3025_3189_1 PT3025 PT3189 2.799940 16.000556 0. 0. 1 ;
LINE L3025_3189_2 PT3025 PT3189 2.799940 16.000556 0. 0. 1 ;
TRANSFO T3025_3190_1 PT3025 PT3190 0.138500 3.808800 0. 0. 100. 0. 100.0 1 ;
TRANSFO T3027_3191_1 PT3027 PT3191 0.138500 3.808800 0. 0. 100. 0. 100.0 1 ;
LINE L3028_3192_1 PT3028 PT3192 1.080112 10.223520 0. 0. 1 ;
LINE L3028_3192_2 PT3028 PT3192 1.080112 10.223520 0. 0. 1 ;
LINE L3030_3193_1 PT3030 PT3193 0.897336 5.126528 0. 0. 1 ;
LINE L3030_3194_1 PT3030 PT3194 2.328040 13.303708 0. 0. 1 ;
LINE L3030_3194_2 PT3030 PT3194 2.328040 13.303708 0. 0. 1 ;
LINE L3032_3195_1 PT3032 PT3195 2.416612 13.809488 0. 0. 1 ;
LINE L3032_3196_1 PT3032 PT3196 3.632420 20.757792 0. 0. 1 ;
LINE L3032_3196_2 PT3032 PT3196 3.632420 20.757792 0. 0. 1 ;
LINE L3032_3196_3 PT3032 PT3196 3.652264 20.869112 0. 0. 1 ;
LINE L3032_3196_4 PT3032 PT3196 3.652264 20.869112 0. 0. 1 ;
LINE L3032_3197_1 PT3032 PT3197 1.452000 8.296728 0. 0. 1 ;
LINE L3032_3198_1 PT3032 PT3198 3.102924 17.731340 0. 0. 1 ;
LINE L3033_3199_1 ES3033 ES3199 0.699380 3.996388 0. 0. 1 ;
LINE L3036_3200_1 ES3036 ES3200 2.452428 14.013736 0. 0. 1 ;
LINE L3037_3145_1 ES3037 ES3145 0.410916 2.347884 0. 0. 1 ;
LINE L3037_3145_2 ES3037 ES3145 0.410916 2.347884 0. 0. 1 ;
LINE L3038_3201_1 DK3038 DK3201 1.761680 16.678200 0. 0. 1 ;
LINE L3038_3202_1 DK3038 DK3202 1.399236 13.245812 0. 0. 1 ;
LINE L3038_3202_2 DK3038 DK3202 1.399236 13.245812 0. 0. 1 ;
TRANSFO T3038_3203_1 DK3038 DK3203 0.138500 3.808800 0. 0. 100. 0. 100.0 1 ;
TRANSFO T3038_3204_1 DK3038 DK3204 0.138500 3.808800 0. 0. 100. 0. 100.0 1 ;
LINE L3039_3205_1 DE3039 DE3205 0.785048 4.485228 0. 0. 1 ;
LINE L3039_3205_2 DE3039 DE3205 0.785048 4.485228 0. 0. 1 ;
LINE L3039_3206_1 DE3039 DE3206 0.451572 2.579720 0. 0. 1 ;
LINE L3039_3206_2 DE3039 DE3206 0.451572 2.579720 0. 0. 1 ;
LINE L3040_3207_1 DE3040 DK3207 1.197416 6.841340 0. 0. 1 ;
LINE L3040_3207_2 DE3040 DK3207 1.197416 6.841340 0. 0. 1 ;
TRANSFO T3040_3208_1 DE3040 DE3208 0.413200 11.364000 0. 0. 100. 0. 100.0 1 ;
TRANSFO T3042_3209_1 DE3042 DE3209 0.138500 3.808800 0. 0. 100. 0. 100.0 1 ;
LINE L3044_3210_1 PL3044 PL3210 1.036792 9.819200 0. 0. 1 ;
LINE L3044_3210_2 PL3044 PL3210 1.036792 9.819200 0. 0. 1 ;
LINE L3044_3211_1 PL3044 PL3211 1.064228 10.077676 0. 0. 1 ;
LINE L3045_3211_1 PL3045 PL3211 0.020216 0.189164 0. 0. 1 ;
LINE L3045_3212_1 PL3045 PL3212 1.077224 10.194640 0. 0. 1 ;
LINE L3045_3213_1 PL3045 PL3213 0.825968 7.816372 0. 0. 1 ;
LINE L3045_3214_1 PL3045 PL3214 3.530580 33.415604 0. 0. 1 ;
LINE L3045_3214_2 PL3045 PL3214 3.530580 33.415604 0. 0. 1 ;
TRANSFO T3045_3215_1 PL3045 PL3215 0.138500 3.808800 0. 0. 100. 0. 100.0 1 ;
LINE L3047_3049_1 PL3047 PL3049 0.831996 4.754332 0. 0. 1 ;
LINE L3047_3216_1 PL3047 PL3216 4.883076 27.902116 0. 0. 1 ;
LINE L3049_3050_1 PL3049 PL3050 1.959232 11.195888 0. 0. 1 ;
LINE L3049_3217_1 PL3049 PL3217 6.844728 39.113492 0. 0. 1 ;
LINE L3049_3218_1 PL3049 PL3218 0.764720 4.371004 0. 0. 1 ;
TRANSFO T3051_3059_1 PL3051 PL3059 0.138500 3.808800 0. 0. 100. 0. 100.0 1 ;
LINE L3051_3219_1 PL3051 PL3219 2.700280 25.560244 0. 0. 1 ;
LINE L3051_3219_2 PL3051 PL3219 2.700280 25.560244 0. 0. 1 ;
LINE L3052_3220_1 PL3052 PL3220 1.839656 17.411752 0. 0. 1 ;
LINE L3052_3220_2 PL3052 PL3220 1.839656 17.411752 0. 0. 1 ;
LINE L3053_3089_1 PL3053 PL3089 0.270028 2.550104 0. 0. 1 ;
LINE L3053_3089_2 PL3053 PL3089 0.270028 2.550104 0. 0. 1 ;
LINE L3053_3090_1 PL3053 PL3090 0.340784 3.220120 0. 0. 1 ;
LINE L3053_3095_1 PL3053 PL3095 0.437532 4.141392 0. 0. 1 ;
LINE L3054_3221_1 PL3054 PL3221 0.875072 5.001172 0. 0. 1 ;
TRANSFO T3054_3222_1 PL3054 PL3222 0.138500 3.808800 0. 0. 100. 0. 100.0 1 ;
LINE L3054_3223_1 PL3054 PL3223 4.790148 27.372136 0. 0. 1 ;
LINE L3054_3224_1 PL3054 PL3224 1.333420 7.619612 0. 0. 1 ;
LINE L3055_3225_1 PL3055 PL3225 0.499004 2.851244 0. 0. 1 ;
LINE L3056_3225_1 PL3056 PL3225 0.653884 3.737448 0. 0. 1 ;
LINE L3058_3226_1 PL3058 PL3226 2.342560 13.386472 0. 0. 1 ;
LINE L3058_3227_1 PL3058 PL3227 8.555184 48.888840 0. 0. 1 ;
LINE L3059_3228_1 PL3059 PL3228 0.864908 4.942124 0. 0. 1 ;
LINE L3059_3228_2 PL3059 PL3228 0.864908 4.942124 0. 0. 1 ;
LINE L3059_3229_1 PL3059 PL3229 6.504960 37.170716 0. 0. 1 ;
LINE L3059_3230_1 PL3059 PL3230 6.067424 34.671340 0. 0. 1 ;
LINE L3059_3230_2 PL3059 PL3230 6.067424 34.671340 0. 0. 1 ;
LINE L3059_3231_1 PL3059 PL3231 4.048660 23.135200 0. 0. 1 ;
LINE L3060_3063_1 PL3060 PL3063 3.016772 17.237176 0. 0. 1 ;
LINE L3061_3063_1 PL3061 PL3063 0.967516 5.528248 0. 0. 1 ;
LINE L3062_3232_1 PL3062 PL3232 3.458380 32.734036 0. 0. 1 ;
LINE L3066_3233_1 RO3066 RO3233 0.316236 2.996300 0. 0. 1 ;
LINE L3067_3234_1 RO3067 RO3234 1.872112 10.698820 0. 0. 1 ;
LINE L3067_3234_2 RO3067 RO3234 1.872112 10.698820 0. 0. 1 ;
LINE L3067_3235_1 RO3067 RO3235 2.153316 12.304732 0. 0. 1 ;
LINE L3068_3236_1 RO3068 RO3236 2.111128 19.986404 0. 0. 1 ;
TRANSFO T3068_3237_1 RO3068 RO3237 0.138500 3.808800 0. 0. 100. 0. 100.0 1 ;
LINE L3069_3238_1 RO3069 RO3238 1.407900 13.331008 0. 0. 1 ;
LINE L3069_3239_1 RO3069 RO3239 3.035288 28.719716 0. 0. 1 ;
TRANSFO T3069_3240_1 RO3069 RO3240 0.138500 3.808800 0. 0. 100. 0. 100.0 1 ;
LINE L3070_3241_1 RO3070 RO3241 1.946512 18.418220 0. 0. 1 ;
LINE L3071_3236_1 RO3071 RO3236 1.402124 13.273248 0. 0. 1 ;
LINE L3071_3236_2 RO3071 RO3236 1.402124 13.273248 0. 0. 1 ;
LINE L3071_3242_1 RO3071 BG3242 2.794140 26.445416 0. 0. 1 ;
LINE L3071_3242_2 RO3071 BG3242 2.794140 26.445416 0. 0. 1 ;
LINE L3071_3243_1 RO3071 RO3243 0.470744 4.456184 0. 0. 1 ;
LINE L3071_3243_2 RO3071 RO3243 0.470744 4.456184 0. 0. 1 ;
LINE L3071_3243_3 RO3071 RO3243 0.509732 4.825848 0. 0. 1 ;
LINE L3071_3243_4 RO3071 RO3243 0.509732 4.825848 0. 0. 1 ;
LINE L3072_3096_1 RO3072 RO3096 4.313228 40.821880 0. 0. 1 ;
LINE L3072_3244_1 RO3072 RO3244 0.843296 7.976656 0. 0. 1 ;
LINE L3072_3245_1 RO3072 RO3245 4.212148 39.861620 0. 0. 1 ;
TRANSFO T3072_3246_1 RO3072 RO3246 0.138500 3.808800 0. 0. 100. 0. 100.0 1 ;
TRANSFO T3073_3247_1 RO3073 RO3247 0.138500 3.808800 0. 0. 100. 0. 100.0 1 ;
LINE L3074_3234_1 RO3074 RO3234 8.883336 50.761920 0. 0. 1 ;
LINE L3074_3247_1 RO3074 RO3247 1.090452 6.230048 0. 0. 1 ;
LINE L3074_3248_1 RO3074 RO3248 2.298516 13.132856 0. 0. 1 ;
TRANSFO T3076_3098_1 RO3076 RO3098 0.138500 3.808800 0. 0. 100. 0. 100.0 1 ;
LINE L3076_3249_1 RO3076 RO3249 1.813064 10.360988 0. 0. 1 ;
LINE L3076_3249_2 RO3076 RO3249 1.813064 10.360988 0. 0. 1 ;
LINE L3076_3250_1 RO3076 RO3250 5.209776 29.771324 0. 0. 1 ;
LINE L3076_3250_2 RO3076 RO3250 5.209776 29.771324 0. 0. 1 ;
LINE L3077_3248_1 RO3077 RO3248 2.720564 15.545596 0. 0. 1 ;
LINE L3077_3251_1 RO3077 RO3251 2.087976 11.931084 0. 0. 1 ;
LINE L3077_3251_2 RO3077 RO3251 2.087976 11.931084 0. 0. 1 ;
LINE L3078_3079_1 RO3078 RO3079 0.431244 2.463076 0. 0. 1 ;
LINE L3078_3079_2 RO3078 RO3079 0.431244 2.463076 0. 0. 1 ;
TRANSFO T3078_3252_1 RO3078 RO3252 0.138500 3.808800 0. 0. 100. 0. 100.0 1 ;
LINE L3079_3253_1 RO3079 RO3253 3.008060 17.187324 0. 0. 1 ;
LINE L3080_3254_1 RO3080 RO3254 0.493680 2.819784 0. 0. 1 ;
LINE L3080_3255_1 RO3080 RO3255 0.540144 3.085500 0. 0. 1 ;
LINE L3084_3256_1 PL3084 PL3256 3.249576 18.570112 0. 0. 1 ;
LINE L3084_3256_2 PL3084 PL3256 3.249576 18.570112 0. 0. 1 ;
LINE L3085_3092_1 PL3085 PL3092 1.969616 18.634820 0. 0. 1 ;
LINE L3085_3092_2 PL3085 PL3092 1.969616 18.634820 0. 0. 1 ;
LINE L3087_3088_1 PL3087 PL3088 0.444796 2.541968 0. 0. 1 ;
LINE L3090_3095_1 PL3090 PL3095 0.356668 3.380404 0. 0. 1 ;
LINE L3091_3222_1 PL3091 PL3222 2.667068 25.239676 0. 0. 1 ;
LINE L3091_3257_1 PL3091 PL3257 1.456996 13.785868 0. 0. 1 ;
TRANSFO T3091_3258_1 PL3091 PL3258 0.138500 3.808800 0. 0. 100. 0. 100.0 1 ;
TRANSFO T3096_3250_1 RO3096 RO3250 0.138500 3.808800 0. 0. 100. 0. 100.0 1 ;
LINE L3096_3259_1 RO3096 RO3259 2.433140 23.024580 0. 0. 1 ;
LINE L3099_3260_1 BG3099 BG3260 0.862068 8.157156 0. 0. 1 ;
LINE L3099_3261_1 BG3099 BG3261 3.286544 31.097984 0. 0. 1 ;
LINE L3099_3261_2 BG3099 BG3261 3.495924 33.092148 0. 0. 1 ;
LINE L3099_3261_3 BG3099 BG3261 3.495924 33.092148 0. 0. 1 ;
LINE L3099_3262_1 BG3099 BG3262 1.013688 9.593936 0. 0. 1 ;
LINE L3099_3262_2 BG3099 BG3262 1.013688 9.593936 0. 0. 1 ;
LINE L3100_3263_1 RS3100 RS3263 1.771788 16.773504 0. 0. 1 ;
LINE L3102_3108_1 RS3102 RS3108 1.956328 11.179432 0. 0. 1 ;
LINE L3103_3264_1 AL3103 GR3264 2.202100 20.844140 0. 0. 1 ;
LINE L3104_3265_1 AL3104 AL3265 1.380368 7.888232 0. 0. 1 ;
LINE L3104_3265_2 AL3104 AL3265 1.380368 7.888232 0. 0. 1 ;
LINE L3104_3266_1 AL3104 AL3266 1.105456 6.317168 0. 0. 1 ;
LINE L3104_3266_2 AL3104 AL3266 1.105456 6.317168 0. 0. 1 ;
LINE L3105_3267_1 AL3105 AL3267 3.784880 21.628992 0. 0. 1 ;
LINE L3106_3268_1 AL3106 AL3268 3.081628 17.607920 0. 0. 1 ;
LINE L3106_3268_2 AL3106 AL3268 3.081628 17.607920 0. 0. 1 ;
LINE L3106_3269_1 AL3106 AL3269 3.616448 20.666316 0. 0. 1 ;
LINE L3106_3269_2 AL3106 AL3269 3.616448 20.666316 0. 0. 1 ;
LINE L3107_3270_1 RS3107 MK3270 0.828856 7.842364 0. 0. 1 ;
LINE L3108_3271_1 RS3108 RS3271 2.714756 15.513168 0. 0. 1 ;
LINE L3108_3271_2 RS3108 RS3271 2.412740 13.787224 0. 0. 1 ;
LINE L3108_3272_1 RS3108 RS3272 1.367784 7.815148 0. 0. 1 ;
LINE L3108_3272_2 RS3108 RS3272 1.367784 7.815148 0. 0. 1 ;
LINE L3108_3273_1 RS3108 RS3273 1.240976 7.090600 0. 0. 1 ;
LINE L3108_3273_2 RS3108 RS3273 1.240976 7.090600 0. 0. 1 ;
LINE L3109_3269_1 AL3109 AL3269 2.060388 11.773784 0. 0. 1 ;
LINE L3109_3274_1 AL3109 AL3274 4.710288 26.916208 0. 0. 1 ;
LINE L3109_3274_2 AL3109 AL3274 4.710288 26.916208 0. 0. 1 ;
LINE L3110_3275_1 IT3110 IT3275 0.760988 7.195452 0. 0. 1 ;
LINE L3110_3275_2 IT3110 IT3275 1.420896 13.453748 0. 0. 1 ;
LINE L3112_3276_1 ES3112 ES3276 1.553744 14.711472 0. 0. 1 ;
TRANSFO T3112_3277_1 ES3112 ES3277 0.138500 3.808800 0. 0. 100. 0. 100.0 1 ;
LINE L3113_3278_1 ES3113 ES3278 0.968484 5.534056 0. 0. 1 ;
LINE L3113_3278_2 ES3113 ES3278 0.952028 5.440644 0. 0. 1 ;
LINE L3115_3279_1 ES3115 ES3279 0.190212 1.086580 0. 0. 1 ;
LINE L3115_3280_1 ES3115 ES3280 0.684860 3.912656 0. 0. 1 ;
LINE L3115_3280_2 ES3115 ES3280 0.684860 3.912656 0. 0. 1 ;
LINE L3116_3281_1 ES3116 ES3281 1.018820 5.821068 0. 0. 1 ;
LINE L3116_3281_2 ES3116 ES3281 1.018820 5.821068 0. 0. 1 ;
LINE L3118_3282_1 ES3118 ES3282 0.345116 3.269216 0. 0. 1 ;
LINE L3118_3282_2 ES3118 ES3282 0.345116 3.269216 0. 0. 1 ;
LINE L3118_3283_1 ES3118 ES3283 0.327788 3.103156 0. 0. 1 ;
LINE L3118_3283_2 ES3118 ES3283 0.327788 3.103156 0. 0. 1 ;
LINE L3119_3282_1 ES3119 ES3282 0.555940 5.260492 0. 0. 1 ;
LINE L3119_3282_2 ES3119 ES3282 0.555940 5.260492 0. 0. 1 ;
LINE L3119_3283_1 ES3119 ES3283 0.336452 3.184020 0. 0. 1 ;
LINE L3119_3283_2 ES3119 ES3283 0.336452 3.184020 0. 0. 1 ;
LINE L3120_3283_1 ES3120 ES3283 1.195632 11.312296 0. 0. 1 ;
LINE L3120_3283_2 ES3120 ES3283 1.195632 11.312296 0. 0. 1 ;
TRANSFO T3120_3284_1 ES3120 ES3284 0.138500 3.808800 0. 0. 100. 0. 100.0 1 ;
LINE L3123_3285_1 ES3123 ES3285 0.368220 3.484372 0. 0. 1 ;
LINE L3123_3285_2 ES3123 ES3285 0.368220 3.484372 0. 0. 1 ;
LINE L3123_3286_1 ES3123 ES3286 0.772540 7.312416 0. 0. 1 ;
LINE L3123_3287_1 ES3123 ES3287 1.786228 16.910684 0. 0. 1 ;
LINE L3126_3288_1 ES3126 ES3288 0.264252 2.496676 0. 0. 1 ;
LINE L3126_3288_2 ES3126 ES3288 0.264252 2.496676 0. 0. 1 ;
TRANSFO T3127_3289_1 ES3127 ES3289 0.138500 3.808800 0. 0. 100. 0. 100.0 1 ;
LINE L3128_3129_1 PT3128 PT3129 0.420204 3.982552 0. 0. 1 ;
LINE L3128_3290_1 PT3128 PT3290 0.281580 2.659848 0. 0. 1 ;
LINE L3128_3290_2 PT3128 PT3290 0.281580 2.659848 0. 0. 1 ;
LINE L3129_3291_1 PT3129 PT3291 1.101772 10.428568 0. 0. 1 ;
LINE L3129_3291_2 PT3129 PT3291 1.101772 10.428568 0. 0. 1 ;
LINE L3130_3131_1 ES3130 ES3131 0.953964 5.449840 0. 0. 1 ;
LINE L3130_3292_1 ES3130 ES3292 0.845064 4.829352 0. 0. 1 ;
LINE L3130_3293_1 ES3130 ES3293 1.002364 5.726688 0. 0. 1 ;
LINE L3131_3294_1 ES3131 ES3294 0.791340 4.522496 0. 0. 1 ;
LINE L3132_3295_1 ES3132 ES3295 0.684376 3.911204 0. 0. 1 ;
LINE L3133_3289_1 ES3133 ES3289 1.666896 9.526088 0. 0. 1 ;
LINE L3133_3296_1 ES3133 ES3296 1.037212 5.926096 0. 0. 1 ;
LINE L3133_3297_1 ES3133 ES3297 1.455388 8.317540 0. 0. 1 ;
LINE L3133_3298_1 ES3133 ES3298 0.756008 4.320184 0. 0. 1 ;
LINE L3134_3294_1 ES3134 ES3294 0.883784 5.050056 0. 0. 1 ;
LINE L3136_3299_1 ES3136 ES3299 0.657756 3.758744 0. 0. 1 ;
LINE L3136_3300_1 ES3136 ES3300 0.372196 2.127664 0. 0. 1 ;
LINE L3137_3139_1 ES3137 ES3139 0.422532 2.415160 0. 0. 1 ;
LINE L3140_3298_1 ES3140 ES3298 1.812580 10.358568 0. 0. 1 ;
LINE L3140_3301_1 ES3140 ES3301 1.613172 9.217296 0. 0. 1 ;
LINE L3140_3301_2 ES3140 ES3301 1.613172 9.217296 0. 0. 1 ;
LINE L3143_3301_1 ES3143 ES3301 0.729872 4.171112 0. 0. 1 ;
LINE L3143_3302_1 ES3143 ES3302 0.336864 1.923416 0. 0. 1 ;
LINE L3144_3303_1 ES3144 ES3303 0.923472 5.276084 0. 0. 1 ;
LINE L3144_3303_2 ES3144 ES3303 0.923472 5.276084 0. 0. 1 ;
LINE L3144_3304_1 ES3144 ES3304 2.205104 12.601424 0. 0. 1 ;
LINE L3145_3305_1 ES3145 ES3305 6.361212 36.350820 0. 0. 1 ;
LINE L3146_3306_1 ES3146 ES3306 5.113944 29.221984 0. 0. 1 ;
LINE L3149_3307_1 ES3149 ES3307 0.460284 2.629088 0. 0. 1 ;
LINE L3149_3307_2 ES3149 ES3307 0.460284 2.629088 0. 0. 1 ;
LINE L3149_3308_1 ES3149 ES3308 0.638880 3.650328 0. 0. 1 ;
LINE L3149_3308_2 ES3149 ES3308 0.638880 3.650328 0. 0. 1 ;
LINE L3149_3309_1 ES3149 ES3309 1.274372 7.281780 0. 0. 1 ;
LINE L3149_3309_2 ES3149 ES3309 1.274372 7.281780 0. 0. 1 ;
LINE L3149_3310_1 ES3149 ES3310 0.906048 5.176380 0. 0. 1 ;
LINE L3149_3310_2 ES3149 ES3310 0.906048 5.176380 0. 0. 1 ;
LINE L3150_3154_1 ES3150 ES3154 4.827416 27.583644 0. 0. 1 ;
LINE L3150_3311_1 ES3150 ES3311 1.011076 5.777508 0. 0. 1 ;
LINE L3150_3311_2 ES3150 ES3311 1.011076 5.777508 0. 0. 1 ;
LINE L3153_3312_1 ES3153 ES3312 2.220108 12.684672 0. 0. 1 ;
LINE L3153_3312_2 ES3153 ES3312 2.220108 12.684672 0. 0. 1 ;
LINE L3153_3313_1 ES3153 ES3313 1.980044 11.313984 0. 0. 1 ;
LINE L3153_3313_2 ES3153 ES3313 1.980044 11.313984 0. 0. 1 ;
LINE L3155_3314_1 ES3155 ES3314 0.761332 4.349708 0. 0. 1 ;
LINE L3155_3315_1 ES3155 ES3315 1.076416 6.150672 0. 0. 1 ;
LINE L3156_3316_1 PT3156 PT3316 0.203604 1.924852 0. 0. 1 ;
LINE L3156_3317_1 PT3156 PT3317 0.268584 2.537108 0. 0. 1 ;
LINE L3157_3318_1 PT3157 PT3318 1.874312 17.740984 0. 0. 1 ;
LINE L3158_3160_1 ES3158 ES3160 4.222416 24.128852 0. 0. 1 ;
LINE L3159_3160_1 ES3159 ES3160 1.013496 5.790576 0. 0. 1 ;
LINE L3162_3319_1 ES3162 ES3319 0.987844 5.643440 0. 0. 1 ;
LINE L3163_3170_1 ES3163 ES3170 0.976144 9.235824 0. 0. 1 ;
LINE L3163_3170_2 ES3163 ES3170 0.976144 9.235824 0. 0. 1 ;
TRANSFO T3163_3320_1 ES3163 ES3320 0.138500 3.808800 0. 0. 100. 0. 100.0 1 ;
TRANSFO T3164_3321_1 ES3164 ES3321 0.138500 3.808800 0. 0. 100. 0. 100.0 1 ;
LINE L3165_3322_1 PT3165 PT3322 1.878644 17.774196 0. 0. 1 ;
LINE L3165_3322_2 PT3165 PT3322 1.878644 17.774196 0. 0. 1 ;
LINE L3166_3321_1 ES3166 ES3321 1.919060 10.966472 0. 0. 1 ;
LINE L3166_3321_2 ES3166 ES3321 1.919060 10.966472 0. 0. 1 ;
LINE L3166_3323_1 ES3166 ES3323 0.389620 2.227368 0. 0. 1 ;
LINE L3166_3323_2 ES3166 ES3323 0.389620 2.227368 0. 0. 1 ;
LINE L3167_3324_1 ES3167 ES3324 0.488840 2.794132 0. 0. 1 ;
LINE L3168_3324_1 ES3168 ES3324 0.542564 3.101472 0. 0. 1 ;
LINE L3168_3324_2 ES3168 ES3324 0.542564 3.101472 0. 0. 1 ;
LINE L3168_3325_1 ES3168 ES3325 0.548372 3.132448 0. 0. 1 ;
LINE L3168_3325_2 ES3168 ES3325 0.548372 3.132448 0. 0. 1 ;
LINE L3169_3326_1 ES3169 ES3326 0.302984 1.732236 0. 0. 1 ;
LINE L3169_3326_2 ES3169 ES3326 0.302984 1.732236 0. 0. 1 ;
LINE L3169_3327_1 ES3169 ES3327 0.563376 3.219084 0. 0. 1 ;
LINE L3169_3327_2 ES3169 ES3327 0.563376 3.219084 0. 0. 1 ;
LINE L3170_3174_1 ES3170 ES3174 2.038928 19.290396 0. 0. 1 ;
LINE L3170_3174_2 ES3170 ES3174 2.038928 19.290396 0. 0. 1 ;
TRANSFO T3172_3328_1 ES3172 ES3328 0.138500 3.808800 0. 0. 100. 0. 100.0 1 ;
LINE L3173_3182_1 ES3173 ES3182 3.638712 20.791188 0. 0. 1 ;
LINE L3173_3182_2 ES3173 ES3182 3.638712 20.791188 0. 0. 1 ;
LINE L3174_3329_1 ES3174 ES3329 0.794200 7.511688 0. 0. 1 ;
LINE L3174_3330_1 ES3174 ES3330 0.810084 7.669084 0. 0. 1 ;
LINE L3174_3331_1 ES3174 ES3331 0.296020 2.801360 0. 0. 1 ;
LINE L3174_3332_1 ES3174 ES3332 0.384104 3.637436 0. 0. 1 ;
TRANSFO T3174_3333_1 ES3174 ES3333 0.138500 3.808800 0. 0. 100. 0. 100.0 1 ;
TRANSFO T3175_3334_1 ES3175 ES3334 0.138500 3.808800 0. 0. 100. 0. 100.0 1 ;
LINE L3176_3335_1 ES3176 ES3335 1.958064 18.535184 0. 0. 1 ;
TRANSFO T3176_3336_1 ES3176 ES3336 0.138500 3.808800 0. 0. 100. 0. 100.0 1 ;
LINE L3178_3337_1 ES3178 ES3337 0.652432 3.728736 0. 0. 1 ;
LINE L3178_3338_1 ES3178 ES3338 0.840708 4.803700 0. 0. 1 ;
LINE L3179_3334_1 ES3179 ES3334 3.528844 20.164892 0. 0. 1 ;
LINE L3179_3334_2 ES3179 ES3334 3.528844 20.164892 0. 0. 1 ;
LINE L3179_3339_1 ES3179 ES3339 0.391556 2.236080 0. 0. 1 ;
LINE L3180_3336_1 ES3180 ES3336 0.660660 3.773748 0. 0. 1 ;
LINE L3180_3336_2 ES3180 ES3336 0.660660 3.773748 0. 0. 1 ;
LINE L3180_3340_1 ES3180 ES3340 0.869748 4.970680 0. 0. 1 ;
LINE L3180_3340_2 ES3180 ES3340 0.869748 4.970680 0. 0. 1 ;
LINE L3181_3340_1 ES3181 ES3340 5.562128 31.783312 0. 0. 1 ;
LINE L3181_3341_1 ES3181 ES3341 1.019304 5.823004 0. 0. 1 ;
LINE L3181_3341_2 ES3181 ES3341 1.019304 5.823004 0. 0. 1 ;
LINE L3182_3342_1 ES3182 ES3342 2.091364 11.951896 0. 0. 1 ;
LINE L3182_3342_2 ES3182 ES3342 2.091364 11.951896 0. 0. 1 ;
LINE L3182_3343_1 ES3182 ES3343 0.592900 3.386548 0. 0. 1 ;
LINE L3182_3343_2 ES3182 ES3343 0.592900 3.386548 0. 0. 1 ;
LINE L3182_3344_1 ES3182 ES3344 0.935088 5.342392 0. 0. 1 ;
LINE L3182_3344_2 ES3182 ES3344 0.935088 5.342392 0. 0. 1 ;
LINE L3183_3345_1 ES3183 ES3345 0.422048 2.411288 0. 0. 1 ;
LINE L3183_3345_2 ES3183 ES3345 0.422048 2.411288 0. 0. 1 ;
LINE L3183_3346_1 ES3183 ES3346 0.591448 3.379288 0. 0. 1 ;
LINE L3184_3312_1 ES3184 ES3312 0.234256 1.337776 0. 0. 1 ;
LINE L3184_3312_2 ES3184 ES3312 0.234256 1.337776 0. 0. 1 ;
LINE L3184_3347_1 ES3184 ES3347 0.490776 2.804780 0. 0. 1 ;
LINE L3185_3277_1 ES3185 ES3277 3.410748 19.489712 0. 0. 1 ;
LINE L3186_3187_1 PT3186 PT3187 0.523688 2.993056 0. 0. 1 ;
LINE L3186_3348_1 PT3186 PT3348 0.418660 2.390960 0. 0. 1 ;
LINE L3186_3348_2 PT3186 PT3348 0.418660 2.390960 0. 0. 1 ;
LINE L3187_3349_1 PT3187 PT3349 0.752620 4.300824 0. 0. 1 ;
LINE L3187_3349_2 PT3187 PT3349 0.752620 4.300824 0. 0. 1 ;
LINE L3188_3349_1 PT3188 PT3349 0.543048 3.104376 0. 0. 1 ;
LINE L3189_3350_1 PT3189 PT3350 1.569612 8.968520 0. 0. 1 ;
LINE L3189_3351_1 PT3189 PT3351 1.049312 5.996276 0. 0. 1 ;
TRANSFO T3189_3352_1 PT3189 PT3352 0.138500 3.808800 0. 0. 100. 0. 100.0 1 ;
LINE L3190_3352_1 PT3190 PT3352 1.454108 13.767096 0. 0. 1 ;
LINE L3190_3352_2 PT3190 PT3352 1.454108 13.767096 0. 0. 1 ;
LINE L3191_3353_1 PT3191 PT3353 0.659692 3.770360 0. 0. 1 ;
LINE L3191_3353_2 PT3191 PT3353 0.659692 3.770360 0. 0. 1 ;
TRANSFO T3194_3354_1 PT3194 PT3354 0.138500 3.808800 0. 0. 100. 0. 100.0 1 ;
LINE L3195_3198_1 PT3195 PT3198 0.765204 4.371972 0. 0. 1 ;
LINE L3195_3355_1 PT3195 PT3355 0.778756 4.449896 0. 0. 1 ;
LINE L3196_3356_1 PT3196 PT3356 0.994620 5.682644 0. 0. 1 ;
LINE L3196_3356_2 PT3196 PT3356 0.994620 5.682644 0. 0. 1 ;
LINE L3197_3357_1 PT3197 PT3357 0.523204 2.989184 0. 0. 1 ;
LINE L3197_3358_1 PT3197 PT3358 0.847484 4.842420 0. 0. 1 ;
LINE L3198_3351_1 PT3198 PT3351 3.394776 19.399204 0. 0. 1 ;
LINE L3198_3353_1 PT3198 PT3353 2.870120 16.399856 0. 0. 1 ;
LINE L3198_3356_1 PT3198 PT3356 1.913736 10.935980 0. 0. 1 ;
LINE L3198_3356_2 PT3198 PT3356 1.913736 10.935980 0. 0. 1 ;
LINE L3198_3359_1 PT3198 PT3359 3.084532 17.627280 0. 0. 1 ;
LINE L3198_3360_1 PT3198 PT3360 2.139764 12.226808 0. 0. 1 ;
LINE L3198_3361_1 PT3198 PT3361 6.397028 36.555068 0. 0. 1 ;
LINE L3198_3361_2 PT3198 PT3361 6.310876 36.062356 0. 0. 1 ;
LINE L3199_3303_1 ES3199 ES3303 0.759880 4.341480 0. 0. 1 ;
LINE L3199_3303_2 ES3199 ES3303 0.759880 4.341480 0. 0. 1 ;
LINE L3200_3362_1 ES3200 ES3362 0.783596 4.477968 0. 0. 1 ;
LINE L3201_3363_1 DK3201 DK3363 1.894528 17.931592 0. 0. 1 ;
LINE L3201_3364_1 DK3201 DK3364 0.317680 3.009296 0. 0. 1 ;
LINE L3201_3365_1 DK3201 DK3365 1.280828 12.115160 0. 0. 1 ;
TRANSFO T3201_3366_1 DK3201 DK3366 0.138500 3.808800 0. 0. 100. 0. 100.0 1 ;
LINE L3202_3367_1 DK3202 DK3367 0.408652 3.865588 0. 0. 1 ;
LINE L3202_3367_2 DK3202 DK3367 0.408652 3.865588 0. 0. 1 ;
LINE L3202_3368_1 DK3202 DK3368 1.376132 13.019104 0. 0. 1 ;
LINE L3202_3368_2 DK3202 DK3368 1.376132 13.019104 0. 0. 1 ;
TRANSFO T3203_3204_1 DK3203 DK3204 0.413200 11.364000 0. 0. 100. 0. 100.0 1 ;
LINE L3204_3207_1 DK3204 DK3207 1.206128 6.890708 0. 0. 1 ;
LINE L3206_3369_1 DE3206 DE3369 1.120944 6.404288 0. 0. 1 ;
LINE L3206_3369_2 DE3206 DE3369 1.120944 6.404288 0. 0. 1 ;
LINE L3207_3370_1 DK3207 DK3370 0.810700 4.631880 0. 0. 1 ;
LINE L3208_3511_1 DE3208 DK3511 4.736889 12.631877 0. 0. 1 ;
LINE L3209_3371_1 DE3209 DE3371 0.340784 3.227340 0. 0. 1 ;
LINE L3209_3371_2 DE3209 DE3371 0.340784 3.227340 0. 0. 1 ;
LINE L3210_3372_1 PL3210 PL3372 3.325532 31.471980 0. 0. 1 ;
LINE L3212_3213_1 PL3212 PL3213 0.330676 3.129148 0. 0. 1 ;
LINE L3212_3373_1 PL3212 PL3373 0.615144 5.823652 0. 0. 1 ;
LINE L3212_3373_2 PL3212 PL3373 0.615144 5.823652 0. 0. 1 ;
LINE L3214_3373_1 PL3214 PL3373 2.200656 20.822480 0. 0. 1 ;
LINE L3214_3374_1 PL3214 PL3374 2.140008 20.247768 0. 0. 1 ;
LINE L3214_3375_1 PL3214 PL3375 0.899612 8.509492 0. 0. 1 ;
LINE L3214_3375_2 PL3214 PL3375 0.899612 8.509492 0. 0. 1 ;
TRANSFO T3214_3376_1 PL3214 PL3376 0.138500 3.808800 0. 0. 100. 0. 100.0 1 ;
LINE L3215_3377_1 PL3215 PL3377 1.225488 7.001544 0. 0. 1 ;
LINE L3215_3378_1 PL3215 PL3378 1.958748 11.192016 0. 0. 1 ;
LINE L3215_3378_2 PL3215 PL3378 1.542508 8.813640 0. 0. 1 ;
LINE L3216_3218_1 PL3216 PL3218 5.593104 31.960456 0. 0. 1 ;
LINE L3216_3228_1 PL3216 PL3228 1.711908 9.781156 0. 0. 1 ;
LINE L3216_3228_2 PL3216 PL3228 1.711908 9.781156 0. 0. 1 ;
LINE L3219_3220_1 PL3219 PL3220 0.716224 6.782468 0. 0. 1 ;
TRANSFO T3219_3230_1 PL3219 PL3230 0.138500 3.808800 0. 0. 100. 0. 100.0 1 ;
LINE L3219_3372_1 PL3219 PL3372 1.887308 17.865168 0. 0. 1 ;
LINE L3219_3372_2 PL3219 PL3372 1.887308 17.865168 0. 0. 1 ;
LINE L3221_3224_1 PL3221 PL3224 0.658724 3.764068 0. 0. 1 ;
LINE L3221_3258_1 PL3221 PL3258 4.557828 26.043072 0. 0. 1 ;
LINE L3223_3376_1 PL3223 PL3376 3.279100 18.738060 0. 0. 1 ;
LINE L3223_3376_2 PL3223 PL3376 3.279100 18.738060 0. 0. 1 ;
LINE L3223_3379_1 PL3223 PL3379 4.445540 25.402740 0. 0. 1 ;
TRANSFO T3226_3232_1 PL3226 PL3232 0.138500 3.808800 0. 0. 100. 0. 100.0 1 ;
LINE L3227_3230_1 PL3227 PL3230 9.347976 53.414240 0. 0. 1 ;
LINE L3228_3377_1 PL3228 PL3377 8.786052 50.205320 0. 0. 1 ;
LINE L3228_3380_1 PL3228 PL3380 0.836352 4.778532 0. 0. 1 ;
LINE L3229_3378_1 PL3229 PL3378 5.836072 33.348084 0. 0. 1 ;
LINE L3229_3381_1 PL3229 PL3381 1.230328 7.029616 0. 0. 1 ;
LINE L3229_3381_2 PL3229 PL3381 1.230328 7.029616 0. 0. 1 ;
LINE L3230_3382_1 PL3230 PL3382 4.157076 23.753752 0. 0. 1 ;
LINE L3231_3383_1 PL3231 PL3383 4.126100 23.576608 0. 0. 1 ;
LINE L3231_3384_1 PL3231 PL3384 11.084568 63.341080 0. 0. 1 ;
LINE L3232_3385_1 PL3232 PL3385 2.112572 19.993624 0. 0. 1 ;
LINE L3234_3386_1 RO3234 RO3386 3.373480 19.275300 0. 0. 1 ;
LINE L3236_3259_1 RO3236 RO3259 0.844740 7.998316 0. 0. 1 ;
LINE L3237_3387_1 RO3237 RO3387 1.662540 9.499952 0. 0. 1 ;
LINE L3237_3388_1 RO3237 RO3388 6.984120 39.908704 0. 0. 1 ;
LINE L3237_3388_2 RO3237 RO3388 6.984120 39.908704 0. 0. 1 ;
LINE L3237_3389_1 RO3237 RO3389 2.708464 15.475900 0. 0. 1 ;
LINE L3237_3390_1 RO3237 RO3390 0.689700 3.941212 0. 0. 1 ;
LINE L3238_3391_1 RO3238 RO3391 1.455552 13.771428 0. 0. 1 ;
LINE L3239_3392_1 RO3239 RO3392 1.208628 11.445144 0. 0. 1 ;
LINE L3239_3393_1 RO3239 RO3393 1.843988 17.447852 0. 0. 1 ;
LINE L3239_3393_2 RO3239 RO3393 1.843988 17.447852 0. 0. 1 ;
LINE L3240_3394_1 RO3240 RO3394 0.968968 5.537444 0. 0. 1 ;
LINE L3240_3394_2 RO3240 RO3394 0.968968 5.537444 0. 0. 1 ;
LINE L3240_3395_1 RO3240 RO3395 5.538896 31.650212 0. 0. 1 ;
LINE L3240_3395_2 RO3240 RO3395 5.538896 31.650212 0. 0. 1 ;
LINE L3240_3396_1 RO3240 RO3396 4.756268 27.179988 0. 0. 1 ;
LINE L3240_3397_1 RO3240 RO3397 8.723616 49.847160 0. 0. 1 ;
LINE L3241_3398_1 RO3241 RO3398 0.376884 3.566680 0. 0. 1 ;
LINE L3241_3398_2 RO3241 RO3398 0.376884 3.566680 0. 0. 1 ;
LINE L3241_3399_1 RO3241 RO3399 2.282964 21.612348 0. 0. 1 ;
LINE L3245_3400_1 RO3245 RO3400 2.382600 22.548060 0. 0. 1 ;
LINE L3245_3401_1 RO3245 RO3401 0.415872 3.937788 0. 0. 1 ;
LINE L3245_3401_2 RO3245 RO3401 0.415872 3.937788 0. 0. 1 ;
LINE L3246_3402_1 RO3246 RO3402 3.818760 21.821624 0. 0. 1 ;
LINE L3246_3403_1 RO3246 RO3403 3.620320 20.686160 0. 0. 1 ;
LINE L3247_3404_1 RO3247 RO3404 2.100076 11.999812 0. 0. 1 ;
LINE L3248_3405_1 RO3248 RO3405 0.532400 3.040972 0. 0. 1 ;
LINE L3248_3405_2 RO3248 RO3405 0.532400 3.040972 0. 0. 1 ;
LINE L3250_3406_1 RO3250 RO3406 5.583908 31.908184 0. 0. 1 ;
LINE L3250_3406_2 RO3250 RO3406 5.583908 31.908184 0. 0. 1 ;
LINE L3250_3407_1 RO3250 RO3407 1.119008 6.394124 0. 0. 1 ;
LINE L3250_3407_2 RO3250 RO3407 1.119008 6.394124 0. 0. 1 ;
LINE L3251_3408_1 RO3251 RO3408 0.752620 4.300824 0. 0. 1 ;
LINE L3251_3409_1 RO3251 RO3409 0.804408 4.597032 0. 0. 1 ;
LINE L3252_3410_1 RO3252 RO3410 1.058452 10.019916 0. 0. 1 ;
LINE L3253_3411_1 RO3253 RO3411 2.178968 12.451384 0. 0. 1 ;
LINE L3254_3255_1 RO3254 RO3255 0.686312 3.921852 0. 0. 1 ;
LINE L3254_3412_1 RO3254 RO3412 0.588060 3.360896 0. 0. 1 ;
LINE L3254_3412_2 RO3254 RO3412 0.588060 3.360896 0. 0. 1 ;
LINE L3255_3413_1 RO3255 RO3413 0.662112 3.782944 0. 0. 1 ;
LINE L3255_3413_2 RO3255 RO3413 0.662112 3.782944 0. 0. 1 ;
LINE L3256_3258_1 PL3256 PL3258 4.023976 22.994840 0. 0. 1 ;
LINE L3256_3414_1 PL3256 PL3414 0.513524 2.935460 0. 0. 1 ;
LINE L3257_3375_1 PL3257 PL3375 1.859872 17.596584 0. 0. 1 ;
LINE L3258_3415_1 PL3258 PL3415 1.890020 10.799008 0. 0. 1 ;
LINE L3258_3415_2 PL3258 PL3415 1.910832 10.919524 0. 0. 1 ;
LINE L3259_3399_1 RO3259 RO3399 6.239524 59.058156 0. 0. 1 ;
LINE L3259_3416_1 RO3259 RO3416 0.381216 3.605668 0. 0. 1 ;
LINE L3259_3416_2 RO3259 RO3416 0.664240 6.287176 0. 0. 1 ;
TRANSFO T3259_3417_1 RO3259 RO3417 0.138500 3.808800 0. 0. 100. 0. 100.0 1 ;
LINE L3260_3418_1 BG3260 BG3418 0.522728 4.951476 0. 0. 1 ;
LINE L3261_3419_1 BG3261 BG3419 2.202100 20.844140 0. 0. 1 ;
LINE L3261_3419_2 BG3261 BG3419 2.202100 20.844140 0. 0. 1 ;
LINE L3261_3419_3 BG3261 BG3419 2.102464 19.899764 0. 0. 1 ;
TRANSFO T3261_3420_1 BG3261 BG3420 0.138500 3.808800 0. 0. 100. 0. 100.0 1 ;
LINE L3262_3421_1 BG3262 BG3421 2.537108 24.018052 0. 0. 1 ;
LINE L3262_3422_1 BG3262 BG3422 1.506092 14.252280 0. 0. 1 ;
LINE L3262_3422_2 BG3262 BG3422 1.506092 14.252280 0. 0. 1 ;
LINE L3262_3423_1 BG3262 MK3423 2.882224 27.280048 0. 0. 1 ;
LINE L3263_3423_1 RS3263 MK3423 2.095244 19.827564 0. 0. 1 ;
LINE L3264_3424_1 GR3264 GR3424 2.665624 25.233900 0. 0. 1 ;
LINE L3264_3424_2 GR3264 GR3424 2.665624 25.233900 0. 0. 1 ;
LINE L3264_3425_1 GR3264 GR3425 3.004964 28.433804 0. 0. 1 ;
LINE L3264_3425_2 GR3264 GR3425 3.004964 28.433804 0. 0. 1 ;
LINE L3264_3426_1 GR3264 GR3426 1.184080 11.211216 0. 0. 1 ;
LINE L3264_3426_2 GR3264 GR3426 1.184080 11.211216 0. 0. 1 ;
LINE L3264_3427_1 GR3264 GR3427 1.628832 15.417588 0. 0. 1 ;
LINE L3264_3427_2 GR3264 GR3427 1.628832 15.417588 0. 0. 1 ;
LINE L3265_3267_1 AL3265 AL3267 3.319272 18.967960 0. 0. 1 ;
LINE L3265_3274_1 AL3265 AL3274 1.659636 9.482044 0. 0. 1 ;
LINE L3265_3274_2 AL3265 AL3274 1.659636 9.482044 0. 0. 1 ;
LINE L3265_3428_1 AL3265 AL3428 3.466892 19.809152 0. 0. 1 ;
LINE L3266_3429_1 AL3266 AL3429 1.296152 7.406652 0. 0. 1 ;
LINE L3266_3429_2 AL3266 AL3429 1.296152 7.406652 0. 0. 1 ;
LINE L3267_3430_1 AL3267 AL3430 2.040060 11.657140 0. 0. 1 ;
LINE L3267_3430_2 AL3267 AL3430 2.040060 11.657140 0. 0. 1 ;
LINE L3269_3431_1 AL3269 AL3431 1.721104 9.833912 0. 0. 1 ;
LINE L3270_3432_1 MK3270 MK3432 0.447640 4.232364 0. 0. 1 ;
LINE L3271_3433_1 RS3271 RS3433 1.166924 6.667100 0. 0. 1 ;
LINE L3272_3434_1 RS3272 MK3434 3.307172 18.898748 0. 0. 1 ;
LINE L3272_3434_2 RS3272 MK3434 3.316852 18.952472 0. 0. 1 ;
LINE L3275_3435_1 IT3275 IT3435 0.594928 5.628712 0. 0. 1 ;
LINE L3275_3436_1 IT3275 IT3436 0.593484 5.615716 0. 0. 1 ;
LINE L3276_3437_1 ES3276 PT3437 0.446196 4.226588 0. 0. 1 ;
LINE L3278_3438_1 ES3278 ES3438 2.203652 12.590776 0. 0. 1 ;
LINE L3278_3438_2 ES3278 ES3438 2.203652 12.590776 0. 0. 1 ;
LINE L3279_3281_1 ES3279 ES3281 0.819896 4.684152 0. 0. 1 ;
LINE L3279_3281_2 ES3279 ES3281 0.819896 4.684152 0. 0. 1 ;
LINE L3279_3439_1 ES3279 ES3439 0.572088 3.267968 0. 0. 1 ;
LINE L3282_3440_1 ES3282 ES3440 0.210824 1.994164 0. 0. 1 ;
LINE L3282_3440_2 ES3282 ES3440 0.210824 1.994164 0. 0. 1 ;
TRANSFO T3283_3441_1 ES3283 ES3441 0.138500 3.808800 0. 0. 100. 0. 100.0 1 ;
LINE L3284_3442_1 ES3284 ES3442 1.157728 6.616280 0. 0. 1 ;
LINE L3286_3443_1 ES3286 ES3443 0.997804 9.443760 0. 0. 1 ;
LINE L3287_3443_1 ES3287 ES3443 0.228152 2.158780 0. 0. 1 ;
LINE L3287_3443_2 ES3287 ES3443 0.228152 2.158780 0. 0. 1 ;
LINE L3289_3292_1 ES3289 ES3292 0.339284 1.939388 0. 0. 1 ;
LINE L3289_3296_1 ES3289 ES3296 0.408980 2.336268 0. 0. 1 ;
LINE L3290_3444_1 PT3290 PT3444 1.306820 12.369304 0. 0. 1 ;
LINE L3290_3444_2 PT3290 PT3444 1.306820 12.369304 0. 0. 1 ;
LINE L3290_3444_3 PT3290 PT3444 1.439668 13.629916 0. 0. 1 ;
LINE L3290_3444_4 PT3290 PT3444 1.439668 13.629916 0. 0. 1 ;
LINE L3290_3445_1 PT3290 PT3445 1.223068 11.576548 0. 0. 1 ;
LINE L3290_3445_2 PT3290 PT3445 1.223068 11.576548 0. 0. 1 ;
TRANSFO T3291_3349_1 PT3291 PT3349 0.138500 3.808800 0. 0. 100. 0. 100.0 1 ;
LINE L3291_3446_1 PT3291 PT3446 0.329232 3.113264 0. 0. 1 ;
LINE L3291_3446_2 PT3291 PT3446 0.329232 3.113264 0. 0. 1 ;
LINE L3291_3447_1 PT3291 PT3447 0.376884 3.563792 0. 0. 1 ;
LINE L3291_3447_2 PT3291 PT3447 0.376884 3.563792 0. 0. 1 ;
LINE L3291_3448_1 PT3291 PT3448 3.757288 35.564276 0. 0. 1 ;
LINE L3291_3448_2 PT3291 PT3448 3.757288 35.564276 0. 0. 1 ;
LINE L3291_3448_3 PT3291 PT3448 4.044644 38.276108 0. 0. 1 ;
LINE L3291_3449_1 PT3291 PT3449 5.084324 48.114080 0. 0. 1 ;
LINE L3292_3296_1 ES3292 ES3296 0.228448 1.305348 0. 0. 1 ;
LINE L3293_3450_1 ES3293 ES3450 0.452540 2.586012 0. 0. 1 ;
LINE L3295_3297_1 ES3295 ES3297 1.770956 10.119956 0. 0. 1 ;
LINE L3298_3451_1 ES3298 ES3451 0.395912 2.262700 0. 0. 1 ;
LINE L3298_3451_2 ES3298 ES3451 0.395912 2.262700 0. 0. 1 ;
LINE L3299_3301_1 ES3299 ES3301 0.921052 5.262532 0. 0. 1 ;
LINE L3304_3311_1 ES3304 ES3311 2.139764 12.226808 0. 0. 1 ;
LINE L3304_3311_2 ES3304 ES3311 2.139764 12.226808 0. 0. 1 ;
LINE L3304_3311_3 ES3304 ES3311 2.131052 12.177924 0. 0. 1 ;
LINE L3304_3311_4 ES3304 ES3311 2.131052 12.177924 0. 0. 1 ;
LINE L3306_3452_1 ES3306 ES3452 0.836836 4.782404 0. 0. 1 ;
LINE L3306_3452_2 ES3306 ES3452 0.836836 4.782404 0. 0. 1 ;
LINE L3306_3453_1 ES3306 ES3453 3.018224 17.246856 0. 0. 1 ;
LINE L3306_3454_1 ES3306 ES3454 2.641672 15.094508 0. 0. 1 ;
LINE L3306_3454_2 ES3306 ES3454 2.641672 15.094508 0. 0. 1 ;
LINE L3307_3308_1 ES3307 ES3308 0.673728 3.851188 0. 0. 1 ;
LINE L3307_3308_2 ES3307 ES3308 0.673728 3.851188 0. 0. 1 ;
LINE L3307_3455_1 ES3307 ES3455 1.706584 9.751148 0. 0. 1 ;
LINE L3307_3455_2 ES3307 ES3455 1.706584 9.751148 0. 0. 1 ;
LINE L3308_3456_1 ES3308 ES3456 3.287328 18.784524 0. 0. 1 ;
LINE L3308_3456_2 ES3308 ES3456 3.287328 18.784524 0. 0. 1 ;
LINE L3309_3310_1 ES3309 ES3310 0.508200 2.904968 0. 0. 1 ;
LINE L3309_3310_2 ES3309 ES3310 0.508200 2.904968 0. 0. 1 ;
LINE L3309_3438_1 ES3309 ES3438 1.538152 8.788956 0. 0. 1 ;
LINE L3309_3438_2 ES3309 ES3438 1.538152 8.788956 0. 0. 1 ;
LINE L3310_3457_1 ES3310 ES3457 7.415364 42.372748 0. 0. 1 ;
LINE L3310_3457_2 ES3310 ES3457 7.415364 42.372748 0. 0. 1 ;
LINE L3312_3313_1 ES3312 ES3313 0.240064 1.370204 0. 0. 1 ;
LINE L3312_3313_2 ES3312 ES3313 0.240064 1.370204 0. 0. 1 ;
LINE L3313_3347_1 ES3313 ES3347 0.615164 3.514324 0. 0. 1 ;
LINE L3314_3458_1 ES3314 ES3458 1.398760 7.992776 0. 0. 1 ;
LINE L3314_3458_2 ES3314 ES3458 1.398760 7.992776 0. 0. 1 ;
LINE L3314_3459_1 ES3314 ES3459 0.953964 5.450324 0. 0. 1 ;
LINE L3314_3460_1 ES3314 ES3460 1.160148 6.628864 0. 0. 1 ;
LINE L3314_3460_2 ES3314 ES3460 1.160148 6.628864 0. 0. 1 ;
LINE L3315_3461_1 ES3315 ES3461 1.140304 6.515608 0. 0. 1 ;
LINE L3318_3322_1 PT3318 PT3322 2.515448 23.802896 0. 0. 1 ;
LINE L3318_3462_1 PT3318 PT3462 0.605036 5.722572 0. 0. 1 ;
LINE L3318_3462_2 PT3318 PT3462 0.605036 5.722572 0. 0. 1 ;
LINE L3318_3462_3 PT3318 PT3462 0.553052 5.235944 0. 0. 1 ;
LINE L3318_3462_4 PT3318 PT3462 0.553052 5.235944 0. 0. 1 ;
LINE L3318_3463_1 PT3318 PT3463 2.898108 27.430224 0. 0. 1 ;
LINE L3318_3464_1 PT3318 PT3464 2.626636 24.864236 0. 0. 1 ;
LINE L3319_3465_1 ES3319 ES3465 3.045812 17.403188 0. 0. 1 ;
LINE L3319_3466_1 ES3319 ES3466 0.626780 3.582084 0. 0. 1 ;
LINE L3320_3467_1 ES3320 ES3467 2.471788 14.123604 0. 0. 1 ;
LINE L3320_3467_2 ES3320 ES3467 2.471788 14.123604 0. 0. 1 ;
LINE L3320_3468_1 ES3320 ES3468 1.627692 9.300544 0. 0. 1 ;
LINE L3320_3468_2 ES3320 ES3468 1.627692 9.300544 0. 0. 1 ;
LINE L3321_3323_1 ES3321 ES3323 2.067648 11.815408 0. 0. 1 ;
LINE L3321_3323_2 ES3321 ES3323 2.067648 11.815408 0. 0. 1 ;
LINE L3321_3469_1 ES3321 ES3469 1.735624 9.916676 0. 0. 1 ;
LINE L3321_3469_2 ES3321 ES3469 1.735624 9.916676 0. 0. 1 ;
LINE L3322_3470_1 PT3322 PT3470 0.218044 2.063476 0. 0. 1 ;
LINE L3322_3470_2 PT3322 PT3470 0.218044 2.063476 0. 0. 1 ;
LINE L3323_3467_1 ES3323 ES3467 0.700832 4.004616 0. 0. 1 ;
LINE L3323_3467_2 ES3323 ES3467 0.700832 4.004616 0. 0. 1 ;
LINE L3324_3327_1 ES3324 ES3327 0.930732 5.317224 0. 0. 1 ;
LINE L3324_3466_1 ES3324 ES3466 6.333140 36.187712 0. 0. 1 ;
LINE L3324_3468_1 ES3324 ES3468 1.507660 8.615684 0. 0. 1 ;
LINE L3324_3469_1 ES3324 ES3469 3.744708 21.397640 0. 0. 1 ;
LINE L3327_3466_1 ES3327 ES3466 5.260596 30.058820 0. 0. 1 ;
LINE L3328_3471_1 ES3328 ES3471 0.508200 2.903516 0. 0. 1 ;
LINE L3328_3471_2 ES3328 ES3471 0.508200 2.903516 0. 0. 1 ;
LINE L3328_3472_1 ES3328 ES3472 1.143692 6.536420 0. 0. 1 ;
LINE L3328_3472_2 ES3328 ES3472 1.143692 6.536420 0. 0. 1 ;
LINE L3329_3330_1 ES3329 ES3330 0.291688 2.760928 0. 0. 1 ;
TRANSFO T3330_3473_1 ES3330 ES3473 0.138500 3.808800 0. 0. 100. 0. 100.0 1 ;
TRANSFO T3332_3474_1 ES3332 ES3474 0.138500 3.808800 0. 0. 100. 0. 100.0 1 ;
LINE L3333_3474_1 ES3333 ES3474 0.864908 4.941640 0. 0. 1 ;
LINE L3333_3475_1 ES3333 ES3475 4.656564 26.608868 0. 0. 1 ;
LINE L3333_3476_1 ES3333 ES3476 1.196448 6.836016 0. 0. 1 ;
LINE L3333_3477_1 ES3333 ES3477 3.327500 19.012972 0. 0. 1 ;
LINE L3333_3478_1 ES3333 ES3478 1.216776 6.953144 0. 0. 1 ;
LINE L3333_3478_2 ES3333 ES3478 1.216776 6.953144 0. 0. 1 ;
LINE L3333_3479_1 ES3333 ES3479 3.386064 19.347900 0. 0. 1 ;
LINE L3333_3479_2 ES3333 ES3479 3.386064 19.347900 0. 0. 1 ;
LINE L3333_3480_1 ES3333 ES3480 1.052216 6.012732 0. 0. 1 ;
LINE L3333_3480_2 ES3333 ES3480 1.052216 6.012732 0. 0. 1 ;
LINE L3334_3477_1 ES3334 ES3477 0.599192 3.423816 0. 0. 1 ;
LINE L3334_3477_2 ES3334 ES3477 0.599192 3.423816 0. 0. 1 ;
LINE L3335_3481_1 ES3335 ES3481 1.501760 14.210404 0. 0. 1 ;
LINE L3335_3482_1 ES3335 ES3482 0.337896 3.201348 0. 0. 1 ;
LINE L3335_3482_2 ES3335 ES3482 0.337896 3.201348 0. 0. 1 ;
LINE L3336_3483_1 ES3336 ES3483 2.339656 13.370016 0. 0. 1 ;
LINE L3336_3483_2 ES3336 ES3483 2.339656 13.370016 0. 0. 1 ;
LINE L3336_3484_1 ES3336 ES3484 2.038124 11.646492 0. 0. 1 ;
LINE L3337_3338_1 ES3337 ES3338 0.627748 3.586440 0. 0. 1 ;
LINE L3337_3477_1 ES3337 ES3477 4.519592 25.825272 0. 0. 1 ;
LINE L3337_3485_1 ES3337 ES3485 0.884752 5.055380 0. 0. 1 ;
LINE L3338_3486_1 ES3338 ES3486 0.372196 2.125728 0. 0. 1 ;
LINE L3339_3485_1 ES3339 ES3485 2.058936 11.765072 0. 0. 1 ;
LINE L3339_3487_1 ES3339 ES3487 0.975744 5.574712 0. 0. 1 ;
LINE L3339_3487_2 ES3339 ES3487 0.975744 5.574712 0. 0. 1 ;
LINE L3342_3488_1 ES3342 ES3488 3.943148 22.530684 0. 0. 1 ;
LINE L3342_3488_2 ES3342 ES3488 3.943148 22.530684 0. 0. 1 ;
LINE L3342_3489_1 ES3342 ES3489 1.492172 8.527112 0. 0. 1 ;
LINE L3342_3489_2 ES3342 ES3489 1.492172 8.527112 0. 0. 1 ;
LINE L3343_3454_1 ES3343 ES3454 1.933096 11.045848 0. 0. 1 ;
LINE L3343_3454_2 ES3343 ES3454 1.933096 11.045848 0. 0. 1 ;
LINE L3343_3490_1 ES3343 ES3490 0.589996 3.372028 0. 0. 1 ;
LINE L3345_3346_1 ES3345 ES3346 0.548372 3.132932 0. 0. 1 ;
LINE L3345_3491_1 ES3345 ES3491 0.340736 1.948100 0. 0. 1 ;
LINE L3345_3491_2 ES3345 ES3491 0.340736 1.948100 0. 0. 1 ;
LINE L3349_3492_1 PT3349 PT3492 1.169344 6.680652 0. 0. 1 ;
LINE L3349_3492_2 PT3349 PT3492 1.169344 6.680652 0. 0. 1 ;
LINE L3349_3493_1 PT3349 PT3493 1.483460 8.476776 0. 0. 1 ;
LINE L3349_3493_2 PT3349 PT3493 1.483460 8.476776 0. 0. 1 ;
LINE L3350_3493_1 PT3350 PT3493 0.294272 1.682384 0. 0. 1 ;
LINE L3350_3494_1 PT3350 PT3494 0.237644 1.358104 0. 0. 1 ;
LINE L3351_3495_1 PT3351 PT3495 0.761332 4.349224 0. 0. 1 ;
LINE L3351_3495_2 PT3351 PT3495 0.761332 4.349224 0. 0. 1 ;
LINE L3353_3495_1 PT3353 PT3495 0.701800 4.010908 0. 0. 1 ;
LINE L3354_3496_1 PT3354 PT3496 1.003580 9.497188 0. 0. 1 ;
LINE L3354_3496_2 PT3354 PT3496 1.003580 9.497188 0. 0. 1 ;
LINE L3355_3360_1 PT3355 PT3360 0.593868 3.392356 0. 0. 1 ;
LINE L3355_3497_1 PT3355 PT3497 0.480612 2.746700 0. 0. 1 ;
LINE L3355_3497_2 PT3355 PT3497 0.480612 2.746700 0. 0. 1 ;
LINE L3356_3498_1 PT3356 PT3498 2.834304 16.195608 0. 0. 1 ;
LINE L3356_3498_2 PT3356 PT3498 2.834304 16.195608 0. 0. 1 ;
LINE L3359_3360_1 PT3359 PT3360 0.296208 1.693516 0. 0. 1 ;
LINE L3361_3499_1 PT3361 PT3499 2.611180 14.919300 0. 0. 1 ;
TRANSFO T3361_3500_1 PT3361 PT3500 0.138500 3.808800 0. 0. 100. 0. 100.0 1 ;
LINE L3361_3501_1 PT3361 PT3501 2.320296 13.259664 0. 0. 1 ;
LINE L3361_3501_2 PT3361 PT3501 2.414676 13.798356 0. 0. 1 ;
LINE L3361_3501_3 PT3361 PT3501 2.414676 13.798356 0. 0. 1 ;
LINE L3362_3491_1 ES3362 ES3491 2.162996 12.359908 0. 0. 1 ;
LINE L3362_3502_1 ES3362 ES3502 0.330572 1.888568 0. 0. 1 ;
LINE L3363_3503_1 DK3363 DK3503 1.075780 10.187420 0. 0. 1 ;
TRANSFO T3363_3504_1 DK3363 DK3504 0.138500 3.808800 0. 0. 100. 0. 100.0 1 ;
LINE L3365_3505_1 DK3365 DK3505 0.776872 7.345628 0. 0. 1 ;
TRANSFO T3365_3506_1 DK3365 DK3506 0.138500 3.808800 0. 0. 100. 0. 100.0 1 ;
TRANSFO T3367_3507_1 DK3367 DK3507 0.138500 3.808800 0. 0. 100. 0. 100.0 1 ;
TRANSFO T3367_3508_1 DK3367 DK3508 0.138500 3.808800 0. 0. 100. 0. 100.0 1 ;
LINE L3368_3509_1 DK3368 DK3509 1.817996 17.211036 0. 0. 1 ;
LINE L3368_3509_2 DK3368 DK3509 1.817996 17.211036 0. 0. 1 ;
TRANSFO T3368_3510_1 DK3368 DK3510 0.138500 3.808800 0. 0. 100. 0. 100.0 1 ;
TRANSFO T3370_3511_1 DK3370 DK3511 0.413200 11.364000 0. 0. 100. 0. 100.0 1 ;
TRANSFO T3372_3382_1 PL3372 PL3382 0.138500 3.808800 0. 0. 100. 0. 100.0 1 ;
LINE L3372_3512_1 PL3372 PL3512 1.295268 12.259560 0. 0. 1 ;
LINE L3372_3512_2 PL3372 PL3512 1.295268 12.259560 0. 0. 1 ;
LINE L3372_3513_1 PL3372 PL3513 2.700280 25.553024 0. 0. 1 ;
LINE L3373_3514_1 PL3373 PL3514 0.350892 3.316868 0. 0. 1 ;
LINE L3373_3514_2 PL3373 PL3514 0.350892 3.316868 0. 0. 1 ;
TRANSFO T3373_3515_1 PL3373 PL3515 0.138500 3.808800 0. 0. 100. 0. 100.0 1 ;
LINE L3374_3514_1 PL3374 PL3514 1.703920 16.126592 0. 0. 1 ;
LINE L3375_3516_1 PL3375 PL3516 1.792004 16.958336 0. 0. 1 ;
LINE L3376_3379_1 PL3376 PL3379 2.790260 15.942960 0. 0. 1 ;
LINE L3376_3379_2 PL3376 PL3379 2.790260 15.942960 0. 0. 1 ;
LINE L3376_3517_1 PL3376 PL3517 4.730616 27.031400 0. 0. 1 ;
LINE L3376_3517_2 PL3376 PL3517 4.730616 27.031400 0. 0. 1 ;
LINE L3378_3515_1 PL3378 PL3515 2.309164 13.195776 0. 0. 1 ;
LINE L3378_3517_1 PL3378 PL3517 1.377464 7.871292 0. 0. 1 ;
LINE L3378_3517_2 PL3378 PL3517 1.377464 7.871292 0. 0. 1 ;
LINE L3378_3518_1 PL3378 PL3518 0.525140 3.001768 0. 0. 1 ;
LINE L3379_3519_1 PL3379 PL3519 3.250544 18.573500 0. 0. 1 ;
LINE L3382_3383_1 PL3382 PL3383 3.270388 18.688692 0. 0. 1 ;
LINE L3384_3520_1 PL3384 PL3520 7.507808 42.900308 0. 0. 1 ;
TRANSFO T3384_3521_1 PL3384 PL3521 0.138500 3.808800 0. 0. 100. 0. 100.0 1 ;
LINE L3385_3522_1 PL3385 PL3522 1.384796 13.111520 0. 0. 1 ;
LINE L3385_3522_2 PL3385 PL3522 1.384796 13.111520 0. 0. 1 ;
LINE L3385_3523_1 PL3385 PL3523 2.397040 22.685240 0. 0. 1 ;
LINE L3386_3524_1 RO3386 RO3524 1.457808 8.330124 0. 0. 1 ;
LINE L3386_3525_1 RO3386 RO3525 3.235540 18.488800 0. 0. 1 ;
LINE L3387_3526_1 RO3387 RO3526 1.048344 5.989500 0. 0. 1 ;
TRANSFO T3388_3398_1 RO3388 RO3398 0.138500 3.808800 0. 0. 100. 0. 100.0 1 ;
LINE L3388_3527_1 RO3388 RO3527 3.452856 19.731228 0. 0. 1 ;
LINE L3388_3527_2 RO3388 RO3527 3.452856 19.731228 0. 0. 1 ;
LINE L3389_3526_1 RO3389 RO3526 1.139336 6.511252 0. 0. 1 ;
LINE L3389_3528_1 RO3389 RO3528 1.022692 5.844300 0. 0. 1 ;
LINE L3389_3528_2 RO3389 RO3528 1.022692 5.844300 0. 0. 1 ;
LINE L3391_3529_1 RO3391 RO3529 2.352276 22.267924 0. 0. 1 ;
LINE L3392_3393_1 RO3392 RO3393 0.938600 8.883488 0. 0. 1 ;
LINE L3392_3530_1 RO3392 RO3530 0.571824 5.410668 0. 0. 1 ;
LINE L3392_3531_1 RO3392 RO3531 2.763816 26.152284 0. 0. 1 ;
TRANSFO T3392_3532_1 RO3392 RO3532 0.138500 3.808800 0. 0. 100. 0. 100.0 1 ;
LINE L3393_3533_1 RO3393 RO3533 1.282272 12.136820 0. 0. 1 ;
TRANSFO T3393_3534_1 RO3393 RO3534 0.035600 0.977700 0. 0. 100. 0. 100.0 1 ;
LINE L3393_3535_1 RO3393 BG3535 6.999068 66.242056 0. 0. 1 ;
LINE L3393_3536_1 RO3393 RO3536 1.182636 11.195332 0. 0. 1 ;
LINE L3395_3537_1 RO3395 RO3537 4.454252 25.451140 0. 0. 1 ;
LINE L3395_3537_2 RO3395 RO3537 4.454252 25.451140 0. 0. 1 ;
LINE L3395_3538_1 RO3395 RO3538 0.594836 3.398164 0. 0. 1 ;
LINE L3395_3538_2 RO3395 RO3538 0.594836 3.398164 0. 0. 1 ;
LINE L3396_3539_1 RO3396 RO3539 1.125300 6.430908 0. 0. 1 ;
LINE L3397_3540_1 RO3397 RO3540 0.547888 3.130512 0. 0. 1 ;
LINE L3398_3541_1 RO3398 RO3541 1.936404 18.318584 0. 0. 1 ;
LINE L3399_3401_1 RO3399 RO3401 0.431756 4.092296 0. 0. 1 ;
LINE L3400_3542_1 RO3400 RO3542 2.166000 20.493248 0. 0. 1 ;
LINE L3401_3531_1 RO3401 RO3531 3.914684 37.048708 0. 0. 1 ;
TRANSFO T3401_3543_1 RO3401 RO3543 0.138500 3.808800 0. 0. 100. 0. 100.0 1 ;
LINE L3402_3403_1 RO3402 RO3403 1.598652 9.135984 0. 0. 1 ;
LINE L3402_3403_2 RO3402 RO3403 1.598652 9.135984 0. 0. 1 ;
LINE L3403_3544_1 RO3403 RO3544 5.132820 29.329432 0. 0. 1 ;
LINE L3403_3545_1 RO3403 RO3545 5.310448 30.346316 0. 0. 1 ;
LINE L3404_3546_1 RO3404 RO3546 4.199184 23.994300 0. 0. 1 ;
LINE L3405_3547_1 RO3405 RO3547 0.487872 2.786388 0. 0. 1 ;
LINE L3405_3548_1 RO3405 RO3548 0.488356 2.790260 0. 0. 1 ;
LINE L3405_3548_2 RO3405 RO3548 0.488356 2.790260 0. 0. 1 ;
LINE L3406_3549_1 RO3406 RO3549 0.628232 3.590312 0. 0. 1 ;
LINE L3406_3550_1 RO3406 RO3550 2.246244 12.836164 0. 0. 1 ;
LINE L3411_3417_1 RO3411 RO3417 0.763752 4.362776 0. 0. 1 ;
LINE L3415_3551_1 PL3415 PL3551 5.243172 29.960568 0. 0. 1 ;
LINE L3415_3552_1 PL3415 PL3552 1.692548 9.670320 0. 0. 1 ;
LINE L3417_3544_1 RO3417 RO3544 2.585528 14.773132 0. 0. 1 ;
LINE L3418_3419_1 BG3418 BG3419 1.885864 17.843508 0. 0. 1 ;
LINE L3418_3553_1 BG3418 BG3553 1.465660 13.876840 0. 0. 1 ;
TRANSFO T3418_3554_1 BG3418 BG3554 0.138500 3.808800 0. 0. 100. 0. 100.0 1 ;
LINE L3419_3555_1 BG3419 BG3555 3.075720 29.105264 0. 0. 1 ;
TRANSFO T3419_3556_1 BG3419 BG3556 0.138500 3.808800 0. 0. 100. 0. 100.0 1 ;
LINE L3420_3556_1 BG3420 BG3556 4.782888 27.330028 0. 0. 1 ;
LINE L3420_3556_2 BG3420 BG3556 4.782888 27.330028 0. 0. 1 ;
LINE L3420_3557_1 BG3420 BG3557 2.837208 16.213516 0. 0. 1 ;
LINE L3421_3558_1 BG3421 BG3558 0.336452 3.178244 0. 0. 1 ;
LINE L3421_3558_2 BG3421 BG3558 0.336452 3.178244 0. 0. 1 ;
LINE L3421_3559_1 BG3421 BG3559 1.093108 10.340484 0. 0. 1 ;
LINE L3422_3560_1 BG3422 BG3560 0.128516 1.210072 0. 0. 1 ;
LINE L3423_3561_1 MK3423 MK3561 0.908276 8.597576 0. 0. 1 ;
LINE L3424_3562_1 GR3424 GR3562 2.363828 22.371892 0. 0. 1 ;
LINE L3424_3563_1 GR3424 GR3563 3.960892 37.486240 0. 0. 1 ;
LINE L3424_3563_2 GR3424 GR3563 3.960892 37.486240 0. 0. 1 ;
LINE L3425_3427_1 GR3425 GR3427 3.259108 30.848172 0. 0. 1 ;
LINE L3425_3427_2 GR3425 GR3427 3.259108 30.848172 0. 0. 1 ;
LINE L3425_3564_1 GR3425 GR3564 4.196264 39.711444 0. 0. 1 ;
LINE L3425_3564_2 GR3425 GR3564 4.196264 39.711444 0. 0. 1 ;
LINE L3425_3564_3 GR3425 GR3564 4.327668 40.960504 0. 0. 1 ;
LINE L3425_3564_4 GR3425 GR3564 4.327668 40.960504 0. 0. 1 ;
LINE L3426_3565_1 GR3426 GR3565 3.611444 34.176592 0. 0. 1 ;
LINE L3426_3565_2 GR3426 GR3565 3.611444 34.176592 0. 0. 1 ;
LINE L3426_3566_1 GR3426 GR3566 0.841852 7.962216 0. 0. 1 ;
LINE L3426_3566_2 GR3426 GR3566 0.841852 7.962216 0. 0. 1 ;
LINE L3427_3567_1 GR3427 GR3567 2.252640 21.324992 0. 0. 1 ;
LINE L3427_3567_2 GR3427 GR3567 2.252640 21.324992 0. 0. 1 ;
LINE L3428_3568_1 AL3428 AL3568 2.403060 13.732048 0. 0. 1 ;
LINE L3430_3569_1 AL3430 AL3569 0.760364 4.344384 0. 0. 1 ;
LINE L3430_3569_2 AL3430 AL3569 0.760364 4.344384 0. 0. 1 ;
LINE L3431_3433_1 AL3431 RS3433 2.411288 13.779480 0. 0. 1 ;
LINE L3431_3568_1 AL3431 AL3568 1.136916 6.497216 0. 0. 1 ;
LINE L3431_3570_1 AL3431 AL3570 0.790856 4.520076 0. 0. 1 ;
LINE L3432_3561_1 MK3432 MK3561 1.766012 16.712856 0. 0. 1 ;
LINE L3432_3571_1 MK3432 MK3571 3.143588 29.746400 0. 0. 1 ;
LINE L3434_3572_1 MK3434 MK3572 4.200636 24.002528 0. 0. 1 ;
LINE L3435_3573_1 IT3435 IT3573 1.962396 18.575616 0. 0. 1 ;
TRANSFO T3435_3574_1 IT3435 IT3574 0.138500 3.808800 0. 0. 100. 0. 100.0 1 ;
TRANSFO T3436_3575_1 IT3436 IT3575 0.138500 3.808800 0. 0. 100. 0. 100.0 1 ;
LINE L3437_3496_1 PT3437 PT3496 0.284468 2.688728 0. 0. 1 ;
LINE L3437_3496_2 PT3437 PT3496 0.284468 2.688728 0. 0. 1 ;
LINE L3437_3576_1 PT3437 PT3576 1.418008 13.419092 0. 0. 1 ;
LINE L3438_3455_1 ES3438 ES3455 0.823768 4.707384 0. 0. 1 ;
LINE L3438_3455_2 ES3438 ES3455 0.823768 4.707384 0. 0. 1 ;
LINE L3438_3577_1 ES3438 ES3577 0.530948 3.033712 0. 0. 1 ;
LINE L3438_3577_2 ES3438 ES3577 0.530948 3.033712 0. 0. 1 ;
LINE L3438_3578_1 ES3438 ES3578 2.188648 12.506560 0. 0. 1 ;
LINE L3438_3578_2 ES3438 ES3578 2.188648 12.506560 0. 0. 1 ;
LINE L3438_3579_1 ES3438 ES3579 2.785420 15.916340 0. 0. 1 ;
LINE L3438_3579_2 ES3438 ES3579 2.785420 15.916340 0. 0. 1 ;
LINE L3439_3580_1 ES3439 ES3580 0.838772 4.792568 0. 0. 1 ;
LINE L3439_3581_1 ES3439 ES3581 0.674212 3.853124 0. 0. 1 ;
LINE L3439_3581_2 ES3439 ES3581 0.674212 3.853124 0. 0. 1 ;
LINE L3440_3582_1 ES3440 ES3582 0.388436 3.670648 0. 0. 1 ;
LINE L3440_3582_2 ES3440 ES3582 0.388436 3.670648 0. 0. 1 ;
LINE L3440_3583_1 ES3440 ES3583 0.866400 8.196144 0. 0. 1 ;
LINE L3440_3583_2 ES3440 ES3583 0.866400 8.196144 0. 0. 1 ;
LINE L3441_3442_1 ES3441 ES3442 3.093728 17.677132 0. 0. 1 ;
TRANSFO T3442_3584_1 ES3442 ES3584 0.138500 3.808800 0. 0. 100. 0. 100.0 1 ;
LINE L3442_3585_1 ES3442 ES3585 1.156760 6.608536 0. 0. 1 ;
LINE L3443_3586_1 ES3443 ES3586 0.902500 8.535484 0. 0. 1 ;
LINE L3443_3586_2 ES3443 ES3586 0.902500 8.535484 0. 0. 1 ;
LINE L3444_3587_1 PT3444 PT3587 0.339340 3.204236 0. 0. 1 ;
LINE L3444_3588_1 PT3444 PT3588 0.469300 4.443188 0. 0. 1 ;
LINE L3444_3588_2 PT3444 PT3588 0.469300 4.443188 0. 0. 1 ;
LINE L3445_3589_1 PT3445 PT3589 0.828856 7.839476 0. 0. 1 ;
LINE L3445_3589_2 PT3445 PT3589 0.828856 7.839476 0. 0. 1 ;
LINE L3446_3590_1 PT3446 PT3590 0.056316 0.535724 0. 0. 1 ;
LINE L3446_3590_2 PT3446 PT3590 0.056316 0.535724 0. 0. 1 ;
LINE L3447_3589_1 PT3447 PT3589 0.437532 4.142836 0. 0. 1 ;
LINE L3447_3589_2 PT3447 PT3589 0.437532 4.142836 0. 0. 1 ;
LINE L3448_3591_1 PT3448 PT3591 0.291688 2.760928 0. 0. 1 ;
LINE L3448_3591_2 PT3448 PT3591 0.291688 2.760928 0. 0. 1 ;
LINE L3448_3592_1 PT3448 PT3592 0.350892 3.316868 0. 0. 1 ;
LINE L3448_3592_2 PT3448 PT3592 0.350892 3.316868 0. 0. 1 ;
LINE L3449_3593_1 PT3449 PT3593 0.294576 2.781144 0. 0. 1 ;
LINE L3449_3593_2 PT3449 PT3593 0.294576 2.781144 0. 0. 1 ;
LINE L3449_3594_1 PT3449 PT3594 1.672152 15.826240 0. 0. 1 ;
LINE L3450_3595_1 ES3450 ES3595 0.508200 2.904968 0. 0. 1 ;
LINE L3451_3596_1 ES3451 ES3596 0.559020 3.194884 0. 0. 1 ;
LINE L3451_3596_2 ES3451 ES3596 0.559020 3.194884 0. 0. 1 ;
LINE L3451_3597_1 ES3451 ES3597 0.610324 3.487220 0. 0. 1 ;
LINE L3451_3597_2 ES3451 ES3597 0.610324 3.487220 0. 0. 1 ;
LINE L3452_3456_1 ES3452 ES3456 0.236192 1.348908 0. 0. 1 ;
LINE L3452_3456_2 ES3452 ES3456 0.236192 1.348908 0. 0. 1 ;
LINE L3452_3598_1 ES3452 ES3598 0.462220 2.641188 0. 0. 1 ;
LINE L3452_3598_2 ES3452 ES3598 0.462220 2.641188 0. 0. 1 ;
LINE L3453_3599_1 ES3453 ES3599 1.145628 6.547552 0. 0. 1 ;
LINE L3453_3600_1 ES3453 ES3600 0.903628 5.162828 0. 0. 1 ;
LINE L3453_3600_2 ES3453 ES3600 0.903628 5.162828 0. 0. 1 ;
LINE L3454_3601_1 ES3454 ES3601 1.705616 9.745824 0. 0. 1 ;
LINE L3454_3602_1 ES3454 ES3602 0.943316 5.389824 0. 0. 1 ;
LINE L3454_3602_2 ES3454 ES3602 0.943316 5.389824 0. 0. 1 ;
LINE L3455_3577_1 ES3455 ES3577 0.262812 1.500884 0. 0. 1 ;
LINE L3455_3577_2 ES3455 ES3577 0.262812 1.500884 0. 0. 1 ;
LINE L3456_3603_1 ES3456 ES3603 0.489324 2.795584 0. 0. 1 ;
LINE L3456_3603_2 ES3456 ES3603 0.489324 2.795584 0. 0. 1 ;
LINE L3457_3604_1 ES3457 ES3604 1.762244 10.070104 0. 0. 1 ;
LINE L3457_3604_2 ES3457 ES3604 1.762244 10.070104 0. 0. 1 ;
LINE L3457_3605_1 ES3457 ES3605 0.828608 4.735940 0. 0. 1 ;
LINE L3457_3605_2 ES3457 ES3605 0.828608 4.735940 0. 0. 1 ;
LINE L3458_3491_1 ES3458 ES3491 2.281092 13.034604 0. 0. 1 ;
LINE L3458_3491_2 ES3458 ES3491 2.281092 13.034604 0. 0. 1 ;
LINE L3458_3606_1 ES3458 ES3606 1.230328 7.029616 0. 0. 1 ;
LINE L3459_3607_1 ES3459 ES3607 0.703736 4.020588 0. 0. 1 ;
LINE L3460_3608_1 ES3460 ES3608 1.719168 9.823264 0. 0. 1 ;
LINE L3461_3579_1 ES3461 ES3579 0.666468 3.809080 0. 0. 1 ;
LINE L3461_3579_2 ES3461 ES3579 0.666468 3.809080 0. 0. 1 ;
LINE L3463_3464_1 PT3463 PT3464 0.583376 5.526188 0. 0. 1 ;
LINE L3463_3609_1 PT3463 PT3609 0.202160 1.913300 0. 0. 1 ;
LINE L3463_3610_1 PT3463 PT3610 1.705364 16.141032 0. 0. 1 ;
LINE L3464_3611_1 PT3464 PT3611 0.443308 4.191932 0. 0. 1 ;
LINE L3464_3611_2 PT3464 PT3611 0.443308 4.191932 0. 0. 1 ;
LINE L3465_3612_1 ES3465 ES3612 2.410320 13.773188 0. 0. 1 ;
LINE L3466_3613_1 ES3466 ES3613 0.943800 5.393696 0. 0. 1 ;
LINE L3467_3614_1 ES3467 ES3614 0.721160 4.120292 0. 0. 1 ;
LINE L3467_3614_2 ES3467 ES3614 0.721160 4.120292 0. 0. 1 ;
LINE L3468_3615_1 ES3468 ES3615 0.220220 1.259368 0. 0. 1 ;
LINE L3469_3616_1 ES3469 ES3616 1.603008 9.160668 0. 0. 1 ;
LINE L3471_3599_1 ES3471 ES3599 1.874048 10.708984 0. 0. 1 ;
LINE L3471_3601_1 ES3471 ES3601 2.662000 15.210668 0. 0. 1 ;
LINE L3474_3477_1 ES3474 ES3477 3.689048 21.080620 0. 0. 1 ;
LINE L3475_3617_1 ES3475 ES3617 0.603548 3.447532 0. 0. 1 ;
LINE L3475_3618_1 ES3475 ES3618 5.919804 33.826760 0. 0. 1 ;
LINE L3475_3619_1 ES3475 ES3619 1.767568 10.099628 0. 0. 1 ;
LINE L3475_3620_1 ES3475 ES3620 3.335244 19.057016 0. 0. 1 ;
LINE L3475_3621_1 ES3475 ES3621 2.185744 12.490588 0. 0. 1 ;
LINE L3479_3620_1 ES3479 ES3620 1.250172 7.144808 0. 0. 1 ;
LINE L3479_3620_2 ES3479 ES3620 1.250172 7.144808 0. 0. 1 ;
LINE L3479_3622_1 ES3479 ES3622 0.311212 1.776764 0. 0. 1 ;
LINE L3479_3622_2 ES3479 ES3622 0.311212 1.776764 0. 0. 1 ;
LINE L3481_3623_1 ES3481 ES3623 2.076472 19.648508 0. 0. 1 ;
LINE L3481_3624_1 ES3481 ES3624 0.309016 2.929876 0. 0. 1 ;
LINE L3481_3624_2 ES3481 ES3624 0.309016 2.929876 0. 0. 1 ;
LINE L3484_3625_1 ES3484 ES3625 1.949552 11.139744 0. 0. 1 ;
LINE L3484_3626_1 ES3484 ES3626 2.090880 11.947540 0. 0. 1 ;
LINE L3488_3627_1 ES3488 ES3627 1.032372 5.898992 0. 0. 1 ;
LINE L3488_3627_2 ES3488 ES3627 1.032372 5.898992 0. 0. 1 ;
LINE L3488_3628_1 ES3488 ES3628 0.758428 4.334704 0. 0. 1 ;
LINE L3488_3628_2 ES3488 ES3628 0.758428 4.334704 0. 0. 1 ;
LINE L3490_3629_1 ES3490 ES3629 0.640816 3.660976 0. 0. 1 ;
LINE L3490_3629_2 ES3490 ES3629 0.640816 3.660976 0. 0. 1 ;
LINE L3492_3630_1 PT3492 PT3630 0.517880 2.959176 0. 0. 1 ;
LINE L3492_3631_1 PT3492 PT3631 1.088032 6.216980 0. 0. 1 ;
LINE L3492_3631_2 PT3492 PT3631 1.088032 6.216980 0. 0. 1 ;
LINE L3498_3501_1 PT3498 PT3501 4.876784 27.867268 0. 0. 1 ;
LINE L3498_3501_2 PT3498 PT3501 4.876784 27.867268 0. 0. 1 ;
LINE L3499_3632_1 PT3499 PT3632 2.691524 15.379584 0. 0. 1 ;
LINE L3499_3633_1 PT3499 PT3633 0.387684 2.213816 0. 0. 1 ;
LINE L3499_3633_2 PT3499 PT3633 0.387684 2.213816 0. 0. 1 ;
LINE L3500_3576_1 PT3500 PT3576 1.978280 18.727236 0. 0. 1 ;
LINE L3500_3591_1 PT3500 PT3591 1.838212 17.392980 0. 0. 1 ;
LINE L3500_3634_1 PT3500 PT3634 2.150116 20.341628 0. 0. 1 ;
LINE L3501_3635_1 PT3501 PT3635 0.548372 3.132448 0. 0. 1 ;
LINE L3501_3636_1 PT3501 PT3636 1.183380 6.762448 0. 0. 1 ;
LINE L3501_3636_2 PT3501 PT3636 1.453452 8.305924 0. 0. 1 ;
LINE L3501_3637_1 PT3501 PT3637 4.097060 23.412532 0. 0. 1 ;
LINE L3502_3638_1 ES3502 ES3638 0.842160 4.812412 0. 0. 1 ;
LINE L3502_3638_2 ES3502 ES3638 0.842160 4.812412 0. 0. 1 ;
LINE L3502_3639_1 ES3502 ES3639 2.989184 17.081812 0. 0. 1 ;
LINE L3503_3640_1 DK3503 DK3640 0.345116 3.260552 0. 0. 1 ;
LINE L3503_3641_1 DK3503 DK3641 2.067808 19.570532 0. 0. 1 ;
TRANSFO T3503_3642_1 DK3503 DK3642 0.138500 3.808800 0. 0. 100. 0. 100.0 1 ;
TRANSFO T3503_3643_1 DK3503 DK3643 0.138500 3.808800 0. 0. 100. 0. 100.0 1 ;
LINE L3505_3644_1 DK3505 DK3644 0.311904 2.952980 0. 0. 1 ;
TRANSFO T3505_3645_1 DK3505 DK3645 0.138500 3.808800 0. 0. 100. 0. 100.0 1 ;
TRANSFO T3507_3508_1 DK3507 DK3508 0.413200 11.364000 0. 0. 100. 0. 100.0 1 ;
LINE L3508_3646_1 DK3508 DK3646 6.454624 36.883220 0. 0. 1 ;
LINE L3509_3641_1 DK3509 DK3641 1.461328 13.827744 0. 0. 1 ;
LINE L3509_3647_1 DK3509 DK3647 1.900304 17.980688 0. 0. 1 ;
TRANSFO T3509_3648_1 DK3509 DK3648 0.138500 3.808800 0. 0. 100. 0. 100.0 1 ;
LINE L3512_3649_1 PL3512 PL3649 1.497428 14.169972 0. 0. 1 ;
LINE L3512_3649_2 PL3512 PL3649 1.497428 14.169972 0. 0. 1 ;
LINE L3513_3650_1 PL3513 PL3650 3.549352 33.585996 0. 0. 1 ;
LINE L3514_3651_1 PL3514 PL3651 4.326224 40.941732 0. 0. 1 ;
LINE L3515_3520_1 PL3515 PL3520 6.594500 37.682788 0. 0. 1 ;
LINE L3517_3652_1 PL3517 PL3652 0.644204 3.681304 0. 0. 1 ;
LINE L3517_3652_2 PL3517 PL3652 0.644204 3.681304 0. 0. 1 ;
LINE L3519_3552_1 PL3519 PL3552 4.882592 27.900180 0. 0. 1 ;
LINE L3519_3653_1 PL3519 PL3653 5.082484 29.041936 0. 0. 1 ;
TRANSFO T3520_3654_1 PL3520 PL3654 0.138500 3.808800 0. 0. 100. 0. 100.0 1 ;
LINE L3520_3655_1 PL3520 PL3655 7.495708 42.832548 0. 0. 1 ;
LINE L3521_3650_1 PL3521 PL3650 0.550164 5.204176 0. 0. 1 ;
LINE L3521_3650_2 PL3521 PL3650 0.541500 5.130532 0. 0. 1 ;
LINE L3521_3654_1 PL3521 PL3654 3.521916 33.336184 0. 0. 1 ;
LINE L3521_3654_2 PL3521 PL3654 3.521916 33.336184 0. 0. 1 ;
LINE L3522_3649_1 PL3522 PL3649 3.243224 30.699440 0. 0. 1 ;
LINE L3522_3649_2 PL3522 PL3649 3.243224 30.699440 0. 0. 1 ;
LINE L3525_3547_1 RO3525 RO3547 1.489752 8.513560 0. 0. 1 ;
LINE L3525_3547_2 RO3525 RO3547 1.489752 8.513560 0. 0. 1 ;
LINE L3525_3656_1 RO3525 RO3656 2.625700 15.003516 0. 0. 1 ;
LINE L3527_3543_1 RO3527 RO3543 1.647536 9.414284 0. 0. 1 ;
LINE L3527_3543_2 RO3527 RO3543 1.647536 9.414284 0. 0. 1 ;
TRANSFO T3529_3657_1 RO3529 RO3657 0.138500 3.808800 0. 0. 100. 0. 100.0 1 ;
TRANSFO T3530_3658_1 RO3530 RO3658 0.138500 3.808800 0. 0. 100. 0. 100.0 1 ;
LINE L3531_3542_1 RO3531 RO3542 1.446888 13.699228 0. 0. 1 ;
LINE L3531_3542_2 RO3531 RO3542 1.776120 16.812492 0. 0. 1 ;
LINE L3532_3540_1 RO3532 RO3540 0.764720 4.371004 0. 0. 1 ;
LINE L3532_3658_1 RO3532 RO3658 1.243880 7.108024 0. 0. 1 ;
LINE L3532_3658_2 RO3532 RO3658 1.093356 6.248440 0. 0. 1 ;
LINE L3532_3658_3 RO3532 RO3658 1.093356 6.248440 0. 0. 1 ;
LINE L3533_3659_1 RO3533 BG3659 5.507416 52.128400 0. 0. 1 ;
LINE L3535_3555_1 BG3535 BG3555 4.245360 40.182188 0. 0. 1 ;
LINE L3535_3659_1 BG3535 BG3659 0.467856 4.428748 0. 0. 1 ;
LINE L3535_3659_2 BG3535 BG3659 0.467856 4.428748 0. 0. 1 ;
LINE L3535_3660_1 BG3535 BG3660 2.578984 24.403600 0. 0. 1 ;
TRANSFO T3535_3661_1 BG3535 BG3661 0.138500 3.808800 0. 0. 100. 0. 100.0 1 ;
LINE L3536_3662_1 RO3536 RO3662 3.061280 28.966640 0. 0. 1 ;
LINE L3537_3657_1 RO3537 RO3657 6.469628 36.968888 0. 0. 1 ;
LINE L3539_3546_1 RO3539 RO3546 3.038552 17.361564 0. 0. 1 ;
LINE L3542_3662_1 RO3542 RO3662 2.301736 21.787072 0. 0. 1 ;
LINE L3542_3663_1 RO3542 RO3663 0.644024 6.099456 0. 0. 1 ;
LINE L3543_3664_1 RO3543 RO3664 0.775852 4.432956 0. 0. 1 ;
LINE L3543_3664_2 RO3543 RO3664 0.775852 4.432956 0. 0. 1 ;
LINE L3544_3665_1 RO3544 RO3665 1.552188 8.869300 0. 0. 1 ;
LINE L3544_3665_2 RO3544 RO3665 1.552188 8.869300 0. 0. 1 ;
LINE L3545_3666_1 RO3545 RO3666 5.042796 28.815908 0. 0. 1 ;
LINE L3547_3548_1 RO3547 RO3548 0.437052 2.497924 0. 0. 1 ;
LINE L3547_3548_2 RO3547 RO3548 0.437052 2.497924 0. 0. 1 ;
LINE L3548_3667_1 RO3548 RO3667 0.425436 2.430648 0. 0. 1 ;
LINE L3548_3667_2 RO3548 RO3667 0.425436 2.430648 0. 0. 1 ;
LINE L3552_3668_1 PL3552 PL3668 0.487872 2.788324 0. 0. 1 ;
LINE L3553_3559_1 BG3553 BG3559 2.021600 19.138776 0. 0. 1 ;
LINE L3554_3669_1 BG3554 BG3669 2.307712 13.186580 0. 0. 1 ;
LINE L3554_3670_1 BG3554 BG3670 2.562780 14.643904 0. 0. 1 ;
LINE L3554_3670_2 BG3554 BG3670 2.562780 14.643904 0. 0. 1 ;
LINE L3554_3671_1 BG3554 BG3671 1.021240 5.835588 0. 0. 1 ;
LINE L3556_3557_1 BG3556 BG3557 4.505072 25.742508 0. 0. 1 ;
LINE L3556_3672_1 BG3556 BG3672 2.534224 14.480312 0. 0. 1 ;
LINE L3556_3672_2 BG3556 BG3672 2.534224 14.480312 0. 0. 1 ;
LINE L3559_3673_1 BG3559 BG3673 3.555128 33.642312 0. 0. 1 ;
TRANSFO T3559_3674_1 BG3559 BG3674 0.138500 3.808800 0. 0. 100. 0. 100.0 1 ;
LINE L3560_3567_1 BG3560 GR3567 4.444632 42.069496 0. 0. 1 ;
LINE L3560_3675_1 BG3560 GR3675 3.635992 34.413408 0. 0. 1 ;
LINE L3561_3567_1 MK3561 GR3567 3.378960 31.971604 0. 0. 1 ;
LINE L3561_3571_1 MK3561 MK3571 2.235312 21.148824 0. 0. 1 ;
LINE L3562_3676_1 GR3562 GR3676 2.225204 21.057852 0. 0. 1 ;
LINE L3563_3564_1 GR3563 GR3564 1.303932 12.334648 0. 0. 1 ;
LINE L3563_3564_2 GR3563 GR3564 1.303932 12.334648 0. 0. 1 ;
LINE L3563_3676_1 GR3563 GR3676 2.849012 26.959480 0. 0. 1 ;
LINE L3563_3676_2 GR3563 GR3676 2.849012 26.959480 0. 0. 1 ;
LINE L3563_3677_1 GR3563 GR3677 1.517644 14.357692 0. 0. 1 ;
LINE L3563_3677_2 GR3563 GR3677 1.517644 14.357692 0. 0. 1 ;
LINE L3564_3678_1 GR3564 GR3678 1.071448 10.135436 0. 0. 1 ;
LINE L3564_3678_2 GR3564 GR3678 1.071448 10.135436 0. 0. 1 ;
LINE L3564_3679_1 GR3564 GR3679 1.537860 14.549744 0. 0. 1 ;
LINE L3564_3679_2 GR3564 GR3679 1.537860 14.549744 0. 0. 1 ;
LINE L3565_3567_1 GR3565 GR3567 0.622364 5.892964 0. 0. 1 ;
LINE L3565_3675_1 GR3565 GR3675 0.823080 7.787492 0. 0. 1 ;
LINE L3565_3680_1 GR3565 GR3680 2.849012 26.966700 0. 0. 1 ;
LINE L3565_3680_2 GR3565 GR3680 2.849012 26.966700 0. 0. 1 ;
LINE L3565_3680_3 GR3565 GR3680 2.713276 25.672876 0. 0. 1 ;
LINE L3566_3571_1 GR3566 MK3571 0.642580 6.085016 0. 0. 1 ;
LINE L3567_3675_1 GR3567 GR3675 0.798532 7.552120 0. 0. 1 ;
LINE L3567_3681_1 GR3567 GR3681 0.779760 7.381728 0. 0. 1 ;
LINE L3570_3682_1 AL3570 AL3682 6.953144 39.733012 0. 0. 1 ;
LINE L3570_3682_2 AL3570 AL3682 4.155140 23.743104 0. 0. 1 ;
LINE L3573_3683_1 IT3573 IT3683 1.699588 16.084716 0. 0. 1 ;
LINE L3574_3575_1 IT3574 IT3575 0.542564 3.099052 0. 0. 1 ;
LINE L3574_3575_2 IT3574 IT3575 0.542564 3.099052 0. 0. 1 ;
LINE L3574_3684_1 IT3574 IT3684 4.840000 27.656728 0. 0. 1 ;
LINE L3574_3684_2 IT3574 IT3684 4.840000 27.656728 0. 0. 1 ;
LINE L3574_3685_1 IT3574 IT3685 0.513524 2.934008 0. 0. 1 ;
LINE L3575_3685_1 IT3575 IT3685 0.553696 3.162940 0. 0. 1 ;
LINE L3575_3685_2 IT3575 IT3685 0.553696 3.162940 0. 0. 1 ;
LINE L3576_3593_1 PT3576 PT3593 1.914744 18.122200 0. 0. 1 ;
LINE L3577_3686_1 ES3577 ES3686 0.375584 2.147024 0. 0. 1 ;
LINE L3577_3686_2 ES3577 ES3686 0.375584 2.147024 0. 0. 1 ;
LINE L3578_3607_1 ES3578 ES3607 1.570580 8.975296 0. 0. 1 ;
LINE L3578_3607_2 ES3578 ES3607 1.570580 8.975296 0. 0. 1 ;
LINE L3578_3687_1 ES3578 ES3687 3.090824 17.662128 0. 0. 1 ;
LINE L3580_3688_1 ES3580 ES3688 1.004300 5.739756 0. 0. 1 ;
LINE L3581_3689_1 ES3581 ES3689 0.537724 3.073884 0. 0. 1 ;
LINE L3581_3689_2 ES3581 ES3689 0.537724 3.073884 0. 0. 1 ;
LINE L3583_3690_1 ES3583 ES3690 0.576156 5.452544 0. 0. 1 ;
LINE L3583_3690_2 ES3583 ES3690 0.576156 5.452544 0. 0. 1 ;
LINE L3583_3691_1 ES3583 ES3691 0.232484 2.202100 0. 0. 1 ;
LINE L3583_3691_2 ES3583 ES3691 0.232484 2.202100 0. 0. 1 ;
LINE L3584_3692_1 ES3584 ES3692 0.802864 7.592552 0. 0. 1 ;
LINE L3585_3693_1 ES3585 ES3693 1.551704 8.867848 0. 0. 1 ;
LINE L3589_3694_1 PT3589 PT3694 0.464968 4.395536 0. 0. 1 ;
LINE L3589_3694_2 PT3589 PT3694 0.464968 4.395536 0. 0. 1 ;
LINE L3590_3694_1 PT3590 PT3694 0.349448 3.305316 0. 0. 1 ;
LINE L3590_3694_2 PT3590 PT3694 0.349448 3.305316 0. 0. 1 ;
LINE L3591_3592_1 PT3591 PT3592 0.059204 0.553052 0. 0. 1 ;
LINE L3591_3592_2 PT3591 PT3592 0.059204 0.553052 0. 0. 1 ;
LINE L3592_3593_1 PT3592 PT3593 0.732108 6.931200 0. 0. 1 ;
LINE L3592_3593_2 PT3592 PT3593 0.732108 6.931200 0. 0. 1 ;
LINE L3594_3609_1 PT3594 PT3609 1.608616 15.221204 0. 0. 1 ;
LINE L3594_3695_1 PT3594 PT3695 1.182636 11.186668 0. 0. 1 ;
LINE L3594_3695_2 PT3594 PT3695 1.182636 11.186668 0. 0. 1 ;
LINE L3595_3696_1 ES3595 ES3696 0.462220 2.640220 0. 0. 1 ;
LINE L3599_3697_1 ES3599 ES3697 0.500940 2.863344 0. 0. 1 ;
LINE L3599_3697_2 ES3599 ES3697 0.500940 2.863344 0. 0. 1 ;
LINE L3601_3698_1 ES3601 ES3698 0.562408 3.213276 0. 0. 1 ;
LINE L3604_3699_1 ES3604 ES3699 3.660492 20.915576 0. 0. 1 ;
LINE L3604_3699_2 ES3604 ES3699 3.660492 20.915576 0. 0. 1 ;
LINE L3604_3700_1 ES3604 ES3700 0.647592 3.701632 0. 0. 1 ;
LINE L3604_3700_2 ES3604 ES3700 0.647592 3.701632 0. 0. 1 ;
LINE L3606_3687_1 ES3606 ES3687 0.814572 4.653660 0. 0. 1 ;
LINE L3609_3701_1 PT3609 PT3701 0.789868 7.472700 0. 0. 1 ;
LINE L3609_3701_2 PT3609 PT3701 0.789868 7.472700 0. 0. 1 ;
LINE L3610_3611_1 PT3610 PT3611 2.304624 21.804400 0. 0. 1 ;
LINE L3610_3611_2 PT3610 PT3611 2.304624 21.804400 0. 0. 1 ;
TRANSFO T3610_3636_1 PT3610 PT3636 0.138500 3.808800 0. 0. 100. 0. 100.0 1 ;
LINE L3610_3695_1 PT3610 PT3695 0.244036 2.306068 0. 0. 1 ;
LINE L3610_3695_2 PT3610 PT3695 0.244036 2.306068 0. 0. 1 ;
LINE L3611_3702_1 PT3611 PT3702 1.767456 16.731628 0. 0. 1 ;
LINE L3613_3703_1 ES3613 ES3703 1.203708 6.878124 0. 0. 1 ;
LINE L3613_3704_1 ES3613 ES3704 2.937396 16.783668 0. 0. 1 ;
LINE L3613_3704_2 ES3613 ES3704 2.937396 16.783668 0. 0. 1 ;
LINE L3614_3705_1 ES3614 ES3705 1.774344 10.138348 0. 0. 1 ;
LINE L3615_3618_1 ES3615 ES3618 0.545952 3.120832 0. 0. 1 ;
LINE L3615_3706_1 ES3615 ES3706 0.892496 5.100876 0. 0. 1 ;
LINE L3615_3706_2 ES3615 ES3706 0.892496 5.100876 0. 0. 1 ;
LINE L3616_3627_1 ES3616 ES3627 3.231668 18.465568 0. 0. 1 ;
LINE L3616_3707_1 ES3616 ES3707 1.150468 6.574656 0. 0. 1 ;
LINE L3616_3707_2 ES3616 ES3707 1.150468 6.574656 0. 0. 1 ;
LINE L3617_3621_1 ES3617 ES3621 1.882760 10.758352 0. 0. 1 ;
LINE L3617_3622_1 ES3617 ES3622 1.058024 6.045644 0. 0. 1 ;
LINE L3617_3622_2 ES3617 ES3622 1.058024 6.045644 0. 0. 1 ;
LINE L3618_3705_1 ES3618 ES3705 0.390104 2.227852 0. 0. 1 ;
LINE L3618_3708_1 ES3618 ES3708 0.913792 5.221392 0. 0. 1 ;
LINE L3619_3620_1 ES3619 ES3620 3.416072 19.518752 0. 0. 1 ;
LINE L3622_3705_1 ES3622 ES3705 4.408272 25.188812 0. 0. 1 ;
LINE L3622_3705_2 ES3622 ES3705 4.408272 25.188812 0. 0. 1 ;
LINE L3623_3691_1 ES3623 ES3691 1.789116 16.928012 0. 0. 1 ;
LINE L3623_3691_2 ES3623 ES3691 1.789116 16.928012 0. 0. 1 ;
LINE L3623_3709_1 ES3623 ES3709 1.566740 14.821216 0. 0. 1 ;
TRANSFO T3624_3710_1 ES3624 ES3710 0.138500 3.808800 0. 0. 100. 0. 100.0 1 ;
LINE L3625_3626_1 ES3625 ES3626 0.581284 3.320240 0. 0. 1 ;
LINE L3625_3626_2 ES3625 ES3626 0.581284 3.320240 0. 0. 1 ;
LINE L3625_3711_1 ES3625 ES3711 3.639680 20.797964 0. 0. 1 ;
LINE L3625_3712_1 ES3625 ES3712 0.432696 2.473240 0. 0. 1 ;
LINE L3625_3712_2 ES3625 ES3712 0.432696 2.473240 0. 0. 1 ;
LINE L3626_3711_1 ES3626 ES3711 3.855060 22.029744 0. 0. 1 ;
LINE L3630_3713_1 PT3630 PT3713 0.292820 1.674156 0. 0. 1 ;
LINE L3631_3714_1 PT3631 PT3714 0.182952 1.044472 0. 0. 1 ;
LINE L3631_3714_2 PT3631 PT3714 0.182952 1.044472 0. 0. 1 ;
LINE L3631_3715_1 PT3631 PT3715 0.396396 2.263668 0. 0. 1 ;
LINE L3631_3715_2 PT3631 PT3715 0.396396 2.263668 0. 0. 1 ;
LINE L3632_3636_1 PT3632 PT3636 2.298032 13.131888 0. 0. 1 ;
LINE L3632_3636_2 PT3632 PT3636 2.298032 13.131888 0. 0. 1 ;
LINE L3632_3716_1 PT3632 PT3716 0.844096 4.823060 0. 0. 1 ;
LINE L3634_3695_1 PT3634 PT3695 0.537168 5.078548 0. 0. 1 ;
LINE L3634_3695_2 PT3634 PT3695 0.537168 5.078548 0. 0. 1 ;
TRANSFO T3634_3716_1 PT3634 PT3716 0.138500 3.808800 0. 0. 100. 0. 100.0 1 ;
LINE L3635_3717_1 PT3635 PT3717 0.586608 3.352668 0. 0. 1 ;
LINE L3635_3717_2 PT3635 PT3717 0.586608 3.352668 0. 0. 1 ;
LINE L3635_3718_1 PT3635 PT3718 0.321860 1.838716 0. 0. 1 ;
LINE L3636_3719_1 PT3636 PT3719 0.377036 2.153316 0. 0. 1 ;
LINE L3636_3720_1 PT3636 PT3720 0.669372 3.823600 0. 0. 1 ;
LINE L3636_3721_1 PT3636 PT3721 0.803440 4.591708 0. 0. 1 ;
LINE L3636_3722_1 PT3636 PT3722 0.295240 1.687708 0. 0. 1 ;
LINE L3639_3699_1 ES3639 ES3699 1.470392 8.402240 0. 0. 1 ;
TRANSFO T3640_3723_1 DK3640 DK3723 0.138500 3.808800 0. 0. 100. 0. 100.0 1 ;
LINE L3641_3724_1 DK3641 DK3724 1.259168 11.920220 0. 0. 1 ;
LINE L3641_3725_1 DK3641 DK3725 1.136428 10.754912 0. 0. 1 ;
TRANSFO T3641_3726_1 DK3641 DK3726 0.138500 3.808800 0. 0. 100. 0. 100.0 1 ;
TRANSFO T3642_3643_1 DK3642 DK3643 0.413200 11.364000 0. 0. 100. 0. 100.0 1 ;
LINE L3642_3723_1 DK3642 DK3723 1.536797 4.098125 0. 0. 1 ;
LINE L3642_3723_2 DK3642 DK3723 1.536797 4.098125 0. 0. 1 ;
LINE L3642_3723_3 DK3642 DK3723 1.536797 4.098125 0. 0. 1 ;
LINE L3642_3723_4 DK3642 DK3723 1.536797 4.098125 0. 0. 1 ;
LINE L3643_3727_1 DK3643 DK3727 4.996816 28.554064 0. 0. 1 ;
TRANSFO T3647_3728_1 DK3647 DK3728 0.138500 3.808800 0. 0. 100. 0. 100.0 1 ;
LINE L3651_3729_1 PL3651 PL3729 2.232424 21.125720 0. 0. 1 ;
LINE L3653_3730_1 PL3653 PL3730 3.018224 17.246856 0. 0. 1 ;
LINE L3653_3731_1 PL3653 PL3731 0.637428 3.642584 0. 0. 1 ;
LINE L3654_3729_1 PL3654 PL3729 0.886616 8.392528 0. 0. 1 ;
LINE L3654_3729_2 PL3654 PL3729 0.886616 8.392528 0. 0. 1 ;
TRANSFO T3659_3732_1 BG3659 BG3732 0.138500 3.808800 0. 0. 100. 0. 100.0 1 ;
LINE L3660_3733_1 BG3660 BG3733 3.139256 29.703080 0. 0. 1 ;
LINE L3661_3732_1 BG3661 BG3732 1.052700 6.016604 0. 0. 1 ;
LINE L3661_3734_1 BG3661 BG3734 3.492060 19.954836 0. 0. 1 ;
LINE L3664_3666_1 RO3664 RO3666 2.562296 14.641000 0. 0. 1 ;
LINE L3664_3666_2 RO3664 RO3666 2.562296 14.641000 0. 0. 1 ;
LINE L3664_3735_1 RO3664 RO3735 2.268992 12.964424 0. 0. 1 ;
LINE L3670_3736_1 BG3670 BG3736 1.418604 8.106032 0. 0. 1 ;
LINE L3670_3736_2 BG3670 BG3736 1.418604 8.106032 0. 0. 1 ;
LINE L3672_3737_1 BG3672 BG3737 5.917868 33.817080 0. 0. 1 ;
LINE L3673_3738_1 BG3673 BG3738 0.937156 8.869048 0. 0. 1 ;
LINE L3673_3739_1 BG3673 BG3739 0.483740 4.584700 0. 0. 1 ;
TRANSFO T3673_3740_1 BG3673 BG3740 0.138500 3.808800 0. 0. 100. 0. 100.0 1 ;
LINE L3674_3740_1 BG3674 BG3740 7.925500 45.289332 0. 0. 1 ;
LINE L3674_3740_2 BG3674 BG3740 7.925500 45.289332 0. 0. 1 ;
LINE L3674_3741_1 BG3674 BG3741 1.421508 8.123940 0. 0. 1 ;
LINE L3677_3742_1 GR3677 GR3742 1.185524 11.218436 0. 0. 1 ;
LINE L3677_3742_2 GR3677 GR3742 1.185524 11.218436 0. 0. 1 ;
LINE L3677_3743_1 GR3677 GR3743 0.307572 2.911104 0. 0. 1 ;
LINE L3677_3743_2 GR3677 GR3743 0.307572 2.911104 0. 0. 1 ;
LINE L3678_3744_1 GR3678 GR3744 1.124876 10.639392 0. 0. 1 ;
LINE L3678_3744_2 GR3678 GR3744 1.124876 10.639392 0. 0. 1 ;
LINE L3678_3745_1 GR3678 GR3745 1.191300 11.271864 0. 0. 1 ;
LINE L3678_3745_2 GR3678 GR3745 1.191300 11.271864 0. 0. 1 ;
LINE L3679_3742_1 GR3679 GR3742 0.789868 7.472700 0. 0. 1 ;
LINE L3679_3742_2 GR3679 GR3742 0.789868 7.472700 0. 0. 1 ;
LINE L3679_3745_1 GR3679 GR3745 0.528504 5.004904 0. 0. 1 ;
LINE L3679_3745_2 GR3679 GR3745 0.528504 5.004904 0. 0. 1 ;
LINE L3680_3746_1 GR3680 GR3746 2.971752 28.124788 0. 0. 1 ;
LINE L3680_3746_2 GR3680 GR3746 2.971752 28.124788 0. 0. 1 ;
LINE L3682_3747_1 AL3682 AL3747 0.508200 2.904484 0. 0. 1 ;
LINE L3682_3747_2 AL3682 AL3747 0.508200 2.904484 0. 0. 1 ;
TRANSFO T3683_3748_1 IT3683 IT3748 0.138500 3.808800 0. 0. 100. 0. 100.0 1 ;
LINE L3684_3749_1 IT3684 IT3749 3.085984 17.634056 0. 0. 1 ;
LINE L3684_3749_2 IT3684 IT3749 3.085984 17.634056 0. 0. 1 ;
LINE L3685_3750_1 IT3685 IT3750 8.890112 50.800640 0. 0. 1 ;
LINE L3685_3750_2 IT3685 IT3750 8.890112 50.800640 0. 0. 1 ;
LINE L3688_3693_1 ES3688 ES3693 0.914760 5.227200 0. 0. 1 ;
LINE L3688_3751_1 ES3688 ES3751 0.621456 3.551108 0. 0. 1 ;
LINE L3688_3751_2 ES3688 ES3751 0.621456 3.551108 0. 0. 1 ;
LINE L3689_3752_1 ES3689 ES3752 1.087548 6.215044 0. 0. 1 ;
LINE L3689_3752_2 ES3689 ES3752 1.087548 6.215044 0. 0. 1 ;
LINE L3690_3691_1 ES3690 ES3691 0.534280 5.054000 0. 0. 1 ;
LINE L3690_3691_2 ES3690 ES3691 0.534280 5.054000 0. 0. 1 ;
LINE L3690_3709_1 ES3690 ES3709 0.306128 2.890888 0. 0. 1 ;
LINE L3690_3709_2 ES3690 ES3709 0.306128 2.890888 0. 0. 1 ;
LINE L3692_3709_1 ES3692 ES3709 1.774676 16.789388 0. 0. 1 ;
TRANSFO T3694_3715_1 PT3694 PT3715 0.138500 3.808800 0. 0. 100. 0. 100.0 1 ;
LINE L3699_3753_1 ES3699 ES3753 0.574024 3.278616 0. 0. 1 ;
LINE L3699_3753_2 ES3699 ES3753 0.574024 3.278616 0. 0. 1 ;
LINE L3702_3754_1 PT3702 PT3754 1.285160 12.158480 0. 0. 1 ;
LINE L3710_3711_1 ES3710 ES3711 1.342616 7.670432 0. 0. 1 ;
LINE L3710_3711_2 ES3710 ES3711 1.342616 7.670432 0. 0. 1 ;
LINE L3713_3755_1 PT3713 PT3755 0.285076 1.628176 0. 0. 1 ;
LINE L3714_3756_1 PT3714 PT3756 1.052700 6.015636 0. 0. 1 ;
LINE L3714_3756_2 PT3714 PT3756 1.052700 6.015636 0. 0. 1 ;
LINE L3714_3757_1 PT3714 PT3757 0.772464 4.414080 0. 0. 1 ;
LINE L3715_3756_1 PT3715 PT3756 0.767140 4.383104 0. 0. 1 ;
LINE L3715_3758_1 PT3715 PT3758 0.674696 3.855544 0. 0. 1 ;
LINE L3715_3758_2 PT3715 PT3758 0.674696 3.855544 0. 0. 1 ;
LINE L3715_3759_1 PT3715 PT3759 1.350360 7.717380 0. 0. 1 ;
LINE L3716_3719_1 PT3716 PT3719 1.495560 8.546956 0. 0. 1 ;
LINE L3716_3721_1 PT3716 PT3721 0.336380 1.922932 0. 0. 1 ;
LINE L3716_3722_1 PT3716 PT3722 0.844580 4.826932 0. 0. 1 ;
LINE L3716_3760_1 PT3716 PT3760 0.678568 3.876840 0. 0. 1 ;
LINE L3716_3760_2 PT3716 PT3760 0.678568 3.876840 0. 0. 1 ;
LINE L3716_3761_1 PT3716 PT3761 0.861520 4.922764 0. 0. 1 ;
LINE L3717_3718_1 PT3717 PT3718 0.446732 2.552616 0. 0. 1 ;
LINE L3717_3718_2 PT3717 PT3718 0.446732 2.552616 0. 0. 1 ;
LINE L3717_3720_1 PT3717 PT3720 0.210540 1.202740 0. 0. 1 ;
LINE L3717_3762_1 PT3717 PT3762 0.718740 4.107224 0. 0. 1 ;
LINE L3718_3719_1 PT3718 PT3719 0.114708 0.654368 0. 0. 1 ;
LINE L3720_3762_1 PT3720 PT3762 0.508200 2.903516 0. 0. 1 ;
LINE L3721_3761_1 PT3721 PT3761 0.883300 5.048604 0. 0. 1 ;
LINE L3722_3763_1 PT3722 PT3763 0.580800 3.318304 0. 0. 1 ;
LINE L3722_3763_2 PT3722 PT3763 0.580800 3.318304 0. 0. 1 ;
LINE L3724_3725_1 DK3724 DK3725 0.112632 1.062784 0. 0. 1 ;
LINE L3724_3725_2 DK3724 DK3725 0.112632 1.062784 0. 0. 1 ;
LINE L3724_3764_1 DK3724 DK3764 0.229596 2.171776 0. 0. 1 ;
LINE L3724_3764_2 DK3724 DK3764 0.229596 2.171776 0. 0. 1 ;
LINE L3725_3765_1 DK3725 DK3765 0.272916 2.583316 0. 0. 1 ;
TRANSFO T3725_3766_1 DK3725 DK3766 0.138500 3.808800 0. 0. 100. 0. 100.0 1 ;
LINE L3729_3767_1 PL3729 PL3767 2.974640 28.156556 0. 0. 1 ;
LINE L3729_3767_2 PL3729 PL3767 2.974640 28.156556 0. 0. 1 ;
LINE L3732_3734_1 BG3732 BG3734 4.114000 23.508848 0. 0. 1 ;
LINE L3732_3768_1 BG3732 BG3768 1.557028 8.897372 0. 0. 1 ;
LINE L3732_3768_2 BG3732 BG3768 1.557028 8.897372 0. 0. 1 ;
LINE L3732_3769_1 BG3732 BG3769 5.631340 32.178740 0. 0. 1 ;
LINE L3733_3738_1 BG3733 BG3738 1.595620 15.095576 0. 0. 1 ;
TRANSFO T3733_3770_1 BG3733 BG3770 0.138500 3.808800 0. 0. 100. 0. 100.0 1 ;
LINE L3734_3737_1 BG3734 BG3737 5.655540 32.316680 0. 0. 1 ;
LINE L3736_3771_1 BG3736 BG3771 1.414248 8.079896 0. 0. 1 ;
LINE L3736_3771_2 BG3736 BG3771 1.414248 8.079896 0. 0. 1 ;
LINE L3737_3772_1 BG3737 BG3772 3.169716 18.111764 0. 0. 1 ;
LINE L3737_3772_2 BG3737 BG3772 3.169716 18.111764 0. 0. 1 ;
LINE L3737_3773_1 BG3737 BG3773 2.327072 13.296448 0. 0. 1 ;
LINE L3737_3774_1 BG3737 BG3774 4.641076 26.519812 0. 0. 1 ;
TRANSFO T3738_3775_1 BG3738 BG3775 0.138500 3.808800 0. 0. 100. 0. 100.0 1 ;
LINE L3740_3770_1 BG3740 BG3770 1.557028 8.895920 0. 0. 1 ;
LINE L3740_3770_2 BG3740 BG3770 1.557028 8.895920 0. 0. 1 ;
LINE L3740_3775_1 BG3740 BG3775 1.824196 10.423908 0. 0. 1 ;
LINE L3741_3776_1 BG3741 BG3776 1.547348 8.842680 0. 0. 1 ;
LINE L3741_3777_1 BG3741 BG3777 4.662372 26.641780 0. 0. 1 ;
LINE L3741_3777_2 BG3741 BG3777 4.662372 26.641780 0. 0. 1 ;
LINE L3741_3778_1 BG3741 BG3778 5.178316 29.589824 0. 0. 1 ;
LINE L3741_3779_1 BG3741 BG3779 1.828068 10.446172 0. 0. 1 ;
LINE L3742_3780_1 GR3742 GR3780 1.976836 18.712796 0. 0. 1 ;
LINE L3742_3780_2 GR3742 GR3780 1.976836 18.712796 0. 0. 1 ;
LINE L3745_3781_1 GR3745 GR3781 0.749436 7.088596 0. 0. 1 ;
LINE L3745_3781_2 GR3745 GR3781 0.749436 7.088596 0. 0. 1 ;
LINE L3745_3781_3 GR3745 GR3781 0.645468 6.109564 0. 0. 1 ;
LINE L3745_3781_4 GR3745 GR3781 0.645468 6.109564 0. 0. 1 ;
LINE L3747_3782_1 AL3747 AL3782 0.668888 3.820696 0. 0. 1 ;
LINE L3748_3783_1 IT3748 IT3783 1.602040 9.153408 0. 0. 1 ;
LINE L3748_3783_2 IT3748 IT3783 1.602040 9.153408 0. 0. 1 ;
LINE L3748_3784_1 IT3748 IT3784 0.440924 2.519704 0. 0. 1 ;
LINE L3748_3784_2 IT3748 IT3784 0.440924 2.519704 0. 0. 1 ;
LINE L3749_3783_1 IT3749 IT3783 4.260652 24.345684 0. 0. 1 ;
LINE L3749_3783_2 IT3749 IT3783 4.260652 24.345684 0. 0. 1 ;
LINE L3749_3785_1 IT3749 IT3785 0.578864 3.306204 0. 0. 1 ;
LINE L3749_3785_2 IT3749 IT3785 0.578864 3.306204 0. 0. 1 ;
LINE L3749_3786_1 IT3749 IT3786 0.674696 3.855060 0. 0. 1 ;
LINE L3750_3787_1 IT3750 IT3787 1.177088 6.726148 0. 0. 1 ;
LINE L3750_3787_2 IT3750 IT3787 1.177088 6.726148 0. 0. 1 ;
LINE L3750_3788_1 IT3750 IT3788 2.288836 13.079616 0. 0. 1 ;
LINE L3750_3788_2 IT3750 IT3788 2.288836 13.079616 0. 0. 1 ;
LINE L3750_3789_1 IT3750 IT3789 0.675180 3.857480 0. 0. 1 ;
LINE L3750_3789_2 IT3750 IT3789 0.675180 3.857480 0. 0. 1 ;
LINE L3751_3790_1 ES3751 ES3790 0.600160 3.428656 0. 0. 1 ;
LINE L3751_3790_2 ES3751 ES3790 0.600160 3.428656 0. 0. 1 ;
LINE L3756_3758_1 PT3756 PT3758 0.420596 2.402576 0. 0. 1 ;
LINE L3756_3758_2 PT3756 PT3758 0.420596 2.402576 0. 0. 1 ;
LINE L3756_3759_1 PT3756 PT3759 0.820380 4.687056 0. 0. 1 ;
LINE L3758_3759_1 PT3758 PT3759 0.675664 3.860868 0. 0. 1 ;
LINE L3758_3759_2 PT3758 PT3759 0.675664 3.860868 0. 0. 1 ;
LINE L3761_3763_1 PT3761 PT3763 0.534336 3.052588 0. 0. 1 ;
LINE L3769_3770_1 BG3769 BG3770 4.703028 26.873132 0. 0. 1 ;
LINE L3769_3791_1 BG3769 BG3791 0.744392 4.253392 0. 0. 1 ;
LINE L3770_3772_1 BG3770 BG3772 2.093784 11.964964 0. 0. 1 ;
LINE L3770_3772_2 BG3770 BG3772 2.093784 11.964964 0. 0. 1 ;
LINE L3770_3775_1 BG3770 BG3775 1.830004 10.455852 0. 0. 1 ;
LINE L3770_3792_1 BG3770 BG3792 2.160092 12.343936 0. 0. 1 ;
LINE L3771_3793_1 BG3771 BG3793 2.519704 14.398516 0. 0. 1 ;
LINE L3771_3793_2 BG3771 BG3793 2.519704 14.398516 0. 0. 1 ;
LINE L3772_3794_1 BG3772 BG3794 0.648560 3.706956 0. 0. 1 ;
LINE L3773_3778_1 BG3773 BG3778 2.083136 11.903496 0. 0. 1 ;
LINE L3775_3795_1 BG3775 BG3795 3.766004 21.521060 0. 0. 1 ;
LINE L3777_3793_1 BG3777 BG3793 1.096744 6.266348 0. 0. 1 ;
LINE L3777_3793_2 BG3777 BG3793 1.096744 6.266348 0. 0. 1 ;
LINE L3777_3796_1 BG3777 BG3796 2.450976 14.005024 0. 0. 1 ;
LINE L3777_3796_2 BG3777 BG3796 2.450976 14.005024 0. 0. 1 ;
LINE L3778_3797_1 BG3778 BG3797 0.963160 5.504048 0. 0. 1 ;
LINE L3779_3798_1 BG3779 BG3798 1.604460 9.167928 0. 0. 1 ;
LINE L3780_3799_1 GR3780 GR3799 2.106796 19.935864 0. 0. 1 ;
LINE L3780_3799_2 GR3780 GR3799 2.106796 19.935864 0. 0. 1 ;
LINE L3781_3800_1 GR3781 GR3800 0.542944 5.140640 0. 0. 1 ;
LINE L3781_3800_2 GR3781 GR3800 0.542944 5.140640 0. 0. 1 ;
LINE L3781_3801_1 GR3781 GR3801 0.433200 4.103848 0. 0. 1 ;
LINE L3781_3801_2 GR3781 GR3801 0.433200 4.103848 0. 0. 1 ;
LINE L3783_3784_1 IT3783 IT3784 1.483944 8.478712 0. 0. 1 ;
LINE L3783_3784_2 IT3783 IT3784 1.483944 8.478712 0. 0. 1 ;
LINE L3784_3802_1 IT3784 IT3802 5.644892 32.256180 0. 0. 1 ;
LINE L3784_3802_2 IT3784 IT3802 5.644892 32.256180 0. 0. 1 ;
LINE L3787_3803_1 IT3787 IT3803 2.510024 14.342372 0. 0. 1 ;
LINE L3787_3803_2 IT3787 IT3803 2.510024 14.342372 0. 0. 1 ;
LINE L3788_3803_1 IT3788 IT3803 1.694000 9.679032 0. 0. 1 ;
LINE L3788_3803_2 IT3788 IT3803 1.694000 9.679032 0. 0. 1 ;
LINE L3798_3804_1 BG3798 BG3804 0.860552 4.916956 0. 0. 1 ;
LINE L3798_3805_1 BG3798 BG3805 0.643720 3.678884 0. 0. 1 ;
LINE L3799_3806_1 GR3799 GR3806 2.766704 26.189828 0. 0. 1 ;
LINE L3799_3806_2 GR3799 GR3806 2.766704 26.189828 0. 0. 1 ;
LINE L3800_3801_1 GR3800 GR3801 0.560272 5.306700 0. 0. 1 ;
TRANSFO T3800_3807_1 GR3800 GR3807 0.138500 3.808800 0. 0. 100. 0. 100.0 1 ;
LINE L3802_3808_1 IT3802 IT3808 5.737820 32.788096 0. 0. 1 ;
LINE L3802_3808_2 IT3802 IT3808 5.737820 32.788096 0. 0. 1 ;
LINE L3803_3808_1 IT3803 IT3808 2.571976 14.697628 0. 0. 1 ;
LINE L3803_3808_2 IT3803 IT3808 2.571976 14.697628 0. 0. 1 ;
LINE L3808_3809_1 IT3808 IT3809 2.067164 11.812020 0. 0. 1 ;

GENER G9 CH9 1386.0000 -73.8614 1.000000 1980.0 -9999.0 9999.0 1 ;
GENER G10 CH10 74.2000 23.7978 1.000000 106.0 -9999.0 9999.0 1 ;
GENER G12 CH12 511.0000 -30.9371 1.000000 730.0 -9999.0 9999.0 1 ;
GENER G17 CH17 714.0000 4.1597 1.000000 1020.0 -9999.0 9999.0 1 ;
GENER G20 DE20 376.6228 -1.8744 1.000000 980.0 -9999.0 9999.0 1 ;
GENER G22 DE22 0.0000 -2.1557 1.000000 992.0 -9999.0 9999.0 1 ;
GENER G24 DE24 84.0000 3.5406 1.000000 120.0 -9999.0 9999.0 1 ;
GENER G26 DE26 63.0000 -4.9193 1.000000 90.0 -9999.0 9999.0 1 ;
GENER G29 CH29 191.8000 94.8350 1.000000 274.0 -9999.0 9999.0 1 ;
GENER G59 CH59 123.2000 32.5943 1.000000 176.0 -9999.0 9999.0 1 ;
GENER G69 CH69 15.0295 41.1522 1.000000 240.0 -9999.0 9999.0 1 ;
GENER G80 FR80 105.7000 -12.8406 1.000000 151.0 -9999.0 9999.0 1 ;
GENER G82 FR82 1288.0000 -77.5661 1.000000 1840.0 -9999.0 9999.0 1 ;
GENER G86 DE86 1668.8000 -152.2902 1.000000 2384.0 -9999.0 9999.0 1 ;
GENER G88 DE88 0.0000 105.5848 1.000000 1827.0 -9999.0 9999.0 1 ;
GENER G90 FR90 98.7000 6.6859 1.000000 141.0 -9999.0 9999.0 1 ;
GENER G101 CH101 102.9000 -11.0107 1.000000 147.0 -9999.0 9999.0 1 ;
GENER G103 CH103 206.5000 -14.4137 1.000000 295.0 -9999.0 9999.0 1 ;
GENER G110 CH110 0.0000 25.6824 1.000000 270.0 -9999.0 9999.0 1 ;
GENER G112 CH112 906.1541 -29.9280 1.000000 1644.0 -9999.0 9999.0 1 ;
GENER G113 CH113 261.1000 51.7377 1.000000 373.0 -9999.0 9999.0 1 ;
GENER G114 CH114 780.5000 -106.9305 1.000000 1115.0 -9999.0 9999.0 1 ;
GENER G132 FR132 109.2000 -23.5935 1.000000 156.0 -9999.0 9999.0 1 ;
GENER G142 DE142 609.0000 -69.9452 1.000000 870.0 -9999.0 9999.0 1 ;
GENER G147 FR147 122.5000 -20.0587 1.000000 175.0 -9999.0 9999.0 1 ;
GENER G153 DE153 0.0000 -6.4310 1.000000 251.0 -9999.0 9999.0 1 ;
GENER G154 AT154 51.8000 24.1459 1.000000 74.0 -9999.0 9999.0 1 ;
GENER G162 CH162 172.9000 77.5497 1.000000 247.0 -9999.0 9999.0 1 ;
GENER G164 CH164 88.9000 -1.3100 1.000000 127.0 -9999.0 9999.0 1 ;
GENER G166 CH166 0.0000 16.3500 1.000000 331.0 -9999.0 9999.0 1 ;
GENER G169 CH169 0.0000 69.3334 1.000000 388.0 -9999.0 9999.0 1 ;
GENER G170 CH170 697.5500 -101.3954 1.000000 2069.0 -9999.0 9999.0 1 ;
GENER G173 CH173 217.7000 -37.1080 1.000000 311.0 -9999.0 9999.0 1 ;
GENER G178 FR178 2606.8000 -56.3273 1.000000 3724.0 -9999.0 9999.0 1 ;
GENER G181 FR181 283.5000 27.3429 1.000000 405.0 -9999.0 9999.0 1 ;
GENER G188 CH188 112.0000 0.0717 1.000000 160.0 -9999.0 9999.0 1 ;
GENER G206 DE206 609.0000 -100.3344 1.000000 870.0 -9999.0 9999.0 1 ;
GENER G215 DE215 840.0000 -67.4472 1.000000 1200.0 -9999.0 9999.0 1 ;
GENER G220 CH220 0.0000 -6.1982 1.000000 1479.0 -9999.0 9999.0 1 ;
GENER G225 CH225 154.0000 -24.4070 1.000000 220.0 -9999.0 9999.0 1 ;
GENER G228 CH228 0.0000 0.4085 1.000000 138.0 -9999.0 9999.0 1 ;
GENER G251 FR251 64.4000 12.7192 1.000000 92.0 -9999.0 9999.0 1 ;
GENER G252 FR252 201.6000 -13.8069 1.000000 288.0 -9999.0 9999.0 1 ;
GENER G259 CH259 0.0000 36.4523 1.000000 124.0 -9999.0 9999.0 1 ;
GENER G260 CH260 0.0000 57.5345 1.000000 104.0 -9999.0 9999.0 1 ;
GENER G275 DE275 541.1000 -16.6834 1.000000 773.0 -9999.0 9999.0 1 ;
GENER G276 DE276 411.2845 -12.7638 1.000000 1441.0 -9999.0 9999.0 1 ;
GENER G281 DE281 549.8500 30.7312 1.000000 1845.0 -9999.0 9999.0 1 ;
GENER G282 FR282 98.7000 -9.6795 1.000000 141.0 -9999.0 9999.0 1 ;
GENER G283 FR283 102.9000 -11.2280 1.000000 147.0 -9999.0 9999.0 1 ;
GENER G287 CH287 201.6000 111.9994 1.000000 288.0 -9999.0 9999.0 1 ;
GENER G288 AT288 623.0000 -46.7523 1.000000 890.0 -9999.0 9999.0 1 ;
GENER G289 AT289 116.9000 137.9032 1.000000 762.0 -9999.0 9999.0 1 ;
GENER G301 CH301 126.0000 -21.4174 1.000000 180.0 -9999.0 9999.0 1 ;
GENER G305 CH305 0.0000 17.5715 1.000000 351.0 -9999.0 9999.0 1 ;
GENER G306 IT306 105.0000 12.6280 1.000000 150.0 -9999.0 9999.0 1 ;
GENER G309 CH309 0.0000 32.6929 1.000000 168.0 -9999.0 9999.0 1 ;
GENER G310 FR310 382.2000 95.2950 1.000000 546.0 -9999.0 9999.0 1 ;
GENER G317 FR317 1962.3800 152.1087 1.000000 2803.4 -9999.0 9999.0 1 ;
GENER G338 FR338 81.2000 7.5593 1.000000 116.0 -9999.0 9999.0 1 ;
GENER G339 FR339 86.8000 28.7216 1.000000 124.0 -9999.0 9999.0 1 ;
GENER G355 FR355 2849.8000 -124.7806 1.000000 5000.0 -9999.0 9999.0 1 ;
GENER G376 DE376 1008.7000 -97.2710 1.000000 1441.0 -9999.0 9999.0 1 ;
GENER G377 DE377 504.7000 -35.1317 1.000000 721.0 -9999.0 9999.0 1 ;
GENER G381 FR381 116.9000 -17.3996 1.000000 167.0 -9999.0 9999.0 1 ;
GENER G384 FR384 68.6000 -3.2217 1.000000 98.0 -9999.0 9999.0 1 ;
GENER G387 AT387 62.3000 44.7916 1.000000 89.0 -9999.0 9999.0 1 ;
GENER G391 DE391 1564.5000 -147.3079 1.000000 2235.0 -9999.0 9999.0 1 ;
GENER G396 CH396 66.5000 10.0945 1.000000 95.0 -9999.0 9999.0 1 ;
GENER G400 CH400 168.0000 -14.8940 1.000000 240.0 -9999.0 9999.0 1 ;
GENER G401 FR401 489.3940 -65.0514 1.000000 900.0 -9999.0 9999.0 1 ;
GENER G405 IT405 332.7360 246.1003 1.000000 2008.0 -9999.0 9999.0 1 ;
GENER G409 IT409 0.0000 27.2043 1.000000 1564.0 -9999.0 9999.0 1 ;
GENER G417 FR417 2704.8000 126.0362 1.000000 3864.0 -9999.0 9999.0 1 ;
GENER G419 FR419 261.8000 -6.1784 1.000000 374.0 -9999.0 9999.0 1 ;
GENER G439 FR439 1947.4000 -62.3263 1.000000 2782.0 -9999.0 9999.0 1 ;
GENER G440 FR440 339.5000 -19.5476 1.000000 485.0 -9999.0 9999.0 1 ;
GENER G442 FR442 63.7000 -9.2280 1.000000 91.0 -9999.0 9999.0 1 ;
GENER G447 FR447 0.0000 14.2884 1.000000 104.0 -9999.0 9999.0 1 ;
GENER G448 FR448 224.0000 -2.4541 1.000000 320.0 -9999.0 9999.0 1 ;
GENER G449 FR449 525.0000 -42.7205 1.000000 750.0 -9999.0 9999.0 1 ;
GENER G456 IT456 784.0000 85.0318 1.000000 1120.0 -9999.0 9999.0 1 ;
GENER G461 CH461 53.1093 35.1008 1.000000 1121.0 -9999.0 9999.0 1 ;
GENER G467 DE467 610.7365 -47.5001 1.000000 1561.0 -9999.0 9999.0 1 ;
GENER G468 FR468 579.8953 -8.2884 1.000000 1919.0 -9999.0 9999.0 1 ;
GENER G491 FR491 108.5000 -17.3913 1.000000 155.0 -9999.0 9999.0 1 ;
GENER G495 AT495 350.0000 4.5385 1.000000 500.0 -9999.0 9999.0 1 ;
GENER G496 AT496 140.0700 25.4202 1.000000 200.1 -9999.0 9999.0 1 ;
GENER G497 AT497 274.4000 -43.8167 1.000000 392.0 -9999.0 9999.0 1 ;
GENER G498 DE498 1287.2300 -102.8852 1.000000 2688.0 -9999.0 9999.0 1 ;
GENER G503 IT503 0.0000 188.9276 1.000000 2740.0 -9999.0 9999.0 1 ;
GENER G507 CH507 70.0000 -11.9598 1.000000 100.0 -9999.0 9999.0 1 ;
GENER G508 IT508 896.0000 232.7161 1.000000 1280.0 -9999.0 9999.0 1 ;
GENER G511 IT511 1097.6000 36.0677 1.000000 1568.0 -9999.0 9999.0 1 ;
GENER G522 IT522 0.0000 100.9158 1.000000 446.0 -9999.0 9999.0 1 ;
GENER G523 IT523 0.0000 13.8369 1.000000 1596.0 -9999.0 9999.0 1 ;
GENER G525 FR525 336.0000 90.9465 1.000000 480.0 -9999.0 9999.0 1 ;
GENER G526 FR526 519.4000 -29.7646 1.000000 742.0 -9999.0 9999.0 1 ;
GENER G557 IT557 1057.0000 51.9179 1.000000 1510.0 -9999.0 9999.0 1 ;
GENER G559 FR559 2687.7200 0.2249 1.000000 3839.6 -9999.0 9999.0 1 ;
GENER G564 FR564 208.6000 -31.3247 1.000000 298.0 -9999.0 9999.0 1 ;
GENER G573 FR573 56.7000 18.9112 1.000000 81.0 -9999.0 9999.0 1 ;
GENER G576 CH576 226.8000 -1.6577 1.000000 324.0 -9999.0 9999.0 1 ;
GENER G581 FR581 2200.8000 -24.1659 1.000000 3144.0 -9999.0 9999.0 1 ;
GENER G599 DE599 941.5000 -104.9387 1.000000 1345.0 -9999.0 9999.0 1 ;
GENER G602 AT602 0.0000 0.4840 1.000000 289.0 -9999.0 9999.0 1 ;
GENER G603 AT603 241.5000 -40.5092 1.000000 345.0 -9999.0 9999.0 1 ;
GENER G604 AT604 55.3000 -6.0082 1.000000 79.0 -9999.0 9999.0 1 ;
GENER G615 IT615 105.0000 8.5608 1.000000 150.0 -9999.0 9999.0 1 ;
GENER G628 FR628 60.9000 29.0610 1.000000 87.0 -9999.0 9999.0 1 ;
GENER G639 FR639 392.7000 28.6728 1.000000 561.0 -9999.0 9999.0 1 ;
GENER G640 FR640 180.6000 79.3960 1.000000 258.0 -9999.0 9999.0 1 ;
GENER G646 FR646 252.0000 21.6651 1.000000 360.0 -9999.0 9999.0 1 ;
GENER G663 FR663 1260.0000 -57.5049 1.000000 1800.0 -9999.0 9999.0 1 ;
GENER G664 FR664 0.0000 15.0197 1.000000 173.0 -9999.0 9999.0 1 ;
GENER G665 IT665 1111.5576 -0.1297 1.000000 1659.0 -9999.0 9999.0 1 ;
GENER G666 FR666 2849.0000 437.9166 1.000000 4070.0 -9999.0 9999.0 1 ;
GENER G669 FR669 112.7000 -6.4872 1.000000 161.0 -9999.0 9999.0 1 ;
GENER G670 FR670 81.2000 -13.2233 1.000000 116.0 -9999.0 9999.0 1 ;
GENER G671 FR671 130.2000 -19.2245 1.000000 186.0 -9999.0 9999.0 1 ;
GENER G675 FR675 67.2000 -11.1812 1.000000 96.0 -9999.0 9999.0 1 ;
GENER G682 CH682 67.2000 -11.2833 1.000000 96.0 -9999.0 9999.0 1 ;
GENER G688 FR688 565.6000 53.7670 1.000000 808.0 -9999.0 9999.0 1 ;
GENER G699 DE699 0.0000 -13.2140 1.000000 1483.0 -9999.0 9999.0 1 ;
GENER G700 DE700 2084.6000 -223.8536 1.000000 2978.0 -9999.0 9999.0 1 ;
GENER G710 DE710 366.3800 0.0365 1.000000 724.0 -9999.0 9999.0 1 ;
GENER G713 DE713 112.0000 -17.2112 1.000000 160.0 -9999.0 9999.0 1 ;
GENER G715 AT715 0.0000 1.0180 1.000000 962.3 -9999.0 9999.0 1 ;
GENER G716 AT716 0.0000 1.0807 1.000000 231.0 -9999.0 9999.0 1 ;
GENER G717 AT717 41.3000 -4.8721 1.000000 59.0 -9999.0 9999.0 1 ;
GENER G720 AT720 157.5000 -8.9296 1.000000 225.0 -9999.0 9999.0 1 ;
GENER G734 IT734 147.0000 -24.9392 1.000000 210.0 -9999.0 9999.0 1 ;
GENER G735 IT735 0.0000 70.2414 1.000000 1271.0 -9999.0 9999.0 1 ;
GENER G740 CH740 108.2200 -7.2449 1.000000 154.6 -9999.0 9999.0 1 ;
GENER G743 IT743 0.0000 105.0917 1.000000 469.0 -9999.0 9999.0 1 ;
GENER G744 IT744 0.0000 201.4479 1.000000 1835.0 -9999.0 9999.0 1 ;
GENER G769 FR769 1273.0200 164.1921 1.000000 1923.5 -9999.0 9999.0 1 ;
GENER G772 FR772 1259.4400 185.5015 1.000000 3122.0 -9999.0 9999.0 1 ;
GENER G774 FR774 637.0000 365.1164 1.000000 910.0 -9999.0 9999.0 1 ;
GENER G775 FR775 637.0000 -35.7394 1.000000 910.0 -9999.0 9999.0 1 ;
GENER G776 FR776 128.1000 79.0545 1.000000 183.0 -9999.0 9999.0 1 ;
GENER G786 FR786 230.6500 -31.1745 1.000000 329.5 -9999.0 9999.0 1 ;
GENER G791 FR791 285.6000 -12.6901 1.000000 408.0 -9999.0 9999.0 1 ;
GENER G796 FR796 1908.2000 18.5086 1.000000 2726.0 -9999.0 9999.0 1 ;
GENER G805 FR805 70.7000 -10.6272 1.000000 101.0 -9999.0 9999.0 1 ;
GENER G806 FR806 256.2000 -36.6557 1.000000 366.0 -9999.0 9999.0 1 ;
GENER G812 FR812 980.0000 697.1341 1.000000 1400.0 -9999.0 9999.0 1 ;
GENER G816 FR816 147.0000 -12.6373 1.000000 210.0 -9999.0 9999.0 1 ;
GENER G817 FR817 155.4000 -25.7173 1.000000 222.0 -9999.0 9999.0 1 ;
GENER G821 FR821 0.0000 44.3563 1.000000 412.0 -9999.0 9999.0 1 ;
GENER G834 BE834 208.0170 -14.3580 1.000000 420.0 -9999.0 9999.0 1 ;
GENER G858 DE858 331.8000 -34.2008 1.000000 474.0 -9999.0 9999.0 1 ;
GENER G860 DE860 808.1500 57.1797 1.000000 1218.0 -9999.0 9999.0 1 ;
GENER G861 IT861 309.4819 66.7590 1.000000 1504.0 -9999.0 9999.0 1 ;
GENER G867 IT867 865.9000 17.8217 1.000000 1237.0 -9999.0 9999.0 1 ;
GENER G869 IT869 282.8000 75.8152 1.000000 404.0 -9999.0 9999.0 1 ;
GENER G871 IT871 235.2000 92.9118 1.000000 336.0 -9999.0 9999.0 1 ;
GENER G872 IT872 905.8243 102.2055 1.000000 1615.0 -9999.0 9999.0 1 ;
GENER G876 IT876 0.0000 169.4723 1.000000 2361.0 -9999.0 9999.0 1 ;
GENER G877 IT877 104.6278 47.5390 1.000000 985.0 -9999.0 9999.0 1 ;
GENER G879 IT879 84.0000 20.8652 1.000000 120.0 -9999.0 9999.0 1 ;
GENER G885 FR885 2049.3200 238.6588 1.000000 2927.6 -9999.0 9999.0 1 ;
GENER G917 FR917 151.2000 -7.5827 1.000000 216.0 -9999.0 9999.0 1 ;
GENER G920 FR920 74.9000 -12.0218 1.000000 107.0 -9999.0 9999.0 1 ;
GENER G922 FR922 312.9000 112.9972 1.000000 447.0 -9999.0 9999.0 1 ;
GENER G931 FR931 1680.0000 404.0549 1.000000 2400.0 -9999.0 9999.0 1 ;
GENER G934 FR934 81.2000 -12.8232 1.000000 116.0 -9999.0 9999.0 1 ;
GENER G936 FR936 97.1089 31.7122 1.000000 345.0 -9999.0 9999.0 1 ;
GENER G937 FR937 199.5000 -26.6145 1.000000 285.0 -9999.0 9999.0 1 ;
GENER G948 FR948 0.0000 2.0400 1.000000 460.0 -9999.0 9999.0 1 ;
GENER G950 BE950 491.8393 77.3017 1.000000 709.0 -9999.0 9999.0 1 ;
GENER G963 BE963 2479.4000 -123.0717 1.000000 3542.0 -9999.0 9999.0 1 ;
GENER G964 BE964 389.2000 15.2491 1.000000 556.0 -9999.0 9999.0 1 ;
GENER G979 DE979 119.7000 65.3950 1.000000 171.0 -9999.0 9999.0 1 ;
GENER G987 DE987 0.0000 0.4123 1.000000 2227.0 -9999.0 9999.0 1 ;
GENER G988 DE988 0.0000 -10.1830 1.000000 772.0 -9999.0 9999.0 1 ;
GENER G989 AT989 0.0000 14.1642 1.000000 480.0 -9999.0 9999.0 1 ;
GENER G990 AT990 168.0000 19.5592 1.000000 240.0 -9999.0 9999.0 1 ;
GENER G991 AT991 42.0000 18.3745 1.000000 60.0 -9999.0 9999.0 1 ;
GENER G992 DE992 1670.9000 -146.7930 1.000000 2387.0 -9999.0 9999.0 1 ;
GENER G998 IT998 0.0000 35.7443 1.000000 646.0 -9999.0 9999.0 1 ;
GENER G1005 IT1005 91.0000 26.0537 1.000000 130.0 -9999.0 9999.0 1 ;
GENER G1040 FR1040 83.3000 -13.3642 1.000000 119.0 -9999.0 9999.0 1 ;
GENER G1059 FR1059 259.0000 -27.4848 1.000000 370.0 -9999.0 9999.0 1 ;
GENER G1060 FR1060 97.3000 -2.9592 1.000000 139.0 -9999.0 9999.0 1 ;
GENER G1079 FR1079 4255.2020 222.0102 1.000000 5000.0 -9999.0 9999.0 1 ;
GENER G1091 NL1091 0.0000 234.7788 1.000000 2173.0 -9999.0 9999.0 1 ;
GENER G1092 BE1092 0.0000 1.4786 1.000000 271.0 -9999.0 9999.0 1 ;
GENER G1094 BE1094 833.7700 -66.8361 1.000000 1191.1 -9999.0 9999.0 1 ;
GENER G1097 LU1097 0.0000 36.7511 1.000000 385.0 -9999.0 9999.0 1 ;
GENER G1098 DE1098 203.0000 -20.3485 1.000000 290.0 -9999.0 9999.0 1 ;
GENER G1108 DE1108 1680.0000 67.2782 1.000000 2400.0 -9999.0 9999.0 1 ;
GENER G1109 DE1109 1344.8400 -104.8040 1.000000 3680.0 -9999.0 9999.0 1 ;
GENER G1114 LU1114 767.2000 -80.9484 1.000000 1096.0 -9999.0 9999.0 1 ;
GENER G1118 AT1118 42.7000 18.7795 1.000000 61.0 -9999.0 9999.0 1 ;
GENER G1119 AT1119 354.4800 -54.6289 1.000000 1070.0 -9999.0 9999.0 1 ;
GENER G1120 AT1120 156.1000 0.7622 1.000000 223.0 -9999.0 9999.0 1 ;
GENER G1121 AT1121 0.0000 0.9816 1.000000 1483.1 -9999.0 9999.0 1 ;
GENER G1126 DE1126 0.0000 1.3618 1.000000 125.0 -9999.0 9999.0 1 ;
GENER G1130 IT1130 672.0000 7.4669 1.000000 960.0 -9999.0 9999.0 1 ;
GENER G1136 IT1136 0.0000 29.5543 1.000000 2362.0 -9999.0 9999.0 1 ;
GENER G1137 IT1137 24.9290 166.0795 1.000000 488.0 -9999.0 9999.0 1 ;
GENER G1140 IT1140 0.0000 313.6417 1.000000 1436.0 -9999.0 9999.0 1 ;
GENER G1152 FR1152 990.5000 132.2421 1.000000 1415.0 -9999.0 9999.0 1 ;
GENER G1172 FR1172 76.3000 -5.9576 1.000000 109.0 -9999.0 9999.0 1 ;
GENER G1173 FR1173 92.4000 -6.1321 1.000000 132.0 -9999.0 9999.0 1 ;
GENER G1174 FR1174 2478.2100 857.9482 1.000000 3640.0 -9999.0 9999.0 1 ;
GENER G1178 FR1178 1284.5700 456.6878 1.000000 2726.0 -9999.0 9999.0 1 ;
GENER G1208 FR1208 61.6000 65.0276 1.000000 88.0 -9999.0 9999.0 1 ;
GENER G1211 FR1211 130.9000 46.2457 1.000000 187.0 -9999.0 9999.0 1 ;
GENER G1214 FR1214 546.4790 -53.6348 1.000000 940.0 -9999.0 9999.0 1 ;
GENER G1222 FR1222 0.0000 120.5911 1.000000 210.0 -9999.0 9999.0 1 ;
GENER G1223 BE1223 1056.3000 -118.7671 1.000000 1509.0 -9999.0 9999.0 1 ;
GENER G1228 FR1228 572.6000 33.4338 1.000000 818.0 -9999.0 9999.0 1 ;
GENER G1231 BE1231 0.0000 69.9483 1.000000 855.0 -9999.0 9999.0 1 ;
GENER G1234 BE1234 0.0000 -16.1639 1.000000 140.0 -9999.0 9999.0 1 ;
GENER G1253 DE1253 5372.3286 -508.2676 1.000000 5000.0 -9999.0 9999.0 1 ;
GENER G1255 DE1255 0.0000 43.7880 1.000000 242.0 -9999.0 9999.0 1 ;
GENER G1261 DE1261 0.0000 -1.3552 1.000000 843.0 -9999.0 9999.0 1 ;
GENER G1264 AT1264 50.6100 -4.7952 1.000000 72.3 -9999.0 9999.0 1 ;
GENER G1267 IT1267 175.0000 20.9303 1.000000 250.0 -9999.0 9999.0 1 ;
GENER G1274 IT1274 259.0000 258.7489 1.000000 370.0 -9999.0 9999.0 1 ;
GENER G1281 IT1281 0.0000 160.9965 1.000000 1184.0 -9999.0 9999.0 1 ;
GENER G1282 IT1282 2037.0000 -8.4880 1.000000 2910.0 -9999.0 9999.0 1 ;
GENER G1284 IT1284 0.0000 218.8730 1.000000 1722.0 -9999.0 9999.0 1 ;
GENER G1286 IT1286 105.0000 152.5232 1.000000 150.0 -9999.0 9999.0 1 ;
GENER G1299 FR1299 1502.8461 225.7689 1.000000 3816.0 -9999.0 9999.0 1 ;
GENER G1312 FR1312 99.8200 139.6131 1.000000 142.6 -9999.0 9999.0 1 ;
GENER G1344 FR1344 149.8000 4.2680 1.000000 214.0 -9999.0 9999.0 1 ;
GENER G1347 FR1347 92.4000 29.2540 1.000000 132.0 -9999.0 9999.0 1 ;
GENER G1352 FR1352 105.6535 5.6159 1.000000 162.0 -9999.0 9999.0 1 ;
GENER G1357 FR1357 607.6000 -24.3935 1.000000 868.0 -9999.0 9999.0 1 ;
GENER G1361 FR1361 0.0000 5.2401 1.000000 514.0 -9999.0 9999.0 1 ;
GENER G1362 FR1362 111.3000 -3.6927 1.000000 159.0 -9999.0 9999.0 1 ;
GENER G1363 FR1363 67.2000 18.1897 1.000000 96.0 -9999.0 9999.0 1 ;
GENER G1368 BE1368 2528.7500 -274.0269 1.000000 3612.5 -9999.0 9999.0 1 ;
GENER G1376 NL1376 415.1000 18.0803 1.000000 593.0 -9999.0 9999.0 1 ;
GENER G1377 NL1377 0.0000 230.4124 1.000000 121.0 -9999.0 9999.0 1 ;
GENER G1384 DE1384 98.0000 25.5859 1.000000 140.0 -9999.0 9999.0 1 ;
GENER G1397 DE1397 742.0000 -70.4685 1.000000 1060.0 -9999.0 9999.0 1 ;
GENER G1400 DE1400 0.0000 13.3811 1.000000 105.0 -9999.0 9999.0 1 ;
GENER G1405 AT1405 0.0000 16.7089 1.000000 256.0 -9999.0 9999.0 1 ;
GENER G1410 AT1410 90.4400 -13.0167 1.000000 129.2 -9999.0 9999.0 1 ;
GENER G1412 AT1412 56.4900 14.2355 1.000000 80.7 -9999.0 9999.0 1 ;
GENER G1422 IT1422 0.0000 97.4818 1.000000 444.0 -9999.0 9999.0 1 ;
GENER G1424 FR1424 0.0000 50.3920 1.000000 153.0 -9999.0 9999.0 1 ;
GENER G1425 FR1425 0.0000 12.3247 1.000000 250.0 -9999.0 9999.0 1 ;
GENER G1476 FR1476 0.0000 3.0745 1.000000 931.3 -9999.0 9999.0 1 ;
GENER G1477 FR1477 98.7000 -13.6517 1.000000 141.0 -9999.0 9999.0 1 ;
GENER G1478 FR1478 65.1000 -9.6463 1.000000 93.0 -9999.0 9999.0 1 ;
GENER G1480 BE1480 0.0000 27.7429 1.000000 472.0 -9999.0 9999.0 1 ;
GENER G1485 BE1485 0.0000 -8.7468 1.000000 923.0 -9999.0 9999.0 1 ;
GENER G1489 BE1489 501.2000 -58.2409 1.000000 716.0 -9999.0 9999.0 1 ;
GENER G1491 DE1491 528.5000 -66.8189 1.000000 755.0 -9999.0 9999.0 1 ;
GENER G1493 DE1493 107.8000 113.3112 1.000000 154.0 -9999.0 9999.0 1 ;
GENER G1495 DE1495 434.0000 -59.4259 1.000000 620.0 -9999.0 9999.0 1 ;
GENER G1500 DE1500 1752.1000 -34.0362 1.000000 2503.0 -9999.0 9999.0 1 ;
GENER G1501 DE1501 0.0000 -1.1817 1.000000 1316.0 -9999.0 9999.0 1 ;
GENER G1513 AT1513 0.0000 41.9037 1.000000 1281.0 -9999.0 9999.0 1 ;
GENER G1514 SI1514 23.8000 13.4844 1.000000 34.0 -9999.0 9999.0 1 ;
GENER G1516 AT1516 289.1000 -13.9382 1.000000 413.0 -9999.0 9999.0 1 ;
GENER G1520 AT1520 14.7000 -0.3818 1.000000 21.0 -9999.0 9999.0 1 ;
GENER G1522 AT1522 67.2000 -3.6468 1.000000 96.0 -9999.0 9999.0 1 ;
GENER G1530 IT1530 202.3000 38.0558 1.000000 289.0 -9999.0 9999.0 1 ;
GENER G1536 IT1536 0.0000 94.0858 1.000000 3996.0 -9999.0 9999.0 1 ;
GENER G1537 IT1537 2037.0000 129.9254 1.000000 2910.0 -9999.0 9999.0 1 ;
GENER G1541 FR1541 1942.3600 264.0378 1.000000 2774.8 -9999.0 9999.0 1 ;
GENER G1545 FR1545 681.6207 461.3696 1.000000 2600.0 -9999.0 9999.0 1 ;
GENER G1568 FR1568 132.3000 226.1930 1.000000 189.0 -9999.0 9999.0 1 ;
GENER G1581 NL1581 917.4200 -70.8902 1.000000 1310.6 -9999.0 9999.0 1 ;
GENER G1582 NL1582 0.0000 65.9559 1.000000 1999.0 -9999.0 9999.0 1 ;
GENER G1586 DE1586 1872.5000 -195.9002 1.000000 2675.0 -9999.0 9999.0 1 ;
GENER G1594 DE1594 641.2000 -23.6682 1.000000 916.0 -9999.0 9999.0 1 ;
GENER G1596 DE1596 1698.9000 -113.3796 1.000000 2427.0 -9999.0 9999.0 1 ;
GENER G1612 DE1612 136.1705 -20.7417 1.000000 318.0 -9999.0 9999.0 1 ;
GENER G1618 AT1618 0.0000 103.6615 1.000000 155.0 -9999.0 9999.0 1 ;
GENER G1622 SI1622 185.0100 -20.4383 1.000000 264.3 -9999.0 9999.0 1 ;
GENER G1623 AT1623 287.0000 -43.3550 1.000000 410.0 -9999.0 9999.0 1 ;
GENER G1625 AT1625 0.0000 3.8156 1.000000 171.5 -9999.0 9999.0 1 ;
GENER G1628 AT1628 293.3000 -46.2433 1.000000 419.0 -9999.0 9999.0 1 ;
GENER G1629 AT1629 0.0000 3.0503 1.000000 217.0 -9999.0 9999.0 1 ;
GENER G1630 AT1630 0.0000 4.4364 1.000000 475.0 -9999.0 9999.0 1 ;
GENER G1631 IT1631 324.8000 -13.1934 1.000000 464.0 -9999.0 9999.0 1 ;
GENER G1632 IT1632 0.0000 37.4954 1.000000 667.0 -9999.0 9999.0 1 ;
GENER G1636 IT1636 22.4000 19.8516 1.000000 32.0 -9999.0 9999.0 1 ;
GENER G1643 IT1643 0.0000 88.6080 1.000000 2002.0 -9999.0 9999.0 1 ;
GENER G1654 FR1654 193.0600 49.8073 1.000000 275.8 -9999.0 9999.0 1 ;
GENER G1669 ES1669 1442.0000 390.4349 1.000000 2060.0 -9999.0 9999.0 1 ;
GENER G1685 FR1685 62.3000 10.3546 1.000000 89.0 -9999.0 9999.0 1 ;
GENER G1686 FR1686 72.8000 49.2965 1.000000 104.0 -9999.0 9999.0 1 ;
GENER G1691 DE1691 2463.3000 -83.2580 1.000000 3519.0 -9999.0 9999.0 1 ;
GENER G1694 NL1694 0.0000 72.6284 1.000000 1520.0 -9999.0 9999.0 1 ;
GENER G1698 DE1698 0.0000 -12.3922 1.000000 2882.0 -9999.0 9999.0 1 ;
GENER G1704 DE1704 732.9000 -83.0672 1.000000 2453.0 -9999.0 9999.0 1 ;
GENER G1706 DE1706 1001.0000 -106.3205 1.000000 1430.0 -9999.0 9999.0 1 ;
GENER G1714 DE1714 0.0000 138.1111 1.000000 1860.0 -9999.0 9999.0 1 ;
GENER G1717 DE1717 1185.4722 -68.4373 1.000000 1990.0 -9999.0 9999.0 1 ;
GENER G1723 DE1723 0.0000 8.0838 1.000000 1045.0 -9999.0 9999.0 1 ;
GENER G1733 CZ1733 1603.0000 -117.1586 1.000000 2290.0 -9999.0 9999.0 1 ;
GENER G1740 AT1740 0.0000 16.5324 1.000000 560.0 -9999.0 9999.0 1 ;
GENER G1743 AT1743 529.9000 -7.8908 1.000000 757.0 -9999.0 9999.0 1 ;
GENER G1746 AT1746 0.0000 4.5308 1.000000 130.0 -9999.0 9999.0 1 ;
GENER G1748 SI1748 86.8000 -2.8625 1.000000 124.0 -9999.0 9999.0 1 ;
GENER G1752 SI1752 236.4600 -31.2692 1.000000 337.8 -9999.0 9999.0 1 ;
GENER G1753 AT1753 0.0000 -6.7573 1.000000 838.0 -9999.0 9999.0 1 ;
GENER G1754 AT1754 389.9000 -60.4835 1.000000 557.0 -9999.0 9999.0 1 ;
GENER G1756 AT1756 130.9000 -11.6888 1.000000 187.0 -9999.0 9999.0 1 ;
GENER G1760 HR1760 0.0000 54.5837 1.000000 430.0 -9999.0 9999.0 1 ;
GENER G1761 HR1761 192.5000 57.4428 1.000000 275.0 -9999.0 9999.0 1 ;
GENER G1762 HR1762 38.8500 39.8666 1.000000 55.5 -9999.0 9999.0 1 ;
GENER G1763 SI1763 44.1000 4.6192 1.000000 63.0 -9999.0 9999.0 1 ;
GENER G1764 SI1764 326.0600 -31.6929 1.000000 465.8 -9999.0 9999.0 1 ;
GENER G1766 IT1766 126.0000 -13.7627 1.000000 180.0 -9999.0 9999.0 1 ;
GENER G1778 IT1778 840.0000 -27.0630 1.000000 1200.0 -9999.0 9999.0 1 ;
GENER G1786 FR1786 103.9291 71.3207 1.000000 465.0 -9999.0 9999.0 1 ;
GENER G1801 ES1801 1769.6000 330.8075 1.000000 2528.0 -9999.0 9999.0 1 ;
GENER G1809 ES1809 113.4000 12.5672 1.000000 162.0 -9999.0 9999.0 1 ;
GENER G1817 ES1817 151.9000 165.3190 1.000000 217.0 -9999.0 9999.0 1 ;
GENER G1822 FR1822 65.1000 -10.8074 1.000000 93.0 -9999.0 9999.0 1 ;
GENER G1830 DE1830 0.0000 183.8829 1.000000 130.0 -9999.0 9999.0 1 ;
GENER G1834 NL1834 0.0000 -4.8922 1.000000 504.0 -9999.0 9999.0 1 ;
GENER G1835 NL1835 0.0000 274.9438 1.000000 1000.0 -9999.0 9999.0 1 ;
GENER G1857 DE1857 0.0000 18.2010 1.000000 270.0 -9999.0 9999.0 1 ;
GENER G1859 DE1859 2100.0000 1.9085 1.000000 3000.0 -9999.0 9999.0 1 ;
GENER G1861 DE1861 1802.5000 -117.8506 1.000000 2575.0 -9999.0 9999.0 1 ;
GENER G1866 CZ1866 700.0000 -63.7759 1.000000 1000.0 -9999.0 9999.0 1 ;
GENER G1867 CZ1867 0.0000 4.6518 1.000000 926.0 -9999.0 9999.0 1 ;
GENER G1876 HU1876 168.0000 -21.1172 1.000000 240.0 -9999.0 9999.0 1 ;
GENER G1878 AT1878 165.5500 -21.6603 1.000000 236.5 -9999.0 9999.0 1 ;
GENER G1879 AT1879 229.6000 -38.8217 1.000000 328.0 -9999.0 9999.0 1 ;
GENER G1880 CZ1880 254.1000 -21.9493 1.000000 363.0 -9999.0 9999.0 1 ;
GENER G1891 HR1891 63.0000 -10.1217 1.000000 90.0 -9999.0 9999.0 1 ;
GENER G1893 HR1893 203.0000 -27.8919 1.000000 290.0 -9999.0 9999.0 1 ;
GENER G1895 IT1895 676.3221 123.4760 1.000000 970.0 -9999.0 9999.0 1 ;
GENER G1897 IT1897 395.5000 16.2928 1.000000 565.0 -9999.0 9999.0 1 ;
GENER G1902 IT1902 84.0000 16.8457 1.000000 120.0 -9999.0 9999.0 1 ;
GENER G1952 NL1952 0.0000 16.6830 1.000000 3690.0 -9999.0 9999.0 1 ;
GENER G1957 NL1957 1744.7275 -164.2797 1.000000 4683.4 -9999.0 9999.0 1 ;
GENER G1958 NL1958 0.0000 -10.7075 1.000000 1084.0 -9999.0 9999.0 1 ;
GENER G1975 DE1975 273.0000 -17.9233 1.000000 390.0 -9999.0 9999.0 1 ;
GENER G1976 DE1976 214.2000 -16.5044 1.000000 306.0 -9999.0 9999.0 1 ;
GENER G1982 DE1982 1120.0000 -70.1087 1.000000 1600.0 -9999.0 9999.0 1 ;
GENER G1984 DE1984 63.0000 156.0497 1.000000 90.0 -9999.0 9999.0 1 ;
GENER G1985 DE1985 0.0000 0.6639 1.000000 432.0 -9999.0 9999.0 1 ;
GENER G1990 CZ1990 157.7800 -3.5898 1.000000 225.4 -9999.0 9999.0 1 ;
GENER G1994 CZ1994 410.5500 -41.2005 1.000000 586.5 -9999.0 9999.0 1 ;
GENER G1998 CZ1998 207.0600 -24.1080 1.000000 295.8 -9999.0 9999.0 1 ;
GENER G2001 CZ2001 282.8000 -26.4260 1.000000 404.0 -9999.0 9999.0 1 ;
GENER G2003 HU2003 0.0000 78.4489 1.000000 120.0 -9999.0 9999.0 1 ;
GENER G2004 SK2004 522.9000 -14.2210 1.000000 747.0 -9999.0 9999.0 1 ;
GENER G2006 HU2006 0.0000 19.5422 1.000000 190.0 -9999.0 9999.0 1 ;
GENER G2015 HU2015 61.6000 31.5472 1.000000 88.0 -9999.0 9999.0 1 ;
GENER G2016 HR2016 0.0000 62.8355 1.000000 395.0 -9999.0 9999.0 1 ;
GENER G2020 CZ2020 0.0000 22.6879 1.000000 2210.0 -9999.0 9999.0 1 ;
GENER G2021 CZ2021 1274.0000 -81.0518 1.000000 1820.0 -9999.0 9999.0 1 ;
GENER G2027 IT2027 96.6000 -15.7467 1.000000 138.0 -9999.0 9999.0 1 ;
GENER G2029 IT2029 296.1000 -11.9476 1.000000 423.0 -9999.0 9999.0 1 ;
GENER G2032 IT2032 290.5000 29.4658 1.000000 415.0 -9999.0 9999.0 1 ;
GENER G2034 IT2034 0.0000 52.3001 1.000000 475.0 -9999.0 9999.0 1 ;
GENER G2037 IT2037 0.0000 34.7327 1.000000 550.0 -9999.0 9999.0 1 ;
GENER G2039 FR2039 275.6600 -10.4187 1.000000 393.8 -9999.0 9999.0 1 ;
GENER G2040 FR2040 169.6800 -0.9166 1.000000 242.4 -9999.0 9999.0 1 ;
GENER G2056 ES2056 112.0000 36.9610 1.000000 160.0 -9999.0 9999.0 1 ;
GENER G2063 ES2063 1195.1800 -83.2582 1.000000 2721.0 -9999.0 9999.0 1 ;
GENER G2101 NL2101 0.0000 1.8285 1.000000 350.0 -9999.0 9999.0 1 ;
GENER G2106 DE2106 612.5000 -61.7970 1.000000 875.0 -9999.0 9999.0 1 ;
GENER G2109 DE2109 0.0000 13.6945 1.000000 491.0 -9999.0 9999.0 1 ;
GENER G2126 CZ2126 0.0000 3.0087 1.000000 516.0 -9999.0 9999.0 1 ;
GENER G2130 CZ2130 560.0000 -52.9758 1.000000 800.0 -9999.0 9999.0 1 ;
GENER G2132 CZ2132 1418.2000 -101.5522 1.000000 2026.0 -9999.0 9999.0 1 ;
GENER G2134 HU2134 0.0000 33.7398 1.000000 433.0 -9999.0 9999.0 1 ;
GENER G2135 HU2135 1324.4000 37.4491 1.000000 1892.0 -9999.0 9999.0 1 ;
GENER G2137 SK2137 0.0000 6.8278 1.000000 218.0 -9999.0 9999.0 1 ;
GENER G2140 HU2140 0.0000 0.8443 1.000000 66.0 -9999.0 9999.0 1 ;
GENER G2143 HU2143 0.0000 3.3418 1.000000 823.0 -9999.0 9999.0 1 ;
GENER G2145 SK2145 362.6000 -2.0716 1.000000 518.0 -9999.0 9999.0 1 ;
GENER G2149 SK2149 700.0000 15.0639 1.000000 1000.0 -9999.0 9999.0 1 ;
GENER G2152 SK2152 0.0000 13.0104 1.000000 430.0 -9999.0 9999.0 1 ;
GENER G2157 BA2157 165.5500 20.7482 1.000000 236.5 -9999.0 9999.0 1 ;
GENER G2159 HU2159 0.0000 68.4920 1.000000 110.0 -9999.0 9999.0 1 ;
GENER G2165 HR2165 165.9000 29.0524 1.000000 237.0 -9999.0 9999.0 1 ;
GENER G2167 HR2167 426.4400 -17.1578 1.000000 609.2 -9999.0 9999.0 1 ;
GENER G2168 IT2168 0.0000 74.9654 1.000000 1705.0 -9999.0 9999.0 1 ;
GENER G2174 IT2174 0.0000 9.8355 1.000000 272.0 -9999.0 9999.0 1 ;
GENER G2178 ES2178 1154.3000 326.6666 1.000000 1649.0 -9999.0 9999.0 1 ;
GENER G2201 ES2201 2085.3000 187.3003 1.000000 2979.0 -9999.0 9999.0 1 ;
GENER G2205 ES2205 0.0000 458.7479 1.000000 1200.0 -9999.0 9999.0 1 ;
GENER G2224 ES2224 0.0000 198.5435 1.000000 516.0 -9999.0 9999.0 1 ;
GENER G2229 ES2229 616.7000 240.5752 1.000000 881.0 -9999.0 9999.0 1 ;
GENER G2240 NL2240 0.0000 3.4883 1.000000 525.0 -9999.0 9999.0 1 ;
GENER G2258 DE2258 602.0000 -38.2161 1.000000 860.0 -9999.0 9999.0 1 ;
GENER G2261 DE2261 420.0000 -34.5811 1.000000 600.0 -9999.0 9999.0 1 ;
GENER G2272 PL2272 1330.0000 -29.9145 1.000000 1900.0 -9999.0 9999.0 1 ;
GENER G2282 SK2282 672.0000 8.4955 1.000000 960.0 -9999.0 9999.0 1 ;
GENER G2292 CZ2292 560.0000 -23.6226 1.000000 800.0 -9999.0 9999.0 1 ;
GENER G2298 BA2298 315.0000 -13.8405 1.000000 450.0 -9999.0 9999.0 1 ;
GENER G2299 BA2299 241.5000 -8.5509 1.000000 345.0 -9999.0 9999.0 1 ;
GENER G2304 BA2304 126.0000 23.1999 1.000000 180.0 -9999.0 9999.0 1 ;
GENER G2314 IT2314 0.0000 19.8158 1.000000 1436.0 -9999.0 9999.0 1 ;
GENER G2315 IT2315 1291.4300 -109.6328 1.000000 2910.0 -9999.0 9999.0 1 ;
GENER G2364 ES2364 0.0000 331.2638 1.000000 655.0 -9999.0 9999.0 1 ;
GENER G2376 ES2376 861.0000 99.0504 1.000000 1230.0 -9999.0 9999.0 1 ;
GENER G2377 ES2377 84.0000 -12.5463 1.000000 120.0 -9999.0 9999.0 1 ;
GENER G2378 ES2378 177.8000 -28.2750 1.000000 254.0 -9999.0 9999.0 1 ;
GENER G2380 ES2380 0.0000 82.9520 1.000000 881.0 -9999.0 9999.0 1 ;
GENER G2393 DE2393 751.3100 -40.0737 1.000000 2073.0 -9999.0 9999.0 1 ;
GENER G2395 NL2395 0.0000 15.4917 1.000000 664.0 -9999.0 9999.0 1 ;
GENER G2397 DE2397 586.6000 -71.1083 1.000000 838.0 -9999.0 9999.0 1 ;
GENER G2409 DE2409 525.0000 -53.8774 1.000000 750.0 -9999.0 9999.0 1 ;
GENER G2413 DE2413 0.0000 -5.3115 1.000000 988.0 -9999.0 9999.0 1 ;
GENER G2414 DE2414 446.6000 -6.1471 1.000000 638.0 -9999.0 9999.0 1 ;
GENER G2427 PL2427 0.0000 42.2279 1.000000 202.0 -9999.0 9999.0 1 ;
GENER G2443 PL2443 0.0000 32.3684 1.000000 540.0 -9999.0 9999.0 1 ;
GENER G2457 BA2457 441.0000 -13.4782 1.000000 630.0 -9999.0 9999.0 1 ;
GENER G2459 BA2459 206.5000 -15.2966 1.000000 295.0 -9999.0 9999.0 1 ;
GENER G2460 BA2460 112.0000 -8.5865 1.000000 160.0 -9999.0 9999.0 1 ;
GENER G2463 RS2463 2151.8000 -84.0034 1.000000 3074.0 -9999.0 9999.0 1 ;
GENER G2464 RS2464 685.3000 -42.1775 1.000000 979.0 -9999.0 9999.0 1 ;
GENER G2466 BA2466 441.0000 -18.8349 1.000000 630.0 -9999.0 9999.0 1 ;
GENER G2470 BA2470 119.7000 32.2878 1.000000 171.0 -9999.0 9999.0 1 ;
GENER G2472 BA2472 308.0000 -9.9674 1.000000 440.0 -9999.0 9999.0 1 ;
GENER G2476 IT2476 0.0000 8.4377 1.000000 1979.0 -9999.0 9999.0 1 ;
GENER G2497 ES2497 0.0000 130.5062 1.000000 365.2 -9999.0 9999.0 1 ;
GENER G2527 ES2527 0.0000 1.8364 1.000000 513.0 -9999.0 9999.0 1 ;
GENER G2537 ES2537 1463.0000 1030.6497 1.000000 2090.0 -9999.0 9999.0 1 ;
GENER G2541 ES2541 574.0000 -93.3719 1.000000 820.0 -9999.0 9999.0 1 ;
GENER G2542 PT2542 130.2000 24.7327 1.000000 186.0 -9999.0 9999.0 1 ;
GENER G2548 ES2548 9.0776 -1.4057 1.000000 190.0 -9999.0 9999.0 1 ;
GENER G2559 DE2559 364.9100 1.0414 1.000000 2147.0 -9999.0 9999.0 1 ;
GENER G2561 DE2561 0.0000 64.7313 1.000000 290.0 -9999.0 9999.0 1 ;
GENER G2566 DE2566 1148.0000 -124.9206 1.000000 1640.0 -9999.0 9999.0 1 ;
GENER G2571 DE2571 274.1900 -10.0377 1.000000 391.7 -9999.0 9999.0 1 ;
GENER G2573 DE2573 190.4000 -30.8683 1.000000 272.0 -9999.0 9999.0 1 ;
GENER G2581 DE2581 1157.1000 -72.7437 1.000000 1653.0 -9999.0 9999.0 1 ;
GENER G2585 PL2585 1072.4000 -78.9858 1.000000 1532.0 -9999.0 9999.0 1 ;
GENER G2587 PL2587 166.6000 -8.5599 1.000000 238.0 -9999.0 9999.0 1 ;
GENER G2597 DE2597 210.0000 -16.6658 1.000000 300.0 -9999.0 9999.0 1 ;
GENER G2598 CZ2598 0.0000 -0.0814 1.000000 650.0 -9999.0 9999.0 1 ;
GENER G2605 HU2605 0.0000 23.0950 1.000000 153.4 -9999.0 9999.0 1 ;
GENER G2607 HU2607 0.0000 31.7823 1.000000 170.0 -9999.0 9999.0 1 ;
GENER G2608 PL2608 1128.4000 3.8491 1.000000 1612.0 -9999.0 9999.0 1 ;
GENER G2609 PL2609 1358.0000 0.3586 1.000000 1940.0 -9999.0 9999.0 1 ;
GENER G2610 PL2610 948.5000 -108.6559 1.000000 1355.0 -9999.0 9999.0 1 ;
GENER G2614 SK2614 308.0000 -9.6780 1.000000 440.0 -9999.0 9999.0 1 ;
GENER G2620 RS2620 656.9296 -31.2359 1.000000 1184.0 -9999.0 9999.0 1 ;
GENER G2621 RS2621 0.0000 30.2755 1.000000 230.0 -9999.0 9999.0 1 ;
GENER G2623 RS2623 80.5000 202.3203 1.000000 115.0 -9999.0 9999.0 1 ;
GENER G2626 ME2626 154.0000 94.0641 1.000000 220.0 -9999.0 9999.0 1 ;
GENER G2632 BA2632 220.5000 5.9149 1.000000 315.0 -9999.0 9999.0 1 ;
GENER G2634 ME2634 0.0000 5.4605 1.000000 360.0 -9999.0 9999.0 1 ;
GENER G2637 ME2637 214.9000 -12.4340 1.000000 307.0 -9999.0 9999.0 1 ;
GENER G2639 HR2639 151.2000 23.0346 1.000000 216.0 -9999.0 9999.0 1 ;
GENER G2641 IT2641 658.7000 -62.8657 1.000000 941.0 -9999.0 9999.0 1 ;
GENER G2643 IT2643 478.8000 -28.0893 1.000000 684.0 -9999.0 9999.0 1 ;
GENER G2660 ES2660 764.4000 412.1897 1.000000 1092.0 -9999.0 9999.0 1 ;
GENER G2677 ES2677 58.6966 313.8762 1.000000 1066.0 -9999.0 9999.0 1 ;
GENER G2688 ES2688 0.0000 6.1871 1.000000 432.0 -9999.0 9999.0 1 ;
GENER G2689 ES2689 0.0000 2.0362 1.000000 595.0 -9999.0 9999.0 1 ;
GENER G2690 ES2690 0.0000 28.0765 1.000000 513.0 -9999.0 9999.0 1 ;
GENER G2693 ES2693 0.0000 20.0305 1.000000 1199.6 -9999.0 9999.0 1 ;
GENER G2698 ES2698 227.5000 40.4377 1.000000 325.0 -9999.0 9999.0 1 ;
GENER G2712 PT2712 280.7000 102.6113 1.000000 401.0 -9999.0 9999.0 1 ;
GENER G2714 PT2714 107.1000 -18.1333 1.000000 153.0 -9999.0 9999.0 1 ;
GENER G2717 ES2717 0.0000 23.2318 1.000000 291.0 -9999.0 9999.0 1 ;
GENER G2731 DE2731 241.5000 3.0876 1.000000 345.0 -9999.0 9999.0 1 ;
GENER G2739 DE2739 154.0000 -13.4381 1.000000 220.0 -9999.0 9999.0 1 ;
GENER G2756 RO2756 119.0000 48.7718 1.000000 170.0 -9999.0 9999.0 1 ;
GENER G2758 RO2758 899.5000 101.6424 1.000000 1285.0 -9999.0 9999.0 1 ;
GENER G2764 HU2764 123.9000 -19.5830 1.000000 177.0 -9999.0 9999.0 1 ;
GENER G2766 HU2766 0.0000 3.0646 1.000000 95.0 -9999.0 9999.0 1 ;
GENER G2767 PL2767 665.0000 21.5061 1.000000 950.0 -9999.0 9999.0 1 ;
GENER G2768 PL2768 473.2000 -37.1058 1.000000 676.0 -9999.0 9999.0 1 ;
GENER G2777 PL2777 138.6000 3.1771 1.000000 198.0 -9999.0 9999.0 1 ;
GENER G2783 RS2783 0.0000 3.7149 1.000000 120.0 -9999.0 9999.0 1 ;
GENER G2784 RS2784 487.9000 -53.9542 1.000000 697.0 -9999.0 9999.0 1 ;
GENER G2793 RS2793 149.1000 -11.9097 1.000000 213.0 -9999.0 9999.0 1 ;
GENER G2846 ES2846 0.0000 -1.1375 1.000000 921.7 -9999.0 9999.0 1 ;
GENER G2852 ES2852 38.5000 -6.3316 1.000000 55.0 -9999.0 9999.0 1 ;
GENER G2864 PT2864 249.9000 68.9929 1.000000 357.0 -9999.0 9999.0 1 ;
GENER G2867 PT2867 196.0000 -16.7867 1.000000 280.0 -9999.0 9999.0 1 ;
GENER G2869 PT2869 273.0000 -33.5156 1.000000 390.0 -9999.0 9999.0 1 ;
GENER G2884 DE2884 1572.2000 -142.9470 1.000000 2246.0 -9999.0 9999.0 1 ;
GENER G2885 DE2885 179.2000 -20.9606 1.000000 256.0 -9999.0 9999.0 1 ;
GENER G2889 PL2889 535.5333 -22.4629 1.000000 5000.0 -9999.0 9999.0 1 ;
GENER G2898 PL2898 192.5000 23.3341 1.000000 275.0 -9999.0 9999.0 1 ;
GENER G2906 RO2906 70.0000 284.6171 1.000000 100.0 -9999.0 9999.0 1 ;
GENER G2915 HU2915 81.2000 31.5232 1.000000 116.0 -9999.0 9999.0 1 ;
GENER G2925 PL2925 542.2800 102.4388 1.000000 1607.5 -9999.0 9999.0 1 ;
GENER G2928 SK2928 84.7000 5.1296 1.000000 121.0 -9999.0 9999.0 1 ;
GENER G2930 PL2930 40.6000 25.9728 1.000000 58.0 -9999.0 9999.0 1 ;
GENER G2934 PL2934 145.6000 25.7051 1.000000 208.0 -9999.0 9999.0 1 ;
GENER G2937 RS2937 756.0000 174.7607 1.000000 1080.0 -9999.0 9999.0 1 ;
GENER G2939 RS2939 217.0000 -27.0876 1.000000 310.0 -9999.0 9999.0 1 ;
GENER G2948 IT2948 0.0000 37.9489 1.000000 912.0 -9999.0 9999.0 1 ;
GENER G2966 PT2966 441.0000 69.9888 1.000000 630.0 -9999.0 9999.0 1 ;
GENER G2973 ES2973 394.1000 -43.0762 1.000000 563.0 -9999.0 9999.0 1 ;
GENER G2974 ES2974 280.0000 -4.2853 1.000000 400.0 -9999.0 9999.0 1 ;
GENER G2981 ES2981 44.1000 14.6713 1.000000 63.0 -9999.0 9999.0 1 ;
GENER G3022 ES3022 91.7000 92.4322 1.000000 131.0 -9999.0 9999.0 1 ;
GENER G3023 ES3023 174.3000 243.9115 1.000000 249.0 -9999.0 9999.0 1 ;
GENER G3059 PL3059 1226.4000 13.1426 1.000000 1752.0 -9999.0 9999.0 1 ;
GENER G3064 PL3064 585.4817 -11.2062 1.000000 1772.0 -9999.0 9999.0 1 ;
GENER G3074 RO3074 291.6735 91.0922 1.000000 800.0 -9999.0 9999.0 1 ;
GENER G3075 RO3075 437.5000 31.4424 1.000000 625.0 -9999.0 9999.0 1 ;
GENER G3094 SK3094 653.1000 -47.4974 1.000000 933.0 -9999.0 9999.0 1 ;
GENER G3108 RS3108 432.6000 130.4854 1.000000 618.0 -9999.0 9999.0 1 ;
GENER G3109 AL3109 212.1000 28.0443 1.000000 303.0 -9999.0 9999.0 1 ;
GENER G3123 ES3123 35.0000 33.4966 1.000000 50.0 -9999.0 9999.0 1 ;
GENER G3159 ES3159 35.0000 2.6730 1.000000 50.0 -9999.0 9999.0 1 ;
GENER G3160 ES3160 105.0000 0.5309 1.000000 150.0 -9999.0 9999.0 1 ;
GENER G3162 ES3162 433.4882 8.4890 1.000000 1600.0 -9999.0 9999.0 1 ;
GENER G3182 ES3182 389.2000 215.7342 1.000000 556.0 -9999.0 9999.0 1 ;
GENER G3198 PT3198 603.4000 -43.0829 1.000000 862.0 -9999.0 9999.0 1 ;
GENER G3208 DE3208 263.0178 5.9777 1.000000 626.0 -9999.0 9999.0 1 ;
GENER G3214 PL3214 2016.0000 -91.6430 1.000000 2880.0 -9999.0 9999.0 1 ;
GENER G3216 PL3216 420.0000 -9.7466 1.000000 600.0 -9999.0 9999.0 1 ;
GENER G3227 PL3227 225.7500 -7.0233 1.000000 322.5 -9999.0 9999.0 1 ;
GENER G3231 PL3231 333.2000 -4.1599 1.000000 476.0 -9999.0 9999.0 1 ;
GENER G3243 RO3243 1617.0000 34.4419 1.000000 2310.0 -9999.0 9999.0 1 ;
GENER G3249 RO3249 98.0000 17.2880 1.000000 140.0 -9999.0 9999.0 1 ;
GENER G3250 RO3250 157.5000 -2.2917 1.000000 225.0 -9999.0 9999.0 1 ;
GENER G3253 RO3253 210.0000 -30.5927 1.000000 300.0 -9999.0 9999.0 1 ;
GENER G3258 PL3258 1260.0000 31.4666 1.000000 1800.0 -9999.0 9999.0 1 ;
GENER G3264 GR3264 875.0000 189.2825 1.000000 1250.0 -9999.0 9999.0 1 ;
GENER G3269 AL3269 420.0000 20.0589 1.000000 600.0 -9999.0 9999.0 1 ;
GENER G3272 RS3272 431.9000 -68.3467 1.000000 617.0 -9999.0 9999.0 1 ;
GENER G3277 ES3277 669.9000 44.1384 1.000000 957.0 -9999.0 9999.0 1 ;
GENER G3287 ES3287 178.5000 -18.5565 1.000000 255.0 -9999.0 9999.0 1 ;
GENER G3290 PT3290 43.4000 -2.4898 1.000000 62.0 -9999.0 9999.0 1 ;
GENER G3316 PT3316 168.0000 50.0696 1.000000 240.0 -9999.0 9999.0 1 ;
GENER G3317 PT3317 177.8000 32.6905 1.000000 254.0 -9999.0 9999.0 1 ;
GENER G3356 PT3356 102.9000 -4.6884 1.000000 147.0 -9999.0 9999.0 1 ;
GENER G3359 PT3359 252.0000 -38.2389 1.000000 360.0 -9999.0 9999.0 1 ;
GENER G3364 DK3364 0.0000 -0.0124 1.000000 427.0 -9999.0 9999.0 1 ;
GENER G3369 DE3369 226.1000 -24.1304 1.000000 323.0 -9999.0 9999.0 1 ;
GENER G3388 RO3388 0.0000 18.1460 1.000000 1470.0 -9999.0 9999.0 1 ;
GENER G3394 RO3394 0.0000 40.6280 1.000000 194.0 -9999.0 9999.0 1 ;
GENER G3397 RO3397 0.0000 7.2425 1.000000 338.0 -9999.0 9999.0 1 ;
GENER G3399 RO3399 0.0000 239.1763 1.000000 550.0 -9999.0 9999.0 1 ;
GENER G3402 RO3402 651.0000 -57.6203 1.000000 930.0 -9999.0 9999.0 1 ;
GENER G3403 RO3403 172.2000 107.9294 1.000000 246.0 -9999.0 9999.0 1 ;
GENER G3408 RO3408 104.3000 -0.5113 1.000000 149.0 -9999.0 9999.0 1 ;
GENER G3409 RO3409 210.0000 -18.5896 1.000000 300.0 -9999.0 9999.0 1 ;
GENER G3410 RO3410 234.5000 -7.6791 1.000000 335.0 -9999.0 9999.0 1 ;
GENER G3411 RO3411 74.2000 51.2610 1.000000 106.0 -9999.0 9999.0 1 ;
GENER G3416 RO3416 924.0000 37.8961 1.000000 1320.0 -9999.0 9999.0 1 ;
GENER G3420 BG3420 1400.0000 121.0063 1.000000 2000.0 -9999.0 9999.0 1 ;
GENER G3424 GR3424 90.9300 82.8931 1.000000 129.9 -9999.0 9999.0 1 ;
GENER G3426 GR3426 805.0000 -55.5923 1.000000 1150.0 -9999.0 9999.0 1 ;
GENER G3427 GR3427 1116.5000 -6.7219 1.000000 1595.0 -9999.0 9999.0 1 ;
GENER G3428 AL3428 58.8000 53.2392 1.000000 84.0 -9999.0 9999.0 1 ;
GENER G3431 AL3431 350.0000 -37.7131 1.000000 500.0 -9999.0 9999.0 1 ;
GENER G3434 MK3434 0.0000 3.2375 1.000000 250.0 -9999.0 9999.0 1 ;
GENER G3462 PT3462 891.8000 21.3136 1.000000 1274.0 -9999.0 9999.0 1 ;
GENER G3463 PT3463 700.0000 -74.1861 1.000000 1000.0 -9999.0 9999.0 1 ;
GENER G3478 ES3478 710.0800 11.7889 1.000000 2970.0 -9999.0 9999.0 1 ;
GENER G3494 PT3494 177.8000 -1.5588 1.000000 254.0 -9999.0 9999.0 1 ;
GENER G3495 PT3495 52.5000 37.6192 1.000000 75.0 -9999.0 9999.0 1 ;
GENER G3496 PT3496 121.1000 144.9732 1.000000 173.0 -9999.0 9999.0 1 ;
GENER G3498 PT3498 111.3000 -13.0097 1.000000 159.0 -9999.0 9999.0 1 ;
GENER G3501 PT3501 823.2000 24.6623 1.000000 1176.0 -9999.0 9999.0 1 ;
GENER G3515 PL3515 680.4000 -25.6825 1.000000 972.0 -9999.0 9999.0 1 ;
GENER G3516 PL3516 0.0000 -3.4640 1.000000 226.0 -9999.0 9999.0 1 ;
GENER G3520 PL3520 452.9000 23.4058 1.000000 647.0 -9999.0 9999.0 1 ;
GENER G3526 RO3526 140.0000 -14.9585 1.000000 200.0 -9999.0 9999.0 1 ;
GENER G3537 RO3537 0.0000 25.3589 1.000000 117.0 -9999.0 9999.0 1 ;
GENER G3539 RO3539 147.0000 20.8873 1.000000 210.0 -9999.0 9999.0 1 ;
GENER G3541 RO3541 52.5000 -11.8385 1.000000 75.0 -9999.0 9999.0 1 ;
GENER G3543 RO3543 0.0000 86.2786 1.000000 550.0 -9999.0 9999.0 1 ;
GENER G3558 BG3558 0.0000 71.2453 1.000000 1599.0 -9999.0 9999.0 1 ;
GENER G3561 MK3561 81.2000 134.0848 1.000000 116.0 -9999.0 9999.0 1 ;
GENER G3562 GR3562 233.5200 -15.7610 1.000000 333.6 -9999.0 9999.0 1 ;
GENER G3563 GR3563 0.0000 132.3268 1.000000 1166.0 -9999.0 9999.0 1 ;
GENER G3566 GR3566 231.0000 -21.3068 1.000000 330.0 -9999.0 9999.0 1 ;
GENER G3568 AL3568 350.0000 -51.6745 1.000000 500.0 -9999.0 9999.0 1 ;
GENER G3569 AL3569 0.0000 53.3016 1.000000 186.0 -9999.0 9999.0 1 ;
GENER G3571 MK3571 472.5000 -25.2601 1.000000 675.0 -9999.0 9999.0 1 ;
GENER G3572 MK3572 183.4000 -27.0957 1.000000 262.0 -9999.0 9999.0 1 ;
GENER G3575 IT3575 861.9859 105.0297 1.000000 1455.0 -9999.0 9999.0 1 ;
GENER G3576 PT3576 56.7000 10.7384 1.000000 81.0 -9999.0 9999.0 1 ;
GENER G3584 ES3584 1740.1248 85.9963 1.000000 3240.0 -9999.0 9999.0 1 ;
GENER G3586 ES3586 190.8592 -22.1550 1.000000 2075.5 -9999.0 9999.0 1 ;
GENER G3587 PT3587 546.0000 -52.0435 1.000000 780.0 -9999.0 9999.0 1 ;
GENER G3623 ES3623 811.3000 264.2972 1.000000 1159.0 -9999.0 9999.0 1 ;
GENER G3627 ES3627 226.8000 -17.2396 1.000000 324.0 -9999.0 9999.0 1 ;
GENER G3639 ES3639 138.6000 325.0843 1.000000 198.0 -9999.0 9999.0 1 ;
GENER G3644 DK3644 309.4000 -37.0815 1.000000 442.0 -9999.0 9999.0 1 ;
GENER G3652 PL3652 377.3000 -14.5455 1.000000 539.0 -9999.0 9999.0 1 ;
GENER G3656 RO3656 256.9000 -8.7255 1.000000 367.0 -9999.0 9999.0 1 ;
GENER G3658 RO3658 0.0000 35.2253 1.000000 535.0 -9999.0 9999.0 1 ;
GENER G3669 BG3669 168.0000 -12.9809 1.000000 240.0 -9999.0 9999.0 1 ;
GENER G3670 BG3670 0.0000 27.5203 1.000000 75.0 -9999.0 9999.0 1 ;
GENER G3680 GR3680 81.2000 -6.2022 1.000000 116.0 -9999.0 9999.0 1 ;
GENER G3681 GR3681 75.6000 -2.4158 1.000000 108.0 -9999.0 9999.0 1 ;
GENER G3723 DK3723 561.4000 -6.6030 1.000000 802.0 -9999.0 9999.0 1 ;
GENER G3739 BG3739 0.0000 12.1202 1.000000 670.0 -9999.0 9999.0 1 ;
GENER G3742 GR3742 0.0000 62.3074 1.000000 360.0 -9999.0 9999.0 1 ;
GENER G3744 GR3744 0.0000 44.5936 1.000000 416.9 -9999.0 9999.0 1 ;
GENER G3747 AL3747 37.9400 -4.0195 1.000000 54.2 -9999.0 9999.0 1 ;
GENER G3750 IT3750 1183.7000 -71.8835 1.000000 1691.0 -9999.0 9999.0 1 ;
GENER G3759 PT3759 693.0000 -28.9255 1.000000 990.0 -9999.0 9999.0 1 ;
GENER G3762 PT3762 569.8000 -32.9984 1.000000 814.0 -9999.0 9999.0 1 ;
GENER G3765 DK3765 501.2000 -48.7307 1.000000 716.0 -9999.0 9999.0 1 ;
GENER G3768 BG3768 730.4500 -13.6972 1.000000 1260.0 -9999.0 9999.0 1 ;
GENER G3770 BG3770 0.0000 79.1019 1.000000 1556.0 -9999.0 9999.0 1 ;
GENER G3771 BG3771 441.0000 -61.4579 1.000000 630.0 -9999.0 9999.0 1 ;
GENER G3775 BG3775 0.0000 9.4678 1.000000 908.0 -9999.0 9999.0 1 ;
GENER G3776 BG3776 93.8000 1.9606 1.000000 134.0 -9999.0 9999.0 1 ;
GENER G3779 BG3779 0.0000 40.1532 1.000000 368.0 -9999.0 9999.0 1 ;
GENER G3780 GR3780 0.0000 47.9407 1.000000 437.0 -9999.0 9999.0 1 ;
GENER G3785 IT3785 724.3600 5.7755 1.000000 1277.0 -9999.0 9999.0 1 ;
GENER G3786 IT3786 432.5300 -15.1870 1.000000 660.0 -9999.0 9999.0 1 ;
GENER G3796 BG3796 0.0000 8.5617 1.000000 375.0 -9999.0 9999.0 1 ;
GENER G3799 GR3799 1162.7000 -102.0671 1.000000 1661.0 -9999.0 9999.0 1 ;
GENER G3804 BG3804 377.8600 -52.2362 1.000000 566.0 -9999.0 9999.0 1 ;
GENER G3805 BG3805 52.6400 0.4694 1.000000 88.0 -9999.0 9999.0 1 ;
GENER G3807 GR3807 0.0000 1.5561 1.000000 1551.8 -9999.0 9999.0 1 ;
GENER G889 FR889 5710.3750 166.0565 1.000000 5000.0 -9999.0 9999.0 1 ;

SLACK FR889 ;
