# Upstream WAMCES MATLAB/Simulink run, converters in service, Kw = 0 (paper Figure 15).
# 1000 MW conductance step at bus 2178 at t = 0. Area-mean machine frequencies in Hz.
# machines per area: West 182, Centre 330, East 106
# E_osc over all 618 machines (paper eq. 66, f in Hz): 0.3584
t,West,Centre,East
0.00,50.000000,50.000000,50.000000
0.01,49.999784,50.000000,50.000000
0.02,49.999558,50.000000,50.000000
0.03,49.999337,50.000000,50.000000
0.04,49.999125,50.000000,50.000000
0.05,49.998923,50.000001,50.000000
0.06,49.998731,50.000001,50.000000
0.07,49.998550,50.000001,50.000000
0.08,49.998380,50.000001,50.000000
0.09,49.998217,50.000002,50.000000
0.10,49.998062,50.000002,50.000000
0.11,49.997912,50.000002,50.000000
0.12,49.997766,50.000003,50.000000
0.13,49.997621,50.000003,50.000000
0.14,49.997477,50.000003,50.000000
0.15,49.997332,50.000004,50.000000
0.16,49.997185,50.000004,50.000000
0.17,49.997035,50.000005,50.000000
0.18,49.996881,50.000005,50.000000
0.19,49.996723,50.000006,50.000000
0.20,49.996561,50.000006,50.000000
0.21,49.996395,50.000006,50.000000
0.22,49.996224,50.000007,50.000000
0.23,49.996049,50.000007,50.000000
0.24,49.995870,50.000008,50.000000
0.25,49.995686,50.000008,50.000000
0.26,49.995499,50.000008,50.000000
0.27,49.995308,50.000009,50.000000
0.28,49.995114,50.000009,50.000000
0.29,49.994917,50.000009,50.000000
0.30,49.994717,50.000009,50.000000
0.31,49.994514,50.000009,50.000000
0.32,49.994308,50.000009,50.000000
0.33,49.994099,50.000010,50.000000
0.34,49.993889,50.000010,50.000000
0.35,49.993675,50.000010,50.000000
0.36,49.993460,50.000010,50.000000
0.37,49.993242,50.000009,50.000000
0.38,49.993022,50.000009,50.000000
0.39,49.992800,50.000009,50.000000
0.40,49.992575,50.000009,50.000000
0.41,49.992348,50.000008,50.000000
0.42,49.992120,50.000008,50.000000
0.43,49.991889,50.000007,50.000000
0.44,49.991656,50.000007,50.000000
0.45,49.991421,50.000006,50.000000
0.46,49.991184,50.000005,50.000000
0.47,49.990945,50.000004,50.000000
0.48,49.990704,50.000003,50.000000
0.49,49.990462,50.000002,50.000000
0.50,49.990217,50.000001,50.000000
0.51,49.989971,50.000000,50.000000
0.52,49.989724,49.999998,50.000000
0.53,49.989475,49.999996,50.000001
0.54,49.989225,49.999995,50.000001
0.55,49.988974,49.999993,50.000001
0.56,49.988722,49.999991,50.000001
0.57,49.988469,49.999988,50.000001
0.58,49.988215,49.999986,50.000001
0.59,49.987960,49.999983,50.000001
0.60,49.987705,49.999980,50.000001
0.61,49.987450,49.999977,50.000001
0.62,49.987194,49.999974,50.000001
0.63,49.986938,49.999970,50.000001
0.64,49.986682,49.999967,50.000001
0.65,49.986427,49.999963,50.000001
0.66,49.986172,49.999958,50.000001
0.67,49.985917,49.999954,50.000001
0.68,49.985663,49.999949,50.000001
0.69,49.985410,49.999944,50.000001
0.70,49.985158,49.999939,50.000001
0.71,49.984906,49.999933,50.000001
0.72,49.984657,49.999927,50.000001
0.73,49.984408,49.999921,50.000001
0.74,49.984161,49.999915,50.000001
0.75,49.983916,49.999908,50.000001
0.76,49.983673,49.999901,50.000001
0.77,49.983431,49.999893,50.000001
0.78,49.983192,49.999885,50.000001
0.79,49.982955,49.999877,50.000001
0.80,49.982721,49.999869,50.000001
0.81,49.982489,49.999860,50.000001
0.82,49.982259,49.999850,50.000001
0.83,49.982033,49.999841,50.000000
0.84,49.981809,49.999831,50.000000
0.85,49.981588,49.999820,50.000000
0.86,49.981370,49.999809,50.000000
0.87,49.981155,49.999798,50.000000
0.88,49.980944,49.999786,50.000000
0.89,49.980736,49.999774,50.000000
0.90,49.980531,49.999761,49.999999
0.91,49.980330,49.999748,49.999999
0.92,49.980133,49.999734,49.999999
0.93,49.979939,49.999720,49.999999
0.94,49.979749,49.999705,49.999999
0.95,49.979563,49.999690,49.999998
0.96,49.979380,49.999674,49.999998
0.97,49.979201,49.999658,49.999998
0.98,49.979026,49.999642,49.999997
0.99,49.978856,49.999624,49.999997
1.00,49.978689,49.999607,49.999996
1.01,49.978526,49.999588,49.999996
1.02,49.978367,49.999569,49.999995
1.03,49.978212,49.999550,49.999995
1.04,49.978061,49.999530,49.999994
1.05,49.977914,49.999510,49.999994
1.06,49.977771,49.999489,49.999993
1.07,49.977632,49.999467,49.999992
1.08,49.977497,49.999445,49.999991
1.09,49.977366,49.999422,49.999991
1.10,49.977239,49.999398,49.999990
1.11,49.977116,49.999374,49.999989
1.12,49.976997,49.999350,49.999988
1.13,49.976881,49.999325,49.999987
1.14,49.976770,49.999299,49.999986
1.15,49.976662,49.999272,49.999985
1.16,49.976558,49.999245,49.999983
1.17,49.976458,49.999217,49.999982
1.18,49.976361,49.999189,49.999981
1.19,49.976268,49.999160,49.999979
1.20,49.976179,49.999130,49.999978
1.21,49.976093,49.999100,49.999976
1.22,49.976011,49.999069,49.999974
1.23,49.975932,49.999038,49.999972
1.24,49.975856,49.999005,49.999971
1.25,49.975784,49.998973,49.999969
1.26,49.975715,49.998939,49.999967
1.27,49.975649,49.998905,49.999964
1.28,49.975586,49.998870,49.999962
1.29,49.975527,49.998835,49.999960
1.30,49.975470,49.998798,49.999957
1.31,49.975417,49.998762,49.999954
1.32,49.975366,49.998724,49.999952
1.33,49.975318,49.998686,49.999949
1.34,49.975273,49.998647,49.999946
1.35,49.975231,49.998608,49.999943
1.36,49.975191,49.998568,49.999939
1.37,49.975154,49.998527,49.999936
1.38,49.975120,49.998486,49.999932
1.39,49.975088,49.998444,49.999928
1.40,49.975059,49.998401,49.999925
1.41,49.975032,49.998357,49.999920
1.42,49.975008,49.998313,49.999916
1.43,49.974986,49.998269,49.999912
1.44,49.974966,49.998223,49.999907
1.45,49.974949,49.998177,49.999902
1.46,49.974934,49.998131,49.999897
1.47,49.974921,49.998084,49.999892
1.48,49.974910,49.998036,49.999887
1.49,49.974901,49.997987,49.999881
1.50,49.974894,49.997938,49.999876
1.51,49.974890,49.997888,49.999870
1.52,49.974887,49.997838,49.999864
1.53,49.974887,49.997787,49.999857
1.54,49.974888,49.997735,49.999850
1.55,49.974891,49.997682,49.999844
1.56,49.974896,49.997630,49.999837
1.57,49.974903,49.997576,49.999829
1.58,49.974912,49.997522,49.999822
1.59,49.974923,49.997467,49.999814
1.60,49.974935,49.997412,49.999806
1.61,49.974949,49.997356,49.999797
1.62,49.974965,49.997299,49.999789
1.63,49.974983,49.997242,49.999780
1.64,49.975002,49.997184,49.999770
1.65,49.975023,49.997126,49.999761
1.66,49.975045,49.997067,49.999751
1.67,49.975069,49.997008,49.999741
1.68,49.975094,49.996948,49.999731
1.69,49.975121,49.996887,49.999720
1.70,49.975150,49.996826,49.999709
1.71,49.975180,49.996764,49.999697
1.72,49.975211,49.996702,49.999686
1.73,49.975244,49.996639,49.999674
1.74,49.975278,49.996576,49.999661
1.75,49.975313,49.996512,49.999648
1.76,49.975350,49.996448,49.999635
1.77,49.975387,49.996383,49.999622
1.78,49.975426,49.996317,49.999608
1.79,49.975466,49.996251,49.999594
1.80,49.975507,49.996185,49.999579
1.81,49.975550,49.996118,49.999564
1.82,49.975593,49.996051,49.999549
1.83,49.975637,49.995983,49.999533
1.84,49.975682,49.995914,49.999517
1.85,49.975728,49.995845,49.999500
1.86,49.975774,49.995776,49.999483
1.87,49.975822,49.995706,49.999466
1.88,49.975870,49.995636,49.999448
1.89,49.975919,49.995565,49.999430
1.90,49.975968,49.995494,49.999411
1.91,49.976018,49.995422,49.999392
1.92,49.976068,49.995350,49.999372
1.93,49.976119,49.995278,49.999352
1.94,49.976170,49.995205,49.999332
1.95,49.976221,49.995131,49.999311
1.96,49.976273,49.995057,49.999289
1.97,49.976325,49.994983,49.999267
1.98,49.976377,49.994909,49.999245
1.99,49.976429,49.994833,49.999222
2.00,49.976481,49.994758,49.999198
2.01,49.976533,49.994682,49.999174
2.02,49.976584,49.994606,49.999150
2.03,49.976636,49.994529,49.999125
2.04,49.976688,49.994452,49.999099
2.05,49.976739,49.994375,49.999073
2.06,49.976790,49.994297,49.999047
2.07,49.976840,49.994219,49.999020
2.08,49.976891,49.994140,49.998992
2.09,49.976940,49.994061,49.998964
2.10,49.976989,49.993982,49.998935
2.11,49.977038,49.993903,49.998906
2.12,49.977086,49.993823,49.998876
2.13,49.977134,49.993742,49.998845
2.14,49.977181,49.993662,49.998814
2.15,49.977227,49.993581,49.998782
2.16,49.977272,49.993500,49.998750
2.17,49.977317,49.993418,49.998717
2.18,49.977361,49.993336,49.998684
2.19,49.977404,49.993254,49.998650
2.20,49.977447,49.993171,49.998615
2.21,49.977488,49.993089,49.998580
2.22,49.977529,49.993005,49.998544
2.23,49.977569,49.992922,49.998507
2.24,49.977608,49.992838,49.998470
2.25,49.977646,49.992754,49.998433
2.26,49.977683,49.992670,49.998394
2.27,49.977720,49.992585,49.998355
2.28,49.977756,49.992500,49.998315
2.29,49.977790,49.992415,49.998275
2.30,49.977824,49.992330,49.998234
2.31,49.977857,49.992244,49.998192
2.32,49.977890,49.992158,49.998150
2.33,49.977921,49.992072,49.998107
2.34,49.977952,49.991985,49.998063
2.35,49.977982,49.991898,49.998019
2.36,49.978012,49.991811,49.997974
2.37,49.978040,49.991724,49.997928
2.38,49.978069,49.991637,49.997882
2.39,49.978096,49.991549,49.997834
2.40,49.978123,49.991461,49.997787
2.41,49.978149,49.991373,49.997738
2.42,49.978175,49.991284,49.997689
2.43,49.978200,49.991196,49.997639
2.44,49.978226,49.991107,49.997588
2.45,49.978250,49.991018,49.997537
2.46,49.978274,49.990928,49.997485
2.47,49.978299,49.990839,49.997432
2.48,49.978322,49.990749,49.997378
2.49,49.978346,49.990659,49.997324
2.50,49.978370,49.990569,49.997269
2.51,49.978393,49.990478,49.997213
2.52,49.978417,49.990387,49.997156
2.53,49.978440,49.990297,49.997099
2.54,49.978464,49.990206,49.997041
2.55,49.978487,49.990114,49.996982
2.56,49.978511,49.990023,49.996922
2.57,49.978536,49.989931,49.996862
2.58,49.978560,49.989840,49.996801
2.59,49.978585,49.989748,49.996739
2.60,49.978610,49.989655,49.996676
2.61,49.978636,49.989563,49.996613
2.62,49.978662,49.989471,49.996549
2.63,49.978688,49.989378,49.996484
2.64,49.978716,49.989285,49.996418
2.65,49.978743,49.989192,49.996352
2.66,49.978772,49.989099,49.996284
2.67,49.978801,49.989005,49.996216
2.68,49.978831,49.988912,49.996147
2.69,49.978862,49.988818,49.996077
2.70,49.978893,49.988724,49.996007
2.71,49.978925,49.988630,49.995936
2.72,49.978959,49.988536,49.995863
2.73,49.978993,49.988442,49.995791
2.74,49.979028,49.988348,49.995717
2.75,49.979064,49.988253,49.995642
2.76,49.979101,49.988158,49.995567
2.77,49.979139,49.988064,49.995491
2.78,49.979178,49.987969,49.995414
2.79,49.979218,49.987874,49.995336
2.80,49.979259,49.987778,49.995257
2.81,49.979301,49.987683,49.995178
2.82,49.979344,49.987588,49.995098
2.83,49.979388,49.987492,49.995017
2.84,49.979433,49.987396,49.994935
2.85,49.979480,49.987301,49.994852
2.86,49.979527,49.987205,49.994768
2.87,49.979575,49.987109,49.994684
2.88,49.979625,49.987013,49.994599
2.89,49.979675,49.986917,49.994513
2.90,49.979727,49.986821,49.994426
2.91,49.979780,49.986724,49.994338
2.92,49.979833,49.986628,49.994250
2.93,49.979888,49.986531,49.994160
2.94,49.979944,49.986435,49.994070
2.95,49.980000,49.986338,49.993979
2.96,49.980058,49.986242,49.993887
2.97,49.980116,49.986145,49.993795
2.98,49.980176,49.986048,49.993701
2.99,49.980236,49.985952,49.993607
3.00,49.980297,49.985855,49.993512
3.01,49.980360,49.985758,49.993416
3.02,49.980422,49.985661,49.993319
3.03,49.980486,49.985564,49.993221
3.04,49.980551,49.985467,49.993123
3.05,49.980616,49.985370,49.993023
3.06,49.980682,49.985274,49.992923
3.07,49.980748,49.985177,49.992822
3.08,49.980816,49.985080,49.992720
3.09,49.980884,49.984983,49.992618
3.10,49.980952,49.984886,49.992514
3.11,49.981021,49.984789,49.992410
3.12,49.981091,49.984692,49.992305
3.13,49.981161,49.984595,49.992199
3.14,49.981232,49.984498,49.992092
3.15,49.981303,49.984402,49.991985
3.16,49.981374,49.984305,49.991876
3.17,49.981446,49.984208,49.991767
3.18,49.981518,49.984112,49.991657
3.19,49.981591,49.984015,49.991546
3.20,49.981664,49.983919,49.991435
3.21,49.981737,49.983822,49.991322
3.22,49.981810,49.983726,49.991209
3.23,49.981884,49.983630,49.991095
3.24,49.981957,49.983534,49.990980
3.25,49.982031,49.983437,49.990865
3.26,49.982105,49.983342,49.990748
3.27,49.982180,49.983246,49.990631
3.28,49.982254,49.983150,49.990513
3.29,49.982328,49.983054,49.990394
3.30,49.982402,49.982959,49.990275
3.31,49.982476,49.982864,49.990155
3.32,49.982551,49.982768,49.990034
3.33,49.982625,49.982673,49.989912
3.34,49.982699,49.982578,49.989789
3.35,49.982773,49.982484,49.989666
3.36,49.982847,49.982389,49.989542
3.37,49.982920,49.982295,49.989417
3.38,49.982994,49.982200,49.989292
3.39,49.983067,49.982106,49.989165
3.40,49.983140,49.982012,49.989038
3.41,49.983212,49.981919,49.988911
3.42,49.983285,49.981825,49.988782
3.43,49.983357,49.981732,49.988653
3.44,49.983428,49.981639,49.988523
3.45,49.983500,49.981546,49.988393
3.46,49.983571,49.981453,49.988261
3.47,49.983641,49.981361,49.988129
3.48,49.983711,49.981268,49.987997
3.49,49.983781,49.981176,49.987864
3.50,49.983850,49.981085,49.987730
3.51,49.983918,49.980993,49.987595
3.52,49.983986,49.980902,49.987460
3.53,49.984054,49.980811,49.987324
3.54,49.984120,49.980720,49.987187
3.55,49.984187,49.980630,49.987050
3.56,49.984252,49.980540,49.986912
3.57,49.984317,49.980450,49.986774
3.58,49.984381,49.980360,49.986635
3.59,49.984445,49.980271,49.986495
3.60,49.984507,49.980182,49.986355
3.61,49.984569,49.980093,49.986214
3.62,49.984630,49.980004,49.986073
3.63,49.984690,49.979916,49.985931
3.64,49.984750,49.979828,49.985788
3.65,49.984808,49.979741,49.985645
3.66,49.984866,49.979654,49.985501
3.67,49.984923,49.979567,49.985357
3.68,49.984978,49.979480,49.985212
3.69,49.985033,49.979394,49.985067
3.70,49.985087,49.979308,49.984921
3.71,49.985140,49.979222,49.984775
3.72,49.985192,49.979137,49.984628
3.73,49.985242,49.979052,49.984481
3.74,49.985292,49.978967,49.984333
3.75,49.985340,49.978883,49.984185
3.76,49.985388,49.978799,49.984037
3.77,49.985434,49.978716,49.983888
3.78,49.985479,49.978633,49.983738
3.79,49.985523,49.978550,49.983588
3.80,49.985566,49.978467,49.983438
3.81,49.985607,49.978385,49.983287
3.82,49.985648,49.978303,49.983136
3.83,49.985687,49.978222,49.982985
3.84,49.985725,49.978141,49.982833
3.85,49.985761,49.978060,49.982680
3.86,49.985797,49.977980,49.982528
3.87,49.985831,49.977900,49.982375
3.88,49.985864,49.977821,49.982222
3.89,49.985895,49.977742,49.982068
3.90,49.985925,49.977663,49.981914
3.91,49.985954,49.977584,49.981760
3.92,49.985982,49.977506,49.981606
3.93,49.986008,49.977429,49.981451
3.94,49.986033,49.977351,49.981296
3.95,49.986056,49.977275,49.981141
3.96,49.986079,49.977198,49.980985
3.97,49.986100,49.977122,49.980829
3.98,49.986119,49.977046,49.980673
3.99,49.986137,49.976971,49.980517
4.00,49.986154,49.976896,49.980361
4.01,49.986170,49.976822,49.980204
4.02,49.986184,49.976747,49.980048
4.03,49.986197,49.976674,49.979891
4.04,49.986209,49.976600,49.979734
4.05,49.986219,49.976527,49.979577
4.06,49.986228,49.976454,49.979419
4.07,49.986236,49.976382,49.979262
4.08,49.986243,49.976310,49.979104
4.09,49.986248,49.976239,49.978947
4.10,49.986252,49.976168,49.978789
4.11,49.986255,49.976097,49.978631
4.12,49.986256,49.976027,49.978474
4.13,49.986256,49.975957,49.978316
4.14,49.986255,49.975887,49.978158
4.15,49.986253,49.975818,49.978000
4.16,49.986250,49.975749,49.977842
4.17,49.986245,49.975681,49.977684
4.18,49.986240,49.975612,49.977527
4.19,49.986233,49.975545,49.977369
4.20,49.986225,49.975477,49.977211
4.21,49.986216,49.975410,49.977053
4.22,49.986206,49.975344,49.976896
4.23,49.986195,49.975277,49.976738
4.24,49.986183,49.975212,49.976581
4.25,49.986169,49.975146,49.976423
4.26,49.986155,49.975081,49.976266
4.27,49.986140,49.975016,49.976109
4.28,49.986123,49.974952,49.975952
4.29,49.986106,49.974887,49.975795
4.30,49.986088,49.974824,49.975638
4.31,49.986069,49.974760,49.975482
4.32,49.986049,49.974697,49.975325
4.33,49.986028,49.974635,49.975169
4.34,49.986007,49.974572,49.975013
4.35,49.985984,49.974510,49.974857
4.36,49.985961,49.974448,49.974702
4.37,49.985937,49.974387,49.974547
4.38,49.985912,49.974326,49.974392
4.39,49.985886,49.974265,49.974237
4.40,49.985860,49.974205,49.974083
4.41,49.985833,49.974145,49.973928
4.42,49.985805,49.974085,49.973774
4.43,49.985777,49.974026,49.973621
4.44,49.985748,49.973967,49.973468
4.45,49.985718,49.973908,49.973315
4.46,49.985688,49.973850,49.973162
4.47,49.985657,49.973792,49.973010
4.48,49.985626,49.973734,49.972858
4.49,49.985594,49.973676,49.972707
4.50,49.985562,49.973619,49.972556
4.51,49.985529,49.973562,49.972405
4.52,49.985496,49.973506,49.972255
4.53,49.985462,49.973450,49.972105
4.54,49.985428,49.973394,49.971955
4.55,49.985393,49.973338,49.971806
4.56,49.985358,49.973283,49.971658
4.57,49.985322,49.973228,49.971510
4.58,49.985286,49.973173,49.971362
4.59,49.985250,49.973119,49.971215
4.60,49.985213,49.973064,49.971068
4.61,49.985176,49.973011,49.970922
4.62,49.985139,49.972957,49.970777
4.63,49.985101,49.972904,49.970632
4.64,49.985063,49.972851,49.970487
4.65,49.985025,49.972798,49.970343
4.66,49.984987,49.972745,49.970200
4.67,49.984948,49.972693,49.970057
4.68,49.984909,49.972641,49.969914
4.69,49.984869,49.972590,49.969773
4.70,49.984830,49.972538,49.969632
4.71,49.984790,49.972487,49.969491
4.72,49.984750,49.972436,49.969351
4.73,49.984709,49.972386,49.969212
4.74,49.984668,49.972336,49.969073
4.75,49.984627,49.972286,49.968935
4.76,49.984586,49.972236,49.968798
4.77,49.984545,49.972186,49.968661
4.78,49.984503,49.972137,49.968525
4.79,49.984461,49.972088,49.968389
4.80,49.984419,49.972040,49.968254
4.81,49.984376,49.971991,49.968120
4.82,49.984333,49.971943,49.967987
4.83,49.984290,49.971895,49.967854
4.84,49.984247,49.971848,49.967722
4.85,49.984203,49.971800,49.967591
4.86,49.984159,49.971753,49.967461
4.87,49.984115,49.971706,49.967331
4.88,49.984070,49.971660,49.967202
4.89,49.984026,49.971613,49.967074
4.90,49.983980,49.971567,49.966946
4.91,49.983935,49.971521,49.966820
4.92,49.983889,49.971476,49.966694
4.93,49.983843,49.971430,49.966568
4.94,49.983796,49.971385,49.966444
4.95,49.983749,49.971341,49.966320
4.96,49.983702,49.971296,49.966198
4.97,49.983655,49.971252,49.966076
4.98,49.983607,49.971208,49.965955
4.99,49.983558,49.971164,49.965834
5.00,49.983509,49.971120,49.965715
5.01,49.983460,49.971077,49.965596
5.02,49.983410,49.971034,49.965478
5.03,49.983360,49.970991,49.965362
5.04,49.983310,49.970949,49.965246
5.05,49.983259,49.970906,49.965130
5.06,49.983208,49.970864,49.965016
5.07,49.983156,49.970823,49.964903
5.08,49.983103,49.970781,49.964790
5.09,49.983050,49.970740,49.964678
5.10,49.982997,49.970699,49.964568
5.11,49.982943,49.970658,49.964458
5.12,49.982889,49.970617,49.964349
5.13,49.982834,49.970577,49.964241
5.14,49.982779,49.970537,49.964134
5.15,49.982723,49.970497,49.964028
5.16,49.982666,49.970458,49.963922
5.17,49.982609,49.970419,49.963818
5.18,49.982552,49.970380,49.963715
5.19,49.982494,49.970341,49.963612
5.20,49.982435,49.970302,49.963511
5.21,49.982375,49.970264,49.963411
5.22,49.982316,49.970226,49.963311
5.23,49.982255,49.970188,49.963213
5.24,49.982194,49.970151,49.963115
5.25,49.982132,49.970114,49.963018
5.26,49.982070,49.970077,49.962923
5.27,49.982007,49.970040,49.962828
5.28,49.981943,49.970003,49.962735
5.29,49.981879,49.969967,49.962642
5.30,49.981814,49.969931,49.962550
5.31,49.981749,49.969895,49.962460
5.32,49.981682,49.969860,49.962370
5.33,49.981616,49.969825,49.962282
5.34,49.981548,49.969790,49.962194
5.35,49.981480,49.969755,49.962108
5.36,49.981411,49.969720,49.962022
5.37,49.981341,49.969686,49.961938
5.38,49.981271,49.969652,49.961855
5.39,49.981200,49.969618,49.961772
5.40,49.981128,49.969585,49.961691
5.41,49.981055,49.969552,49.961611
5.42,49.980982,49.969518,49.961531
5.43,49.980908,49.969486,49.961453
5.44,49.980834,49.969453,49.961376
5.45,49.980758,49.969421,49.961300
5.46,49.980682,49.969389,49.961225
5.47,49.980605,49.969357,49.961151
5.48,49.980527,49.969325,49.961079
5.49,49.980449,49.969294,49.961007
5.50,49.980370,49.969263,49.960936
5.51,49.980290,49.969232,49.960866
5.52,49.980209,49.969201,49.960798
5.53,49.980128,49.969171,49.960731
5.54,49.980046,49.969141,49.960664
5.55,49.979963,49.969111,49.960599
5.56,49.979879,49.969081,49.960535
5.57,49.979795,49.969052,49.960472
5.58,49.979709,49.969022,49.960410
5.59,49.979623,49.968993,49.960349
5.60,49.979537,49.968964,49.960289
5.61,49.979449,49.968936,49.960230
5.62,49.979361,49.968907,49.960173
5.63,49.979272,49.968879,49.960116
5.64,49.979182,49.968851,49.960061
5.65,49.979092,49.968823,49.960007
5.66,49.979001,49.968796,49.959953
5.67,49.978909,49.968769,49.959901
5.68,49.978817,49.968742,49.959850
5.69,49.978723,49.968715,49.959800
5.70,49.978630,49.968688,49.959752
5.71,49.978535,49.968661,49.959704
5.72,49.978440,49.968635,49.959657
5.73,49.978344,49.968609,49.959612
5.74,49.978247,49.968583,49.959568
5.75,49.978150,49.968557,49.959524
5.76,49.978052,49.968532,49.959482
5.77,49.977954,49.968506,49.959441
5.78,49.977855,49.968481,49.959401
5.79,49.977755,49.968456,49.959363
5.80,49.977655,49.968431,49.959325
5.81,49.977554,49.968407,49.959288
5.82,49.977453,49.968382,49.959253
5.83,49.977351,49.968358,49.959218
5.84,49.977249,49.968334,49.959185
5.85,49.977146,49.968310,49.959153
5.86,49.977042,49.968286,49.959122
5.87,49.976938,49.968263,49.959092
5.88,49.976834,49.968239,49.959063
5.89,49.976729,49.968216,49.959035
5.90,49.976624,49.968193,49.959009
5.91,49.976518,49.968170,49.958983
5.92,49.976412,49.968147,49.958958
5.93,49.976305,49.968124,49.958935
5.94,49.976198,49.968102,49.958913
5.95,49.976091,49.968079,49.958891
5.96,49.975983,49.968057,49.958871
5.97,49.975875,49.968035,49.958852
5.98,49.975767,49.968013,49.958834
5.99,49.975658,49.967991,49.958817
6.00,49.975549,49.967970,49.958801
6.01,49.975439,49.967948,49.958786
6.02,49.975329,49.967926,49.958773
6.03,49.975219,49.967905,49.958760
6.04,49.975109,49.967884,49.958748
6.05,49.974999,49.967863,49.958738
6.06,49.974888,49.967842,49.958728
6.07,49.974777,49.967821,49.958720
6.08,49.974666,49.967800,49.958712
6.09,49.974554,49.967779,49.958706
6.10,49.974443,49.967759,49.958700
6.11,49.974331,49.967738,49.958696
6.12,49.974219,49.967718,49.958693
6.13,49.974107,49.967697,49.958690
6.14,49.973995,49.967677,49.958689
6.15,49.973882,49.967657,49.958689
6.16,49.973770,49.967637,49.958689
6.17,49.973657,49.967617,49.958691
6.18,49.973545,49.967597,49.958694
6.19,49.973432,49.967577,49.958697
6.20,49.973319,49.967558,49.958702
6.21,49.973206,49.967538,49.958708
6.22,49.973093,49.967518,49.958714
6.23,49.972981,49.967499,49.958722
6.24,49.972868,49.967479,49.958730
6.25,49.972755,49.967460,49.958740
6.26,49.972642,49.967441,49.958750
6.27,49.972529,49.967421,49.958762
6.28,49.972416,49.967402,49.958774
6.29,49.972304,49.967383,49.958787
6.30,49.972191,49.967364,49.958801
6.31,49.972078,49.967345,49.958817
6.32,49.971966,49.967326,49.958833
6.33,49.971853,49.967307,49.958849
6.34,49.971741,49.967288,49.958867
6.35,49.971629,49.967269,49.958886
6.36,49.971517,49.967250,49.958905
6.37,49.971405,49.967231,49.958926
6.38,49.971293,49.967212,49.958947
6.39,49.971182,49.967193,49.958969
6.40,49.971070,49.967175,49.958993
6.41,49.970959,49.967156,49.959016
6.42,49.970848,49.967137,49.959041
6.43,49.970737,49.967119,49.959067
6.44,49.970626,49.967100,49.959093
6.45,49.970516,49.967081,49.959120
6.46,49.970406,49.967063,49.959148
6.47,49.970296,49.967044,49.959177
6.48,49.970186,49.967026,49.959207
6.49,49.970077,49.967007,49.959237
6.50,49.969968,49.966989,49.959268
6.51,49.969859,49.966970,49.959300
6.52,49.969750,49.966952,49.959333
6.53,49.969641,49.966933,49.959367
6.54,49.969533,49.966915,49.959401
6.55,49.969425,49.966896,49.959436
6.56,49.969318,49.966878,49.959471
6.57,49.969211,49.966859,49.959508
6.58,49.969104,49.966841,49.959545
6.59,49.968997,49.966822,49.959583
6.60,49.968890,49.966804,49.959621
6.61,49.968784,49.966786,49.959660
6.62,49.968679,49.966767,49.959700
6.63,49.968573,49.966749,49.959741
6.64,49.968468,49.966730,49.959782
6.65,49.968363,49.966712,49.959824
6.66,49.968258,49.966693,49.959867
6.67,49.968154,49.966675,49.959910
6.68,49.968050,49.966656,49.959953
6.69,49.967947,49.966638,49.959998
6.70,49.967843,49.966619,49.960043
6.71,49.967740,49.966601,49.960088
6.72,49.967638,49.966582,49.960135
6.73,49.967535,49.966564,49.960181
6.74,49.967433,49.966545,49.960229
6.75,49.967331,49.966527,49.960277
6.76,49.967230,49.966508,49.960325
6.77,49.967129,49.966490,49.960374
6.78,49.967028,49.966471,49.960424
6.79,49.966928,49.966452,49.960474
6.80,49.966828,49.966434,49.960524
6.81,49.966728,49.966415,49.960575
6.82,49.966628,49.966396,49.960627
6.83,49.966529,49.966378,49.960679
6.84,49.966431,49.966359,49.960731
6.85,49.966332,49.966340,49.960784
6.86,49.966234,49.966322,49.960838
6.87,49.966136,49.966303,49.960892
6.88,49.966039,49.966284,49.960946
6.89,49.965942,49.966265,49.961001
6.90,49.965845,49.966247,49.961056
6.91,49.965748,49.966228,49.961112
6.92,49.965652,49.966209,49.961168
6.93,49.965557,49.966190,49.961224
6.94,49.965461,49.966171,49.961281
6.95,49.965366,49.966152,49.961338
6.96,49.965271,49.966133,49.961396
6.97,49.965177,49.966114,49.961454
6.98,49.965083,49.966096,49.961512
6.99,49.964989,49.966077,49.961570
7.00,49.964896,49.966057,49.961629
7.01,49.964803,49.966038,49.961689
7.02,49.964710,49.966019,49.961748
7.03,49.964618,49.966000,49.961808
7.04,49.964526,49.965981,49.961868
7.05,49.964434,49.965962,49.961928
7.06,49.964343,49.965943,49.961989
7.07,49.964252,49.965924,49.962050
7.08,49.964162,49.965904,49.962111
7.09,49.964071,49.965885,49.962173
7.10,49.963982,49.965866,49.962234
7.11,49.963892,49.965847,49.962296
7.12,49.963803,49.965827,49.962358
7.13,49.963714,49.965808,49.962421
7.14,49.963626,49.965789,49.962483
7.15,49.963538,49.965769,49.962546
7.16,49.963450,49.965750,49.962609
7.17,49.963362,49.965730,49.962672
7.18,49.963275,49.965711,49.962735
7.19,49.963188,49.965691,49.962798
7.20,49.963102,49.965671,49.962862
7.21,49.963016,49.965652,49.962926
7.22,49.962930,49.965632,49.962989
7.23,49.962845,49.965612,49.963053
7.24,49.962759,49.965593,49.963117
7.25,49.962675,49.965573,49.963181
7.26,49.962590,49.965553,49.963245
7.27,49.962506,49.965533,49.963310
7.28,49.962422,49.965513,49.963374
7.29,49.962338,49.965493,49.963438
7.30,49.962255,49.965473,49.963503
7.31,49.962172,49.965453,49.963567
7.32,49.962090,49.965433,49.963632
7.33,49.962007,49.965413,49.963696
7.34,49.961925,49.965393,49.963761
7.35,49.961843,49.965373,49.963825
7.36,49.961762,49.965353,49.963890
7.37,49.961681,49.965332,49.963954
7.38,49.961600,49.965312,49.964019
7.39,49.961520,49.965292,49.964083
7.40,49.961439,49.965271,49.964148
7.41,49.961359,49.965251,49.964212
7.42,49.961280,49.965230,49.964277
7.43,49.961200,49.965209,49.964341
7.44,49.961121,49.965189,49.964405
7.45,49.961043,49.965168,49.964469
7.46,49.960964,49.965147,49.964533
7.47,49.960886,49.965127,49.964597
7.48,49.960808,49.965106,49.964661
7.49,49.960731,49.965085,49.964724
7.50,49.960654,49.965064,49.964788
7.51,49.960577,49.965043,49.964851
7.52,49.960500,49.965022,49.964915
7.53,49.960424,49.965001,49.964978
7.54,49.960348,49.964979,49.965041
7.55,49.960273,49.964958,49.965104
7.56,49.960198,49.964937,49.965166
7.57,49.960123,49.964915,49.965229
7.58,49.960048,49.964894,49.965291
7.59,49.959974,49.964872,49.965353
7.60,49.959901,49.964851,49.965415
7.61,49.959827,49.964829,49.965476
7.62,49.959754,49.964807,49.965538
7.63,49.959682,49.964786,49.965599
7.64,49.959610,49.964764,49.965660
7.65,49.959538,49.964742,49.965720
7.66,49.959467,49.964720,49.965781
7.67,49.959396,49.964698,49.965841
7.68,49.959325,49.964676,49.965901
7.69,49.959255,49.964653,49.965960
7.70,49.959186,49.964631,49.966019
7.71,49.959117,49.964609,49.966078
7.72,49.959048,49.964586,49.966137
7.73,49.958980,49.964564,49.966195
7.74,49.958912,49.964541,49.966253
7.75,49.958845,49.964518,49.966311
7.76,49.958779,49.964496,49.966368
7.77,49.958713,49.964473,49.966425
7.78,49.958647,49.964450,49.966482
7.79,49.958582,49.964427,49.966538
7.80,49.958517,49.964404,49.966594
7.81,49.958453,49.964381,49.966649
7.82,49.958389,49.964357,49.966704
7.83,49.958326,49.964334,49.966759
7.84,49.958264,49.964311,49.966813
7.85,49.958202,49.964287,49.966867
7.86,49.958141,49.964264,49.966920
7.87,49.958080,49.964240,49.966973
7.88,49.958020,49.964216,49.967026
7.89,49.957960,49.964193,49.967078
7.90,49.957901,49.964169,49.967130
7.91,49.957842,49.964145,49.967181
7.92,49.957784,49.964121,49.967232
7.93,49.957727,49.964096,49.967282
7.94,49.957670,49.964072,49.967332
7.95,49.957614,49.964048,49.967381
7.96,49.957559,49.964024,49.967430
7.97,49.957504,49.963999,49.967479
7.98,49.957449,49.963975,49.967526
7.99,49.957395,49.963950,49.967574
8.00,49.957342,49.963925,49.967620
8.01,49.957290,49.963900,49.967667
8.02,49.957238,49.963875,49.967712
8.03,49.957186,49.963850,49.967758
8.04,49.957136,49.963825,49.967802
8.05,49.957085,49.963800,49.967846
8.06,49.957036,49.963775,49.967890
8.07,49.956987,49.963750,49.967933
8.08,49.956939,49.963724,49.967975
8.09,49.956891,49.963699,49.968017
8.10,49.956844,49.963673,49.968058
8.11,49.956797,49.963648,49.968099
8.12,49.956752,49.963622,49.968139
8.13,49.956706,49.963596,49.968178
8.14,49.956662,49.963570,49.968217
8.15,49.956618,49.963544,49.968255
8.16,49.956574,49.963518,49.968293
8.17,49.956532,49.963492,49.968330
8.18,49.956489,49.963466,49.968366
8.19,49.956448,49.963440,49.968402
8.20,49.956407,49.963414,49.968437
8.21,49.956367,49.963387,49.968471
8.22,49.956327,49.963361,49.968505
8.23,49.956288,49.963334,49.968538
8.24,49.956249,49.963308,49.968571
8.25,49.956212,49.963281,49.968602
8.26,49.956174,49.963254,49.968634
8.27,49.956138,49.963227,49.968664
8.28,49.956102,49.963200,49.968694
8.29,49.956066,49.963173,49.968723
8.30,49.956031,49.963146,49.968751
8.31,49.955997,49.963119,49.968779
8.32,49.955963,49.963092,49.968806
8.33,49.955930,49.963065,49.968832
8.34,49.955898,49.963038,49.968857
8.35,49.955866,49.963010,49.968882
8.36,49.955835,49.962983,49.968906
8.37,49.955804,49.962955,49.968929
8.38,49.955774,49.962928,49.968952
8.39,49.955745,49.962900,49.968974
8.40,49.955716,49.962873,49.968995
8.41,49.955687,49.962845,49.969016
8.42,49.955660,49.962817,49.969035
8.43,49.955633,49.962789,49.969054
8.44,49.955606,49.962762,49.969072
8.45,49.955580,49.962734,49.969090
8.46,49.955554,49.962706,49.969106
8.47,49.955530,49.962678,49.969122
8.48,49.955505,49.962650,49.969137
8.49,49.955481,49.962622,49.969152
8.50,49.955458,49.962594,49.969165
8.51,49.955435,49.962565,49.969178
8.52,49.955413,49.962537,49.969190
8.53,49.955392,49.962509,49.969202
8.54,49.955371,49.962481,49.969212
8.55,49.955350,49.962452,49.969222
8.56,49.955330,49.962424,49.969231
8.57,49.955311,49.962396,49.969239
8.58,49.955292,49.962367,49.969246
8.59,49.955273,49.962339,49.969253
8.60,49.955255,49.962310,49.969259
8.61,49.955238,49.962282,49.969264
8.62,49.955221,49.962253,49.969268
8.63,49.955205,49.962225,49.969271
8.64,49.955189,49.962196,49.969274
8.65,49.955173,49.962168,49.969276
8.66,49.955158,49.962139,49.969277
8.67,49.955144,49.962111,49.969277
8.68,49.955130,49.962082,49.969276
8.69,49.955117,49.962053,49.969275
8.70,49.955104,49.962025,49.969273
8.71,49.955091,49.961996,49.969270
8.72,49.955079,49.961967,49.969266
8.73,49.955068,49.961939,49.969261
8.74,49.955056,49.961910,49.969256
8.75,49.955046,49.961881,49.969249
8.76,49.955036,49.961852,49.969242
8.77,49.955026,49.961824,49.969235
8.78,49.955017,49.961795,49.969226
8.79,49.955008,49.961766,49.969216
8.80,49.955000,49.961737,49.969206
8.81,49.954992,49.961709,49.969195
8.82,49.954984,49.961680,49.969183
8.83,49.954977,49.961651,49.969171
8.84,49.954971,49.961623,49.969157
8.85,49.954965,49.961594,49.969143
8.86,49.954959,49.961565,49.969128
8.87,49.954954,49.961536,49.969112
8.88,49.954949,49.961508,49.969095
8.89,49.954944,49.961479,49.969078
8.90,49.954940,49.961450,49.969059
8.91,49.954937,49.961422,49.969040
8.92,49.954933,49.961393,49.969020
8.93,49.954931,49.961364,49.969000
8.94,49.954928,49.961336,49.968978
8.95,49.954926,49.961307,49.968956
8.96,49.954925,49.961279,49.968933
8.97,49.954923,49.961250,49.968909
8.98,49.954923,49.961222,49.968885
8.99,49.954922,49.961193,49.968859
9.00,49.954922,49.961165,49.968833
9.01,49.954922,49.961136,49.968806
9.02,49.954923,49.961108,49.968778
9.03,49.954924,49.961079,49.968750
9.04,49.954925,49.961051,49.968721
9.05,49.954927,49.961023,49.968691
9.06,49.954929,49.960994,49.968660
9.07,49.954932,49.960966,49.968628
9.08,49.954934,49.960938,49.968596
9.09,49.954937,49.960909,49.968563
9.10,49.954941,49.960881,49.968529
9.11,49.954945,49.960853,49.968494
9.12,49.954949,49.960825,49.968459
9.13,49.954953,49.960797,49.968423
9.14,49.954958,49.960769,49.968386
9.15,49.954963,49.960741,49.968348
9.16,49.954968,49.960713,49.968310
9.17,49.954973,49.960685,49.968271
9.18,49.954979,49.960657,49.968231
9.19,49.954985,49.960629,49.968191
9.20,49.954991,49.960601,49.968150
9.21,49.954998,49.960573,49.968108
9.22,49.955005,49.960545,49.968065
9.23,49.955012,49.960518,49.968022
9.24,49.955019,49.960490,49.967978
9.25,49.955027,49.960462,49.967933
9.26,49.955035,49.960435,49.967887
9.27,49.955043,49.960407,49.967841
9.28,49.955051,49.960379,49.967794
9.29,49.955060,49.960352,49.967747
9.30,49.955068,49.960324,49.967699
9.31,49.955077,49.960297,49.967650
9.32,49.955086,49.960270,49.967600
9.33,49.955096,49.960242,49.967550
9.34,49.955105,49.960215,49.967499
9.35,49.955115,49.960188,49.967448
9.36,49.955125,49.960161,49.967395
9.37,49.955135,49.960133,49.967343
9.38,49.955146,49.960106,49.967289
9.39,49.955156,49.960079,49.967235
9.40,49.955167,49.960052,49.967180
9.41,49.955178,49.960025,49.967125
9.42,49.955189,49.959998,49.967069
9.43,49.955201,49.959971,49.967012
9.44,49.955212,49.959945,49.966955
9.45,49.955224,49.959918,49.966897
9.46,49.955236,49.959891,49.966839
9.47,49.955248,49.959864,49.966780
9.48,49.955260,49.959838,49.966720
9.49,49.955273,49.959811,49.966660
9.50,49.955285,49.959785,49.966599
9.51,49.955298,49.959758,49.966538
9.52,49.955311,49.959732,49.966476
9.53,49.955324,49.959705,49.966413
9.54,49.955338,49.959679,49.966350
9.55,49.955351,49.959653,49.966287
9.56,49.955365,49.959626,49.966223
9.57,49.955379,49.959600,49.966158
9.58,49.955393,49.959574,49.966093
9.59,49.955407,49.959548,49.966027
9.60,49.955422,49.959522,49.965961
9.61,49.955436,49.959496,49.965894
9.62,49.955451,49.959470,49.965827
9.63,49.955466,49.959444,49.965759
9.64,49.955481,49.959418,49.965691
9.65,49.955497,49.959392,49.965622
9.66,49.955512,49.959366,49.965553
9.67,49.955528,49.959341,49.965483
9.68,49.955544,49.959315,49.965413
9.69,49.955560,49.959289,49.965342
9.70,49.955576,49.959264,49.965271
9.71,49.955592,49.959238,49.965199
9.72,49.955609,49.959213,49.965127
9.73,49.955626,49.959187,49.965055
9.74,49.955643,49.959162,49.964982
9.75,49.955660,49.959137,49.964908
9.76,49.955677,49.959111,49.964835
9.77,49.955695,49.959086,49.964761
9.78,49.955712,49.959061,49.964686
9.79,49.955730,49.959036,49.964611
9.80,49.955748,49.959011,49.964536
9.81,49.955766,49.958986,49.964460
9.82,49.955784,49.958961,49.964384
9.83,49.955803,49.958936,49.964307
9.84,49.955821,49.958911,49.964230
9.85,49.955840,49.958886,49.964153
9.86,49.955859,49.958862,49.964075
9.87,49.955878,49.958837,49.963998
9.88,49.955897,49.958812,49.963919
9.89,49.955917,49.958788,49.963841
9.90,49.955936,49.958763,49.963762
9.91,49.955956,49.958739,49.963682
9.92,49.955976,49.958714,49.963603
9.93,49.955996,49.958690,49.963523
9.94,49.956016,49.958666,49.963443
9.95,49.956036,49.958641,49.963362
9.96,49.956056,49.958617,49.963282
9.97,49.956077,49.958593,49.963201
9.98,49.956098,49.958569,49.963119
9.99,49.956119,49.958545,49.963038
10.00,49.956140,49.958521,49.962956
10.01,49.956161,49.958497,49.962874
10.02,49.956182,49.958473,49.962792
10.03,49.956203,49.958449,49.962709
10.04,49.956225,49.958425,49.962626
10.05,49.956246,49.958402,49.962543
10.06,49.956268,49.958378,49.962460
10.07,49.956290,49.958354,49.962377
10.08,49.956312,49.958331,49.962293
10.09,49.956334,49.958307,49.962209
10.10,49.956356,49.958284,49.962125
10.11,49.956378,49.958261,49.962041
10.12,49.956401,49.958237,49.961957
10.13,49.956423,49.958214,49.961873
10.14,49.956446,49.958191,49.961788
10.15,49.956469,49.958168,49.961703
10.16,49.956491,49.958145,49.961618
10.17,49.956514,49.958122,49.961533
10.18,49.956537,49.958099,49.961448
10.19,49.956560,49.958076,49.961363
10.20,49.956583,49.958053,49.961277
10.21,49.956606,49.958030,49.961192
10.22,49.956630,49.958007,49.961106
10.23,49.956653,49.957985,49.961021
10.24,49.956676,49.957962,49.960935
10.25,49.956700,49.957940,49.960849
10.26,49.956723,49.957917,49.960763
10.27,49.956746,49.957895,49.960677
10.28,49.956770,49.957872,49.960591
10.29,49.956793,49.957850,49.960505
10.30,49.956817,49.957828,49.960419
10.31,49.956840,49.957806,49.960333
10.32,49.956864,49.957784,49.960247
10.33,49.956888,49.957762,49.960161
10.34,49.956911,49.957740,49.960074
10.35,49.956935,49.957718,49.959988
10.36,49.956958,49.957696,49.959902
10.37,49.956982,49.957674,49.959816
10.38,49.957005,49.957652,49.959730
10.39,49.957029,49.957631,49.959644
10.40,49.957052,49.957609,49.959558
10.41,49.957076,49.957588,49.959472
10.42,49.957099,49.957566,49.959386
10.43,49.957122,49.957545,49.959300
10.44,49.957145,49.957523,49.959214
10.45,49.957169,49.957502,49.959128
10.46,49.957192,49.957481,49.959043
10.47,49.957215,49.957460,49.958957
10.48,49.957238,49.957439,49.958871
10.49,49.957261,49.957418,49.958786
10.50,49.957284,49.957397,49.958701
10.51,49.957307,49.957376,49.958616
10.52,49.957329,49.957355,49.958531
10.53,49.957352,49.957335,49.958446
10.54,49.957375,49.957314,49.958361
10.55,49.957397,49.957294,49.958276
10.56,49.957419,49.957273,49.958192
10.57,49.957442,49.957253,49.958107
10.58,49.957464,49.957232,49.958023
10.59,49.957486,49.957212,49.957939
10.60,49.957508,49.957192,49.957855
10.61,49.957530,49.957172,49.957772
10.62,49.957552,49.957152,49.957688
10.63,49.957573,49.957132,49.957605
10.64,49.957595,49.957112,49.957522
10.65,49.957617,49.957092,49.957439
10.66,49.957638,49.957072,49.957356
10.67,49.957659,49.957052,49.957274
10.68,49.957681,49.957033,49.957192
10.69,49.957702,49.957013,49.957110
10.70,49.957723,49.956994,49.957028
10.71,49.957744,49.956974,49.956947
10.72,49.957765,49.956955,49.956866
10.73,49.957785,49.956936,49.956785
10.74,49.957806,49.956916,49.956704
10.75,49.957826,49.956897,49.956624
10.76,49.957847,49.956878,49.956544
10.77,49.957867,49.956859,49.956464
10.78,49.957887,49.956840,49.956384
10.79,49.957908,49.956821,49.956305
10.80,49.957928,49.956803,49.956226
10.81,49.957947,49.956784,49.956148
10.82,49.957967,49.956765,49.956069
10.83,49.957987,49.956747,49.955992
10.84,49.958007,49.956728,49.955914
10.85,49.958026,49.956710,49.955837
10.86,49.958045,49.956692,49.955760
10.87,49.958065,49.956673,49.955683
10.88,49.958084,49.956655,49.955607
10.89,49.958103,49.956637,49.955531
10.90,49.958122,49.956619,49.955456
10.91,49.958141,49.956601,49.955381
10.92,49.958159,49.956583,49.955306
10.93,49.958178,49.956566,49.955231
10.94,49.958196,49.956548,49.955157
10.95,49.958215,49.956530,49.955084
10.96,49.958233,49.956513,49.955011
10.97,49.958251,49.956495,49.954938
10.98,49.958269,49.956478,49.954866
10.99,49.958286,49.956460,49.954794
11.00,49.958304,49.956443,49.954722
11.01,49.958321,49.956426,49.954651
11.02,49.958339,49.956409,49.954580
11.03,49.958356,49.956392,49.954510
11.04,49.958373,49.956375,49.954440
11.05,49.958390,49.956358,49.954371
11.06,49.958406,49.956341,49.954302
11.07,49.958423,49.956324,49.954233
11.08,49.958439,49.956308,49.954165
11.09,49.958455,49.956291,49.954098
11.10,49.958471,49.956275,49.954031
11.11,49.958487,49.956258,49.953964
11.12,49.958503,49.956242,49.953898
11.13,49.958518,49.956225,49.953832
11.14,49.958533,49.956209,49.953767
11.15,49.958548,49.956193,49.953702
11.16,49.958563,49.956177,49.953638
11.17,49.958578,49.956161,49.953575
11.18,49.958592,49.956145,49.953511
11.19,49.958607,49.956129,49.953449
11.20,49.958621,49.956113,49.953386
11.21,49.958635,49.956098,49.953325
11.22,49.958648,49.956082,49.953264
11.23,49.958662,49.956067,49.953203
11.24,49.958675,49.956051,49.953143
11.25,49.958688,49.956036,49.953083
11.26,49.958701,49.956020,49.953024
11.27,49.958714,49.956005,49.952966
11.28,49.958726,49.955990,49.952908
11.29,49.958738,49.955975,49.952850
11.30,49.958750,49.955960,49.952793
11.31,49.958762,49.955945,49.952737
11.32,49.958774,49.955930,49.952681
11.33,49.958785,49.955915,49.952626
11.34,49.958796,49.955901,49.952571
11.35,49.958807,49.955886,49.952517
11.36,49.958818,49.955871,49.952463
11.37,49.958829,49.955857,49.952410
11.38,49.958839,49.955843,49.952358
11.39,49.958849,49.955828,49.952306
11.40,49.958859,49.955814,49.952254
11.41,49.958869,49.955800,49.952204
11.42,49.958878,49.955786,49.952153
11.43,49.958887,49.955772,49.952104
11.44,49.958896,49.955758,49.952055
11.45,49.958905,49.955744,49.952006
11.46,49.958914,49.955730,49.951958
11.47,49.958922,49.955716,49.951911
11.48,49.958931,49.955703,49.951864
11.49,49.958939,49.955689,49.951818
11.50,49.958946,49.955676,49.951773
11.51,49.958954,49.955662,49.951728
11.52,49.958961,49.955649,49.951684
11.53,49.958969,49.955636,49.951640
11.54,49.958975,49.955622,49.951597
11.55,49.958982,49.955609,49.951554
11.56,49.958989,49.955596,49.951512
11.57,49.958995,49.955583,49.951471
11.58,49.959001,49.955570,49.951430
11.59,49.959007,49.955558,49.951390
11.60,49.959013,49.955545,49.951350
11.61,49.959018,49.955532,49.951312
11.62,49.959024,49.955520,49.951273
11.63,49.959029,49.955507,49.951236
11.64,49.959034,49.955495,49.951198
11.65,49.959038,49.955482,49.951162
11.66,49.959043,49.955470,49.951126
11.67,49.959047,49.955458,49.951091
11.68,49.959051,49.955446,49.951056
11.69,49.959055,49.955434,49.951022
11.70,49.959059,49.955422,49.950989
11.71,49.959062,49.955410,49.950956
11.72,49.959066,49.955399,49.950924
11.73,49.959069,49.955387,49.950892
11.74,49.959072,49.955375,49.950861
11.75,49.959075,49.955364,49.950831
11.76,49.959077,49.955352,49.950801
11.77,49.959079,49.955341,49.950772
11.78,49.959082,49.955330,49.950744
11.79,49.959084,49.955319,49.950716
11.80,49.959085,49.955308,49.950688
11.81,49.959087,49.955297,49.950662
11.82,49.959088,49.955286,49.950636
11.83,49.959090,49.955275,49.950610
11.84,49.959091,49.955264,49.950586
11.85,49.959091,49.955253,49.950561
11.86,49.959092,49.955243,49.950538
11.87,49.959093,49.955232,49.950515
11.88,49.959093,49.955222,49.950492
11.89,49.959093,49.955212,49.950471
11.90,49.959093,49.955202,49.950450
11.91,49.959093,49.955191,49.950429
11.92,49.959093,49.955181,49.950409
11.93,49.959092,49.955171,49.950390
11.94,49.959091,49.955162,49.950371
11.95,49.959090,49.955152,49.950353
11.96,49.959089,49.955142,49.950336
11.97,49.959088,49.955133,49.950319
11.98,49.959086,49.955123,49.950303
11.99,49.959085,49.955114,49.950287
12.00,49.959083,49.955104,49.950272
12.01,49.959081,49.955095,49.950258
12.02,49.959079,49.955086,49.950244
12.03,49.959076,49.955077,49.950231
12.04,49.959074,49.955068,49.950218
12.05,49.959071,49.955059,49.950206
12.06,49.959068,49.955050,49.950195
12.07,49.959065,49.955042,49.950184
12.08,49.959062,49.955033,49.950174
12.09,49.959058,49.955025,49.950164
12.10,49.959055,49.955016,49.950155
12.11,49.959051,49.955008,49.950146
12.12,49.959047,49.955000,49.950139
12.13,49.959042,49.954992,49.950131
12.14,49.959038,49.954984,49.950125
12.15,49.959033,49.954976,49.950118
12.16,49.959028,49.954968,49.950113
12.17,49.959023,49.954960,49.950108
12.18,49.959018,49.954953,49.950103
12.19,49.959013,49.954945,49.950100
12.20,49.959007,49.954938,49.950096
12.21,49.959001,49.954930,49.950094
12.22,49.958995,49.954923,49.950092
12.23,49.958989,49.954916,49.950090
12.24,49.958982,49.954909,49.950089
12.25,49.958975,49.954902,49.950089
12.26,49.958969,49.954895,49.950089
12.27,49.958961,49.954889,49.950090
12.28,49.958954,49.954882,49.950091
12.29,49.958946,49.954875,49.950093
12.30,49.958939,49.954869,49.950095
12.31,49.958930,49.954863,49.950098
12.32,49.958922,49.954857,49.950101
12.33,49.958914,49.954850,49.950105
12.34,49.958905,49.954844,49.950110
12.35,49.958896,49.954838,49.950115
12.36,49.958887,49.954833,49.950120
12.37,49.958878,49.954827,49.950127
12.38,49.958868,49.954821,49.950133
12.39,49.958858,49.954816,49.950140
12.40,49.958848,49.954810,49.950148
12.41,49.958838,49.954805,49.950156
12.42,49.958828,49.954800,49.950165
12.43,49.958817,49.954795,49.950174
12.44,49.958806,49.954790,49.950184
12.45,49.958795,49.954785,49.950194
12.46,49.958784,49.954780,49.950205
12.47,49.958772,49.954776,49.950216
12.48,49.958761,49.954771,49.950228
12.49,49.958749,49.954767,49.950240
12.50,49.958737,49.954762,49.950253
12.51,49.958725,49.954758,49.950266
12.52,49.958712,49.954754,49.950280
12.53,49.958699,49.954750,49.950294
12.54,49.958687,49.954746,49.950309
12.55,49.958673,49.954742,49.950324
12.56,49.958660,49.954738,49.950340
12.57,49.958647,49.954735,49.950356
12.58,49.958633,49.954731,49.950373
12.59,49.958619,49.954728,49.950390
12.60,49.958605,49.954724,49.950407
12.61,49.958591,49.954721,49.950425
12.62,49.958577,49.954718,49.950443
12.63,49.958562,49.954715,49.950462
12.64,49.958548,49.954712,49.950482
12.65,49.958533,49.954709,49.950501
12.66,49.958518,49.954707,49.950522
12.67,49.958503,49.954704,49.950542
12.68,49.958487,49.954702,49.950563
12.69,49.958472,49.954699,49.950585
12.70,49.958456,49.954697,49.950607
12.71,49.958440,49.954695,49.950629
12.72,49.958424,49.954693,49.950652
12.73,49.958408,49.954691,49.950675
12.74,49.958392,49.954689,49.950698
12.75,49.958375,49.954687,49.950722
12.76,49.958358,49.954686,49.950747
12.77,49.958342,49.954684,49.950771
12.78,49.958325,49.954683,49.950796
12.79,49.958308,49.954681,49.950822
12.80,49.958290,49.954680,49.950848
12.81,49.958273,49.954679,49.950874
12.82,49.958255,49.954678,49.950901
12.83,49.958238,49.954677,49.950928
12.84,49.958220,49.954676,49.950955
12.85,49.958202,49.954676,49.950983
12.86,49.958184,49.954675,49.951011
12.87,49.958166,49.954675,49.951040
12.88,49.958148,49.954674,49.951068
12.89,49.958129,49.954674,49.951098
12.90,49.958111,49.954674,49.951127
12.91,49.958092,49.954674,49.951157
12.92,49.958073,49.954674,49.951187
12.93,49.958054,49.954674,49.951218
12.94,49.958035,49.954674,49.951249
12.95,49.958016,49.954674,49.951280
12.96,49.957997,49.954675,49.951311
12.97,49.957977,49.954675,49.951343
12.98,49.957958,49.954676,49.951375
12.99,49.957938,49.954676,49.951408
13.00,49.957919,49.954677,49.951440
13.01,49.957899,49.954678,49.951473
13.02,49.957879,49.954679,49.951507
13.03,49.957859,49.954680,49.951540
13.04,49.957839,49.954681,49.951574
13.05,49.957819,49.954683,49.951608
13.06,49.957798,49.954684,49.951643
13.07,49.957778,49.954686,49.951677
13.08,49.957758,49.954687,49.951712
13.09,49.957737,49.954689,49.951748
13.10,49.957717,49.954691,49.951783
13.11,49.957696,49.954692,49.951819
13.12,49.957675,49.954694,49.951855
13.13,49.957654,49.954696,49.951891
13.14,49.957633,49.954699,49.951928
13.15,49.957612,49.954701,49.951964
13.16,49.957591,49.954703,49.952001
13.17,49.957570,49.954706,49.952038
13.18,49.957549,49.954708,49.952076
13.19,49.957527,49.954711,49.952113
13.20,49.957506,49.954713,49.952151
13.21,49.957485,49.954716,49.952189
13.22,49.957463,49.954719,49.952228
13.23,49.957441,49.954722,49.952266
13.24,49.957420,49.954725,49.952305
13.25,49.957398,49.954728,49.952343
13.26,49.957376,49.954731,49.952383
13.27,49.957354,49.954735,49.952422
13.28,49.957332,49.954738,49.952461
13.29,49.957310,49.954742,49.952501
13.30,49.957288,49.954745,49.952540
13.31,49.957266,49.954749,49.952580
13.32,49.957244,49.954753,49.952620
13.33,49.957222,49.954756,49.952661
13.34,49.957200,49.954760,49.952701
13.35,49.957177,49.954764,49.952741
13.36,49.957155,49.954768,49.952782
13.37,49.957132,49.954773,49.952823
13.38,49.957110,49.954777,49.952864
13.39,49.957087,49.954781,49.952905
13.40,49.957064,49.954786,49.952946
13.41,49.957042,49.954790,49.952987
13.42,49.957019,49.954795,49.953029
13.43,49.956996,49.954799,49.953070
13.44,49.956973,49.954804,49.953112
13.45,49.956951,49.954809,49.953154
13.46,49.956928,49.954814,49.953196
13.47,49.956905,49.954819,49.953238
13.48,49.956882,49.954824,49.953280
13.49,49.956859,49.954829,49.953322
13.50,49.956836,49.954834,49.953364
13.51,49.956813,49.954840,49.953406
13.52,49.956790,49.954845,49.953449
13.53,49.956766,49.954850,49.953491
13.54,49.956743,49.954856,49.953534
13.55,49.956720,49.954862,49.953576
13.56,49.956697,49.954867,49.953619
13.57,49.956674,49.954873,49.953662
13.58,49.956651,49.954879,49.953705
13.59,49.956628,49.954885,49.953747
13.60,49.956605,49.954891,49.953790
13.61,49.956581,49.954897,49.953833
13.62,49.956558,49.954903,49.953876
13.63,49.956535,49.954909,49.953919
13.64,49.956512,49.954915,49.953962
13.65,49.956489,49.954922,49.954005
13.66,49.956466,49.954928,49.954048
13.67,49.956443,49.954935,49.954091
13.68,49.956420,49.954941,49.954134
13.69,49.956397,49.954948,49.954177
13.70,49.956374,49.954955,49.954220
13.71,49.956352,49.954961,49.954263
13.72,49.956329,49.954968,49.954306
13.73,49.956306,49.954975,49.954349
13.74,49.956284,49.954982,49.954392
13.75,49.956261,49.954989,49.954435
13.76,49.956238,49.954996,49.954478
13.77,49.956216,49.955003,49.954521
13.78,49.956194,49.955011,49.954564
13.79,49.956171,49.955018,49.954607
13.80,49.956149,49.955025,49.954650
13.81,49.956127,49.955033,49.954693
13.82,49.956105,49.955040,49.954736
13.83,49.956083,49.955048,49.954778
13.84,49.956061,49.955055,49.954821
13.85,49.956039,49.955063,49.954864
13.86,49.956017,49.955071,49.954906
13.87,49.955995,49.955079,49.954949
13.88,49.955974,49.955086,49.954991
13.89,49.955952,49.955094,49.955034
13.90,49.955931,49.955102,49.955076
13.91,49.955909,49.955110,49.955118
13.92,49.955888,49.955118,49.955161
13.93,49.955867,49.955127,49.955203
13.94,49.955846,49.955135,49.955245
13.95,49.955825,49.955143,49.955287
13.96,49.955804,49.955151,49.955328
13.97,49.955783,49.955160,49.955370
13.98,49.955762,49.955168,49.955412
13.99,49.955742,49.955177,49.955453
14.00,49.955721,49.955185,49.955495
14.01,49.955701,49.955194,49.955536
14.02,49.955680,49.955202,49.955578
14.03,49.955660,49.955211,49.955619
14.04,49.955640,49.955220,49.955660
14.05,49.955620,49.955229,49.955701
14.06,49.955600,49.955238,49.955741
14.07,49.955580,49.955247,49.955782
14.08,49.955560,49.955255,49.955823
14.09,49.955541,49.955265,49.955863
14.10,49.955521,49.955274,49.955903
14.11,49.955501,49.955283,49.955943
14.12,49.955482,49.955292,49.955983
14.13,49.955463,49.955301,49.956023
14.14,49.955444,49.955310,49.956063
14.15,49.955424,49.955320,49.956103
14.16,49.955405,49.955329,49.956142
14.17,49.955386,49.955338,49.956181
14.18,49.955368,49.955348,49.956220
14.19,49.955349,49.955357,49.956259
14.20,49.955330,49.955367,49.956298
14.21,49.955312,49.955376,49.956337
14.22,49.955293,49.955386,49.956375
14.23,49.955275,49.955396,49.956414
14.24,49.955257,49.955405,49.956452
14.25,49.955239,49.955415,49.956490
14.26,49.955221,49.955425,49.956528
14.27,49.955203,49.955435,49.956565
14.28,49.955185,49.955445,49.956603
14.29,49.955168,49.955455,49.956640
14.30,49.955150,49.955465,49.956677
14.31,49.955133,49.955475,49.956714
14.32,49.955115,49.955485,49.956751
14.33,49.955098,49.955495,49.956787
14.34,49.955081,49.955505,49.956824
14.35,49.955064,49.955515,49.956860
14.36,49.955047,49.955525,49.956896
14.37,49.955031,49.955535,49.956931
14.38,49.955014,49.955546,49.956967
14.39,49.954998,49.955556,49.957002
14.40,49.954981,49.955566,49.957037
14.41,49.954965,49.955577,49.957072
14.42,49.954949,49.955587,49.957107
14.43,49.954933,49.955598,49.957142
14.44,49.954918,49.955608,49.957176
14.45,49.954902,49.955618,49.957210
14.46,49.954886,49.955629,49.957244
14.47,49.954871,49.955640,49.957277
14.48,49.954856,49.955650,49.957311
14.49,49.954841,49.955661,49.957344
14.50,49.954826,49.955671,49.957377
14.51,49.954811,49.955682,49.957410
14.52,49.954796,49.955693,49.957442
14.53,49.954782,49.955703,49.957475
14.54,49.954768,49.955714,49.957507
14.55,49.954753,49.955725,49.957539
14.56,49.954739,49.955736,49.957570
14.57,49.954726,49.955747,49.957602
14.58,49.954712,49.955758,49.957633
14.59,49.954698,49.955768,49.957664
14.60,49.954685,49.955779,49.957694
14.61,49.954672,49.955790,49.957725
14.62,49.954659,49.955801,49.957755
14.63,49.954646,49.955812,49.957785
14.64,49.954633,49.955823,49.957815
14.65,49.954621,49.955834,49.957844
14.66,49.954608,49.955845,49.957874
14.67,49.954596,49.955856,49.957902
14.68,49.954584,49.955867,49.957931
14.69,49.954572,49.955879,49.957960
14.70,49.954561,49.955890,49.957988
14.71,49.954549,49.955901,49.958016
14.72,49.954538,49.955912,49.958044
14.73,49.954527,49.955923,49.958071
14.74,49.954516,49.955934,49.958098
14.75,49.954505,49.955945,49.958125
14.76,49.954495,49.955957,49.958152
14.77,49.954484,49.955968,49.958179
14.78,49.954474,49.955979,49.958205
14.79,49.954464,49.955990,49.958231
14.80,49.954454,49.956002,49.958256
14.81,49.954445,49.956013,49.958282
14.82,49.954435,49.956024,49.958307
14.83,49.954426,49.956036,49.958332
14.84,49.954417,49.956047,49.958357
14.85,49.954408,49.956058,49.958381
14.86,49.954400,49.956070,49.958405
14.87,49.954391,49.956081,49.958429
14.88,49.954383,49.956092,49.958453
14.89,49.954375,49.956104,49.958476
14.90,49.954368,49.956115,49.958499
14.91,49.954360,49.956127,49.958522
14.92,49.954353,49.956138,49.958544
14.93,49.954345,49.956149,49.958567
14.94,49.954339,49.956161,49.958589
14.95,49.954332,49.956172,49.958610
14.96,49.954325,49.956184,49.958632
14.97,49.954319,49.956195,49.958653
14.98,49.954313,49.956207,49.958674
14.99,49.954307,49.956218,49.958695
15.00,49.954301,49.956229,49.958715
15.01,49.954296,49.956241,49.958735
15.02,49.954290,49.956252,49.958755
15.03,49.954285,49.956264,49.958775
15.04,49.954280,49.956275,49.958794
15.05,49.954276,49.956287,49.958813
15.06,49.954271,49.956298,49.958832
15.07,49.954267,49.956310,49.958850
15.08,49.954263,49.956321,49.958869
15.09,49.954259,49.956333,49.958887
15.10,49.954255,49.956344,49.958904
15.11,49.954252,49.956356,49.958922
15.12,49.954249,49.956367,49.958939
15.13,49.954245,49.956379,49.958956
15.14,49.954243,49.956390,49.958973
15.15,49.954240,49.956401,49.958989
15.16,49.954237,49.956413,49.959005
15.17,49.954235,49.956424,49.959021
15.18,49.954233,49.956436,49.959037
15.19,49.954231,49.956447,49.959052
15.20,49.954229,49.956459,49.959067
15.21,49.954228,49.956470,49.959082
15.22,49.954227,49.956482,49.959096
15.23,49.954225,49.956493,49.959111
15.24,49.954225,49.956505,49.959125
15.25,49.954224,49.956516,49.959138
15.26,49.954223,49.956527,49.959152
15.27,49.954223,49.956539,49.959165
15.28,49.954223,49.956550,49.959178
15.29,49.954223,49.956562,49.959191
15.30,49.954223,49.956573,49.959203
15.31,49.954224,49.956584,49.959215
15.32,49.954224,49.956596,49.959227
15.33,49.954225,49.956607,49.959239
15.34,49.954226,49.956618,49.959250
15.35,49.954227,49.956630,49.959261
15.36,49.954229,49.956641,49.959272
15.37,49.954230,49.956652,49.959283
15.38,49.954232,49.956664,49.959293
15.39,49.954234,49.956675,49.959303
15.40,49.954236,49.956686,49.959313
15.41,49.954239,49.956698,49.959323
15.42,49.954241,49.956709,49.959332
15.43,49.954244,49.956720,49.959341
15.44,49.954247,49.956731,49.959350
15.45,49.954250,49.956743,49.959359
15.46,49.954254,49.956754,49.959367
15.47,49.954257,49.956765,49.959375
15.48,49.954261,49.956776,49.959383
15.49,49.954265,49.956787,49.959390
15.50,49.954269,49.956799,49.959398
15.51,49.954274,49.956810,49.959405
15.52,49.954278,49.956821,49.959412
15.53,49.954283,49.956832,49.959419
15.54,49.954288,49.956843,49.959425
15.55,49.954293,49.956854,49.959431
15.56,49.954299,49.956865,49.959437
15.57,49.954304,49.956876,49.959443
15.58,49.954310,49.956887,49.959448
15.59,49.954316,49.956899,49.959454
15.60,49.954323,49.956910,49.959459
15.61,49.954329,49.956921,49.959463
15.62,49.954336,49.956932,49.959468
15.63,49.954342,49.956942,49.959472
15.64,49.954350,49.956953,49.959476
15.65,49.954357,49.956964,49.959480
15.66,49.954364,49.956975,49.959484
15.67,49.954372,49.956986,49.959487
15.68,49.954380,49.956997,49.959490
15.69,49.954388,49.957008,49.959493
15.70,49.954396,49.957019,49.959496
15.71,49.954405,49.957030,49.959499
15.72,49.954413,49.957040,49.959501
15.73,49.954422,49.957051,49.959503
15.74,49.954431,49.957062,49.959505
15.75,49.954440,49.957073,49.959507
15.76,49.954450,49.957084,49.959508
15.77,49.954460,49.957094,49.959510
15.78,49.954469,49.957105,49.959511
15.79,49.954480,49.957116,49.959512
15.80,49.954490,49.957126,49.959512
15.81,49.954500,49.957137,49.959513
15.82,49.954511,49.957148,49.959513
15.83,49.954522,49.957158,49.959513
15.84,49.954533,49.957169,49.959513
15.85,49.954544,49.957179,49.959513
15.86,49.954555,49.957190,49.959512
15.87,49.954567,49.957200,49.959512
15.88,49.954579,49.957211,49.959511
15.89,49.954591,49.957221,49.959510
15.90,49.954603,49.957232,49.959509
15.91,49.954615,49.957242,49.959507
15.92,49.954627,49.957253,49.959506
15.93,49.954640,49.957263,49.959504
15.94,49.954653,49.957273,49.959502
15.95,49.954666,49.957284,49.959500
15.96,49.954679,49.957294,49.959498
15.97,49.954693,49.957304,49.959495
15.98,49.954706,49.957315,49.959492
15.99,49.954720,49.957325,49.959490
16.00,49.954734,49.957335,49.959487
16.01,49.954748,49.957345,49.959484
16.02,49.954762,49.957356,49.959480
16.03,49.954777,49.957366,49.959477
16.04,49.954792,49.957376,49.959473
16.05,49.954806,49.957386,49.959470
16.06,49.954821,49.957396,49.959466
16.07,49.954836,49.957406,49.959462
16.08,49.954852,49.957416,49.959457
16.09,49.954867,49.957426,49.959453
16.10,49.954883,49.957436,49.959448
16.11,49.954899,49.957446,49.959444
16.12,49.954915,49.957456,49.959439
16.13,49.954931,49.957466,49.959434
16.14,49.954947,49.957476,49.959429
16.15,49.954964,49.957486,49.959424
16.16,49.954980,49.957496,49.959418
16.17,49.954997,49.957506,49.959413
16.18,49.955014,49.957516,49.959407
16.19,49.955031,49.957525,49.959402
16.20,49.955048,49.957535,49.959396
16.21,49.955065,49.957545,49.959390
16.22,49.955083,49.957555,49.959384
16.23,49.955101,49.957564,49.959377
16.24,49.955118,49.957574,49.959371
16.25,49.955136,49.957584,49.959365
16.26,49.955154,49.957593,49.959358
16.27,49.955173,49.957603,49.959351
16.28,49.955191,49.957613,49.959344
16.29,49.955209,49.957622,49.959338
16.30,49.955228,49.957632,49.959331
16.31,49.955247,49.957641,49.959323
16.32,49.955266,49.957651,49.959316
16.33,49.955284,49.957660,49.959309
16.34,49.955304,49.957670,49.959301
16.35,49.955323,49.957679,49.959294
16.36,49.955342,49.957689,49.959286
16.37,49.955362,49.957698,49.959279
16.38,49.955381,49.957707,49.959271
16.39,49.955401,49.957717,49.959263
16.40,49.955421,49.957726,49.959255
16.41,49.955441,49.957735,49.959247
16.42,49.955461,49.957744,49.959239
16.43,49.955481,49.957754,49.959231
16.44,49.955501,49.957763,49.959222
16.45,49.955522,49.957772,49.959214
16.46,49.955542,49.957781,49.959206
16.47,49.955563,49.957790,49.959197
16.48,49.955583,49.957799,49.959189
16.49,49.955604,49.957808,49.959180
16.50,49.955625,49.957817,49.959171
16.51,49.955646,49.957827,49.959162
16.52,49.955667,49.957836,49.959154
16.53,49.955689,49.957845,49.959145
16.54,49.955710,49.957853,49.959136
16.55,49.955732,49.957862,49.959127
16.56,49.955753,49.957871,49.959118
16.57,49.955775,49.957880,49.959109
16.58,49.955797,49.957889,49.959099
16.59,49.955819,49.957898,49.959090
16.60,49.955841,49.957907,49.959081
16.61,49.955863,49.957916,49.959072
16.62,49.955885,49.957924,49.959062
16.63,49.955907,49.957933,49.959053
16.64,49.955930,49.957942,49.959044
16.65,49.955952,49.957950,49.959034
16.66,49.955975,49.957959,49.959025
16.67,49.955998,49.957968,49.959015
16.68,49.956021,49.957976,49.959006
16.69,49.956044,49.957985,49.958996
16.70,49.956067,49.957994,49.958987
16.71,49.956090,49.958002,49.958977
16.72,49.956113,49.958011,49.958967
16.73,49.956137,49.958019,49.958958
16.74,49.956160,49.958028,49.958948
16.75,49.956184,49.958036,49.958938
16.76,49.956207,49.958045,49.958929
16.77,49.956231,49.958053,49.958919
16.78,49.956255,49.958062,49.958909
16.79,49.956279,49.958070,49.958900
16.80,49.956303,49.958078,49.958890
16.81,49.956327,49.958087,49.958880
16.82,49.956352,49.958095,49.958870
16.83,49.956376,49.958103,49.958861
16.84,49.956400,49.958112,49.958851
16.85,49.956425,49.958120,49.958841
16.86,49.956449,49.958128,49.958831
16.87,49.956474,49.958136,49.958822
16.88,49.956499,49.958144,49.958812
16.89,49.956524,49.958153,49.958802
16.90,49.956549,49.958161,49.958793
16.91,49.956574,49.958169,49.958783
16.92,49.956599,49.958177,49.958773
16.93,49.956624,49.958185,49.958764
16.94,49.956649,49.958193,49.958754
16.95,49.956674,49.958201,49.958744
16.96,49.956700,49.958209,49.958735
16.97,49.956725,49.958217,49.958725
16.98,49.956750,49.958225,49.958716
16.99,49.956776,49.958233,49.958706
17.00,49.956801,49.958241,49.958697
17.01,49.956827,49.958249,49.958687
17.02,49.956853,49.958257,49.958678
17.03,49.956878,49.958265,49.958668
17.04,49.956904,49.958273,49.958659
17.05,49.956930,49.958281,49.958650
17.06,49.956956,49.958289,49.958641
17.07,49.956982,49.958296,49.958631
17.08,49.957008,49.958304,49.958622
17.09,49.957034,49.958312,49.958613
17.10,49.957060,49.958320,49.958604
17.11,49.957086,49.958328,49.958595
17.12,49.957112,49.958335,49.958586
17.13,49.957138,49.958343,49.958577
17.14,49.957164,49.958351,49.958568
17.15,49.957190,49.958359,49.958559
17.16,49.957217,49.958366,49.958550
17.17,49.957243,49.958374,49.958542
17.18,49.957269,49.958382,49.958533
17.19,49.957295,49.958389,49.958524
17.20,49.957322,49.958397,49.958516
17.21,49.957348,49.958404,49.958507
17.22,49.957374,49.958412,49.958499
17.23,49.957401,49.958420,49.958491
17.24,49.957427,49.958427,49.958482
17.25,49.957453,49.958435,49.958474
17.26,49.957480,49.958442,49.958466
17.27,49.957506,49.958450,49.958458
17.28,49.957533,49.958457,49.958450
17.29,49.957559,49.958465,49.958442
17.30,49.957585,49.958472,49.958434
17.31,49.957612,49.958480,49.958426
17.32,49.957638,49.958487,49.958419
17.33,49.957665,49.958495,49.958411
17.34,49.957691,49.958502,49.958403
17.35,49.957718,49.958510,49.958396
17.36,49.957744,49.958517,49.958388
17.37,49.957771,49.958525,49.958381
17.38,49.957797,49.958532,49.958374
17.39,49.957824,49.958540,49.958367
17.40,49.957850,49.958547,49.958360
17.41,49.957877,49.958554,49.958353
17.42,49.957903,49.958562,49.958346
17.43,49.957930,49.958569,49.958339
17.44,49.957956,49.958577,49.958332
17.45,49.957982,49.958584,49.958326
17.46,49.958009,49.958591,49.958319
17.47,49.958035,49.958599,49.958313
17.48,49.958062,49.958606,49.958307
17.49,49.958088,49.958613,49.958300
17.50,49.958114,49.958621,49.958294
17.51,49.958141,49.958628,49.958288
17.52,49.958167,49.958635,49.958282
17.53,49.958194,49.958643,49.958276
17.54,49.958220,49.958650,49.958271
17.55,49.958246,49.958657,49.958265
17.56,49.958273,49.958665,49.958260
17.57,49.958299,49.958672,49.958254
17.58,49.958325,49.958679,49.958249
17.59,49.958351,49.958686,49.958244
17.60,49.958378,49.958694,49.958239
17.61,49.958404,49.958701,49.958234
17.62,49.958430,49.958708,49.958229
17.63,49.958456,49.958716,49.958224
17.64,49.958482,49.958723,49.958219
17.65,49.958508,49.958730,49.958215
17.66,49.958535,49.958738,49.958210
17.67,49.958561,49.958745,49.958206
17.68,49.958587,49.958752,49.958202
17.69,49.958613,49.958759,49.958198
17.70,49.958639,49.958767,49.958194
17.71,49.958665,49.958774,49.958190
17.72,49.958691,49.958781,49.958186
17.73,49.958717,49.958789,49.958183
17.74,49.958742,49.958796,49.958179
17.75,49.958768,49.958803,49.958176
17.76,49.958794,49.958811,49.958173
17.77,49.958820,49.958818,49.958170
17.78,49.958846,49.958825,49.958167
17.79,49.958871,49.958832,49.958164
17.80,49.958897,49.958840,49.958161
17.81,49.958923,49.958847,49.958158
17.82,49.958948,49.958854,49.958156
17.83,49.958974,49.958862,49.958153
17.84,49.958999,49.958869,49.958151
17.85,49.959025,49.958877,49.958149
17.86,49.959050,49.958884,49.958147
17.87,49.959076,49.958891,49.958145
17.88,49.959101,49.958899,49.958143
17.89,49.959126,49.958906,49.958142
17.90,49.959152,49.958913,49.958140
17.91,49.959177,49.958921,49.958139
17.92,49.959202,49.958928,49.958138
17.93,49.959227,49.958936,49.958137
17.94,49.959252,49.958943,49.958136
17.95,49.959277,49.958950,49.958135
17.96,49.959302,49.958958,49.958134
17.97,49.959327,49.958965,49.958133
17.98,49.959352,49.958973,49.958133
17.99,49.959377,49.958980,49.958133
18.00,49.959401,49.958988,49.958132
18.01,49.959426,49.958995,49.958132
18.02,49.959451,49.959003,49.958132
18.03,49.959475,49.959010,49.958133
18.04,49.959499,49.959018,49.958133
18.05,49.959524,49.959025,49.958133
18.06,49.959548,49.959033,49.958134
18.07,49.959572,49.959040,49.958135
18.08,49.959596,49.959048,49.958136
18.09,49.959620,49.959056,49.958137
18.10,49.959644,49.959063,49.958138
18.11,49.959668,49.959071,49.958139
18.12,49.959692,49.959079,49.958141
18.13,49.959716,49.959086,49.958142
18.14,49.959740,49.959094,49.958144
18.15,49.959763,49.959102,49.958146
18.16,49.959787,49.959109,49.958148
18.17,49.959810,49.959117,49.958150
18.18,49.959833,49.959125,49.958152
18.19,49.959857,49.959132,49.958154
18.20,49.959880,49.959140,49.958157
18.21,49.959903,49.959148,49.958159
18.22,49.959926,49.959156,49.958162
18.23,49.959949,49.959164,49.958165
18.24,49.959971,49.959172,49.958168
18.25,49.959994,49.959179,49.958171
18.26,49.960017,49.959187,49.958175
18.27,49.960039,49.959195,49.958178
18.28,49.960061,49.959203,49.958182
18.29,49.960084,49.959211,49.958185
18.30,49.960106,49.959219,49.958189
18.31,49.960128,49.959227,49.958193
18.32,49.960150,49.959235,49.958197
18.33,49.960172,49.959243,49.958202
18.34,49.960194,49.959251,49.958206
18.35,49.960216,49.959259,49.958211
18.36,49.960237,49.959267,49.958215
18.37,49.960259,49.959275,49.958220
18.38,49.960280,49.959283,49.958225
18.39,49.960302,49.959292,49.958230
18.40,49.960323,49.959300,49.958235
18.41,49.960344,49.959308,49.958241
18.42,49.960365,49.959316,49.958246
18.43,49.960386,49.959325,49.958252
18.44,49.960407,49.959333,49.958258
18.45,49.960428,49.959341,49.958263
18.46,49.960448,49.959349,49.958269
18.47,49.960469,49.959358,49.958276
18.48,49.960489,49.959366,49.958282
18.49,49.960510,49.959375,49.958288
18.50,49.960530,49.959383,49.958295
18.51,49.960550,49.959391,49.958302
18.52,49.960571,49.959400,49.958308
18.53,49.960591,49.959408,49.958315
18.54,49.960611,49.959417,49.958322
18.55,49.960630,49.959426,49.958330
18.56,49.960650,49.959434,49.958337
18.57,49.960670,49.959443,49.958344
18.58,49.960689,49.959451,49.958352
18.59,49.960709,49.959460,49.958360
18.60,49.960728,49.959469,49.958368
18.61,49.960747,49.959478,49.958376
18.62,49.960767,49.959486,49.958384
18.63,49.960786,49.959495,49.958392
18.64,49.960805,49.959504,49.958400
18.65,49.960824,49.959513,49.958409
18.66,49.960842,49.959522,49.958417
18.67,49.960861,49.959531,49.958426
18.68,49.960880,49.959539,49.958435
18.69,49.960898,49.959548,49.958444
18.70,49.960916,49.959557,49.958453
18.71,49.960935,49.959566,49.958462
18.72,49.960953,49.959575,49.958472
18.73,49.960971,49.959585,49.958481
18.74,49.960989,49.959594,49.958491
18.75,49.961007,49.959603,49.958501
18.76,49.961025,49.959612,49.958511
18.77,49.961042,49.959621,49.958520
18.78,49.961060,49.959630,49.958531
18.79,49.961077,49.959640,49.958541
18.80,49.961095,49.959649,49.958551
18.81,49.961112,49.959658,49.958562
18.82,49.961129,49.959668,49.958572
18.83,49.961146,49.959677,49.958583
18.84,49.961163,49.959687,49.958594
18.85,49.961180,49.959696,49.958605
18.86,49.961197,49.959706,49.958616
18.87,49.961213,49.959715,49.958627
18.88,49.961230,49.959725,49.958638
18.89,49.961246,49.959734,49.958650
18.90,49.961262,49.959744,49.958661
18.91,49.961279,49.959754,49.958673
18.92,49.961295,49.959763,49.958684
18.93,49.961311,49.959773,49.958696
18.94,49.961327,49.959783,49.958708
18.95,49.961342,49.959793,49.958720
18.96,49.961358,49.959803,49.958733
18.97,49.961374,49.959812,49.958745
18.98,49.961389,49.959822,49.958757
18.99,49.961404,49.959832,49.958770
19.00,49.961420,49.959842,49.958782
19.01,49.961435,49.959852,49.958795
19.02,49.961450,49.959862,49.958808
19.03,49.961465,49.959872,49.958821
19.04,49.961479,49.959883,49.958834
19.05,49.961494,49.959893,49.958847
19.06,49.961509,49.959903,49.958860
19.07,49.961523,49.959913,49.958874
19.08,49.961538,49.959924,49.958887
19.09,49.961552,49.959934,49.958901
19.10,49.961566,49.959944,49.958914
19.11,49.961580,49.959955,49.958928
19.12,49.961594,49.959965,49.958942
19.13,49.961608,49.959975,49.958956
19.14,49.961621,49.959986,49.958970
19.15,49.961635,49.959996,49.958984
19.16,49.961649,49.960007,49.958999
19.17,49.961662,49.960018,49.959013
19.18,49.961675,49.960028,49.959027
19.19,49.961688,49.960039,49.959042
19.20,49.961701,49.960050,49.959057
19.21,49.961714,49.960060,49.959071
19.22,49.961727,49.960071,49.959086
19.23,49.961740,49.960082,49.959101
19.24,49.961753,49.960093,49.959116
19.25,49.961765,49.960104,49.959131
19.26,49.961778,49.960115,49.959146
19.27,49.961790,49.960126,49.959162
19.28,49.961802,49.960137,49.959177
19.29,49.961814,49.960148,49.959192
19.30,49.961826,49.960159,49.959208
19.31,49.961838,49.960170,49.959224
19.32,49.961850,49.960181,49.959239
19.33,49.961861,49.960192,49.959255
19.34,49.961873,49.960204,49.959271
19.35,49.961884,49.960215,49.959287
19.36,49.961896,49.960226,49.959303
19.37,49.961907,49.960237,49.959319
19.38,49.961918,49.960249,49.959335
19.39,49.961929,49.960260,49.959352
19.40,49.961940,49.960272,49.959368
19.41,49.961951,49.960283,49.959385
19.42,49.961961,49.960295,49.959401
19.43,49.961972,49.960306,49.959418
19.44,49.961982,49.960318,49.959434
19.45,49.961993,49.960330,49.959451
19.46,49.962003,49.960341,49.959468
19.47,49.962013,49.960353,49.959485
19.48,49.962023,49.960365,49.959502
19.49,49.962033,49.960376,49.959519
19.50,49.962043,49.960388,49.959536
19.51,49.962053,49.960400,49.959553
19.52,49.962063,49.960412,49.959571
19.53,49.962072,49.960424,49.959588
19.54,49.962082,49.960436,49.959605
19.55,49.962091,49.960448,49.959623
19.56,49.962100,49.960460,49.959640
19.57,49.962110,49.960472,49.959658
19.58,49.962119,49.960484,49.959676
19.59,49.962128,49.960496,49.959693
19.60,49.962137,49.960509,49.959711
19.61,49.962146,49.960521,49.959729
19.62,49.962154,49.960533,49.959747
19.63,49.962163,49.960545,49.959765
19.64,49.962172,49.960558,49.959783
19.65,49.962180,49.960570,49.959801
19.66,49.962189,49.960582,49.959819
19.67,49.962197,49.960595,49.959838
19.68,49.962205,49.960607,49.959856
19.69,49.962213,49.960620,49.959874
19.70,49.962222,49.960632,49.959893
19.71,49.962230,49.960645,49.959911
19.72,49.962238,49.960658,49.959930
19.73,49.962245,49.960670,49.959948
19.74,49.962253,49.960683,49.959967
19.75,49.962261,49.960696,49.959985
19.76,49.962269,49.960708,49.960004
19.77,49.962276,49.960721,49.960023
19.78,49.962284,49.960734,49.960042
19.79,49.962291,49.960747,49.960061
19.80,49.962298,49.960760,49.960080
19.81,49.962305,49.960773,49.960098
19.82,49.962313,49.960786,49.960118
19.83,49.962320,49.960799,49.960137
19.84,49.962327,49.960812,49.960156
19.85,49.962334,49.960825,49.960175
19.86,49.962341,49.960838,49.960194
19.87,49.962347,49.960851,49.960213
19.88,49.962354,49.960864,49.960233
19.89,49.962361,49.960877,49.960252
19.90,49.962367,49.960891,49.960271
19.91,49.962374,49.960904,49.960291
19.92,49.962380,49.960917,49.960310
19.93,49.962386,49.960930,49.960330
19.94,49.962393,49.960944,49.960349
19.95,49.962399,49.960957,49.960369
19.96,49.962405,49.960971,49.960388
19.97,49.962411,49.960984,49.960408
19.98,49.962417,49.960997,49.960428
19.99,49.962423,49.961011,49.960447
20.00,49.962429,49.961024,49.960467
20.01,49.962434,49.961038,49.960487
20.02,49.962440,49.961052,49.960507
20.03,49.962446,49.961065,49.960527
20.04,49.962451,49.961079,49.960546
20.05,49.962457,49.961093,49.960566
20.06,49.962462,49.961106,49.960586
20.07,49.962468,49.961120,49.960606
20.08,49.962473,49.961134,49.960626
20.09,49.962478,49.961148,49.960646
20.10,49.962483,49.961161,49.960666
20.11,49.962488,49.961175,49.960686
20.12,49.962493,49.961189,49.960706
20.13,49.962498,49.961203,49.960727
20.14,49.962503,49.961217,49.960747
20.15,49.962508,49.961231,49.960767
20.16,49.962513,49.961245,49.960787
20.17,49.962517,49.961259,49.960807
20.18,49.962522,49.961273,49.960828
20.19,49.962527,49.961287,49.960848
20.20,49.962531,49.961301,49.960868
20.21,49.962536,49.961315,49.960888
20.22,49.962540,49.961329,49.960909
20.23,49.962544,49.961343,49.960929
20.24,49.962549,49.961358,49.960949
20.25,49.962553,49.961372,49.960970
20.26,49.962557,49.961386,49.960990
20.27,49.962561,49.961400,49.961010
20.28,49.962566,49.961414,49.961031
20.29,49.962570,49.961429,49.961051
20.30,49.962574,49.961443,49.961072
20.31,49.962578,49.961457,49.961092
20.32,49.962581,49.961472,49.961113
20.33,49.962585,49.961486,49.961133
20.34,49.962589,49.961501,49.961154
20.35,49.962593,49.961515,49.961174
20.36,49.962597,49.961529,49.961195
20.37,49.962600,49.961544,49.961215
20.38,49.962604,49.961558,49.961236
20.39,49.962608,49.961573,49.961256
20.40,49.962611,49.961587,49.961277
20.41,49.962615,49.961602,49.961297
20.42,49.962618,49.961617,49.961318
20.43,49.962622,49.961631,49.961338
20.44,49.962625,49.961646,49.961359
20.45,49.962628,49.961660,49.961379
20.46,49.962632,49.961675,49.961400
20.47,49.962635,49.961690,49.961420
20.48,49.962638,49.961704,49.961441
20.49,49.962642,49.961719,49.961462
20.50,49.962645,49.961734,49.961482
20.51,49.962648,49.961748,49.961503
20.52,49.962651,49.961763,49.961523
20.53,49.962654,49.961778,49.961544
20.54,49.962657,49.961793,49.961564
20.55,49.962661,49.961807,49.961585
20.56,49.962664,49.961822,49.961606
20.57,49.962667,49.961837,49.961626
20.58,49.962670,49.961852,49.961647
20.59,49.962673,49.961867,49.961667
20.60,49.962676,49.961882,49.961688
20.61,49.962679,49.961896,49.961708
20.62,49.962682,49.961911,49.961729
20.63,49.962684,49.961926,49.961749
20.64,49.962687,49.961941,49.961770
20.65,49.962690,49.961956,49.961790
20.66,49.962693,49.961971,49.961811
20.67,49.962696,49.961986,49.961831
20.68,49.962699,49.962001,49.961852
20.69,49.962702,49.962016,49.961872
20.70,49.962704,49.962031,49.961893
20.71,49.962707,49.962046,49.961913
20.72,49.962710,49.962061,49.961934
20.73,49.962713,49.962076,49.961954
20.74,49.962716,49.962091,49.961974
20.75,49.962718,49.962106,49.961995
20.76,49.962721,49.962121,49.962015
20.77,49.962724,49.962136,49.962036
20.78,49.962727,49.962151,49.962056
20.79,49.962730,49.962166,49.962076
20.80,49.962732,49.962181,49.962097
20.81,49.962735,49.962196,49.962117
20.82,49.962738,49.962211,49.962137
20.83,49.962741,49.962226,49.962158
20.84,49.962743,49.962241,49.962178
20.85,49.962746,49.962256,49.962198
20.86,49.962749,49.962271,49.962218
20.87,49.962752,49.962286,49.962238
20.88,49.962754,49.962302,49.962259
20.89,49.962757,49.962317,49.962279
20.90,49.962760,49.962332,49.962299
20.91,49.962763,49.962347,49.962319
20.92,49.962766,49.962362,49.962339
20.93,49.962768,49.962377,49.962359
20.94,49.962771,49.962392,49.962379
20.95,49.962774,49.962407,49.962399
20.96,49.962777,49.962422,49.962419
20.97,49.962779,49.962438,49.962439
20.98,49.962782,49.962453,49.962459
20.99,49.962785,49.962468,49.962479
21.00,49.962788,49.962483,49.962499
21.01,49.962791,49.962498,49.962519
21.02,49.962793,49.962513,49.962539
21.03,49.962796,49.962528,49.962559
21.04,49.962799,49.962543,49.962579
21.05,49.962802,49.962559,49.962598
21.06,49.962805,49.962574,49.962618
21.07,49.962808,49.962589,49.962638
21.08,49.962810,49.962604,49.962658
21.09,49.962813,49.962619,49.962677
21.10,49.962816,49.962634,49.962697
21.11,49.962819,49.962649,49.962717
21.12,49.962822,49.962664,49.962736
21.13,49.962825,49.962679,49.962756
21.14,49.962828,49.962695,49.962775
21.15,49.962831,49.962710,49.962795
21.16,49.962834,49.962725,49.962814
21.17,49.962837,49.962740,49.962834
21.18,49.962840,49.962755,49.962853
21.19,49.962843,49.962770,49.962873
21.20,49.962846,49.962785,49.962892
21.21,49.962849,49.962800,49.962911
21.22,49.962852,49.962815,49.962931
21.23,49.962855,49.962830,49.962950
21.24,49.962858,49.962845,49.962969
21.25,49.962861,49.962860,49.962988
21.26,49.962864,49.962875,49.963007
21.27,49.962867,49.962890,49.963026
21.28,49.962870,49.962905,49.963046
21.29,49.962874,49.962920,49.963065
21.30,49.962877,49.962935,49.963084
21.31,49.962880,49.962950,49.963103
21.32,49.962883,49.962965,49.963122
21.33,49.962887,49.962980,49.963140
21.34,49.962890,49.962995,49.963159
21.35,49.962893,49.963010,49.963178
21.36,49.962897,49.963025,49.963197
21.37,49.962900,49.963040,49.963216
21.38,49.962904,49.963055,49.963234
21.39,49.962907,49.963070,49.963253
21.40,49.962911,49.963085,49.963272
21.41,49.962914,49.963099,49.963290
21.42,49.962918,49.963114,49.963309
21.43,49.962922,49.963129,49.963327
21.44,49.962925,49.963144,49.963346
21.45,49.962929,49.963159,49.963364
21.46,49.962933,49.963174,49.963383
21.47,49.962936,49.963188,49.963401
21.48,49.962940,49.963203,49.963419
21.49,49.962944,49.963218,49.963438
21.50,49.962948,49.963233,49.963456
21.51,49.962952,49.963247,49.963474
21.52,49.962956,49.963262,49.963492
21.53,49.962960,49.963277,49.963510
21.54,49.962964,49.963291,49.963528
21.55,49.962968,49.963306,49.963546
21.56,49.962972,49.963321,49.963564
21.57,49.962977,49.963335,49.963582
21.58,49.962981,49.963350,49.963600
21.59,49.962985,49.963365,49.963618
21.60,49.962989,49.963379,49.963636
21.61,49.962994,49.963394,49.963654
21.62,49.962998,49.963408,49.963671
21.63,49.963003,49.963423,49.963689
21.64,49.963007,49.963437,49.963707
21.65,49.963012,49.963452,49.963724
21.66,49.963016,49.963466,49.963742
21.67,49.963021,49.963481,49.963759
21.68,49.963026,49.963495,49.963777
21.69,49.963031,49.963510,49.963794
21.70,49.963035,49.963524,49.963812
21.71,49.963040,49.963538,49.963829
21.72,49.963045,49.963553,49.963846
21.73,49.963050,49.963567,49.963863
21.74,49.963055,49.963581,49.963881
21.75,49.963060,49.963596,49.963898
21.76,49.963065,49.963610,49.963915
21.77,49.963070,49.963624,49.963932
21.78,49.963075,49.963638,49.963949
21.79,49.963081,49.963653,49.963966
21.80,49.963086,49.963667,49.963983
21.81,49.963091,49.963681,49.963999
21.82,49.963097,49.963695,49.964016
21.83,49.963102,49.963709,49.964033
21.84,49.963108,49.963723,49.964050
21.85,49.963113,49.963737,49.964066
21.86,49.963119,49.963751,49.964083
21.87,49.963124,49.963765,49.964099
21.88,49.963130,49.963779,49.964116
21.89,49.963136,49.963793,49.964132
21.90,49.963141,49.963807,49.964149
21.91,49.963147,49.963821,49.964165
21.92,49.963153,49.963835,49.964181
21.93,49.963159,49.963849,49.964198
21.94,49.963165,49.963863,49.964214
21.95,49.963171,49.963877,49.964230
21.96,49.963177,49.963890,49.964246
21.97,49.963184,49.963904,49.964262
21.98,49.963190,49.963918,49.964278
21.99,49.963196,49.963932,49.964294
22.00,49.963202,49.963945,49.964310
22.01,49.963209,49.963959,49.964326
22.02,49.963215,49.963973,49.964341
22.03,49.963222,49.963986,49.964357
22.04,49.963228,49.964000,49.964373
22.05,49.963235,49.964013,49.964388
22.06,49.963242,49.964027,49.964404
22.07,49.963248,49.964040,49.964420
22.08,49.963255,49.964054,49.964435
22.09,49.963262,49.964067,49.964450
22.10,49.963269,49.964081,49.964466
22.11,49.963276,49.964094,49.964481
22.12,49.963283,49.964108,49.964496
22.13,49.963290,49.964121,49.964512
22.14,49.963297,49.964134,49.964527
22.15,49.963304,49.964147,49.964542
22.16,49.963311,49.964161,49.964557
22.17,49.963319,49.964174,49.964572
22.18,49.963326,49.964187,49.964587
22.19,49.963333,49.964200,49.964602
22.20,49.963341,49.964213,49.964616
22.21,49.963348,49.964226,49.964631
22.22,49.963356,49.964240,49.964646
22.23,49.963364,49.964253,49.964661
22.24,49.963371,49.964266,49.964675
22.25,49.963379,49.964279,49.964690
22.26,49.963387,49.964292,49.964704
22.27,49.963395,49.964304,49.964719
22.28,49.963402,49.964317,49.964733
22.29,49.963410,49.964330,49.964747
22.30,49.963418,49.964343,49.964762
22.31,49.963427,49.964356,49.964776
22.32,49.963435,49.964369,49.964790
22.33,49.963443,49.964381,49.964804
22.34,49.963451,49.964394,49.964818
22.35,49.963459,49.964407,49.964832
22.36,49.963468,49.964419,49.964846
22.37,49.963476,49.964432,49.964860
22.38,49.963485,49.964444,49.964874
22.39,49.963493,49.964457,49.964888
22.40,49.963502,49.964470,49.964901
22.41,49.963510,49.964482,49.964915
22.42,49.963519,49.964494,49.964929
22.43,49.963528,49.964507,49.964942
22.44,49.963537,49.964519,49.964956
22.45,49.963546,49.964532,49.964969
22.46,49.963555,49.964544,49.964982
22.47,49.963564,49.964556,49.964996
22.48,49.963573,49.964568,49.965009
22.49,49.963582,49.964581,49.965022
22.50,49.963591,49.964593,49.965035
22.51,49.963600,49.964605,49.965049
22.52,49.963609,49.964617,49.965062
22.53,49.963619,49.964629,49.965075
22.54,49.963628,49.964641,49.965087
22.55,49.963638,49.964653,49.965100
22.56,49.963647,49.964665,49.965113
22.57,49.963657,49.964677,49.965126
22.58,49.963666,49.964689,49.965139
22.59,49.963676,49.964701,49.965151
22.60,49.963686,49.964713,49.965164
22.61,49.963696,49.964725,49.965176
22.62,49.963706,49.964737,49.965189
22.63,49.963716,49.964748,49.965201
22.64,49.963726,49.964760,49.965214
22.65,49.963736,49.964772,49.965226
22.66,49.963746,49.964783,49.965238
22.67,49.963756,49.964795,49.965250
22.68,49.963766,49.964807,49.965263
22.69,49.963776,49.964818,49.965275
22.70,49.963787,49.964830,49.965287
22.71,49.963797,49.964841,49.965299
22.72,49.963808,49.964853,49.965311
22.73,49.963818,49.964864,49.965322
22.74,49.963829,49.964875,49.965334
22.75,49.963839,49.964887,49.965346
22.76,49.963850,49.964898,49.965358
22.77,49.963861,49.964909,49.965369
22.78,49.963872,49.964921,49.965381
22.79,49.963883,49.964932,49.965392
22.80,49.963893,49.964943,49.965404
22.81,49.963904,49.964954,49.965415
22.82,49.963915,49.964965,49.965427
22.83,49.963926,49.964976,49.965438
22.84,49.963938,49.964988,49.965449
22.85,49.963949,49.964999,49.965460
22.86,49.963960,49.965010,49.965471
22.87,49.963971,49.965021,49.965483
22.88,49.963983,49.965031,49.965494
22.89,49.963994,49.965042,49.965504
22.90,49.964005,49.965053,49.965515
22.91,49.964017,49.965064,49.965526
22.92,49.964028,49.965075,49.965537
22.93,49.964040,49.965086,49.965548
22.94,49.964052,49.965096,49.965558
22.95,49.964063,49.965107,49.965569
22.96,49.964075,49.965118,49.965580
22.97,49.964087,49.965128,49.965590
22.98,49.964099,49.965139,49.965601
22.99,49.964110,49.965149,49.965611
23.00,49.964122,49.965160,49.965621
23.01,49.964134,49.965170,49.965632
23.02,49.964146,49.965181,49.965642
23.03,49.964158,49.965191,49.965652
23.04,49.964170,49.965202,49.965662
23.05,49.964182,49.965212,49.965672
23.06,49.964195,49.965222,49.965682
23.07,49.964207,49.965233,49.965692
23.08,49.964219,49.965243,49.965702
23.09,49.964231,49.965253,49.965712
23.10,49.964244,49.965263,49.965722
23.11,49.964256,49.965273,49.965731
23.12,49.964269,49.965284,49.965741
23.13,49.964281,49.965294,49.965751
23.14,49.964294,49.965304,49.965760
23.15,49.964306,49.965314,49.965770
23.16,49.964319,49.965324,49.965779
23.17,49.964331,49.965334,49.965789
23.18,49.964344,49.965344,49.965798
23.19,49.964357,49.965354,49.965807
23.20,49.964370,49.965364,49.965816
23.21,49.964382,49.965373,49.965826
23.22,49.964395,49.965383,49.965835
23.23,49.964408,49.965393,49.965844
23.24,49.964421,49.965403,49.965853
23.25,49.964434,49.965412,49.965862
23.26,49.964447,49.965422,49.965871
23.27,49.964460,49.965432,49.965880
23.28,49.964473,49.965441,49.965888
23.29,49.964486,49.965451,49.965897
23.30,49.964499,49.965461,49.965906
23.31,49.964513,49.965470,49.965914
23.32,49.964526,49.965480,49.965923
23.33,49.964539,49.965489,49.965932
23.34,49.964552,49.965498,49.965940
23.35,49.964566,49.965508,49.965949
23.36,49.964579,49.965517,49.965957
23.37,49.964592,49.965527,49.965965
23.38,49.964606,49.965536,49.965974
23.39,49.964619,49.965545,49.965982
23.40,49.964633,49.965554,49.965990
23.41,49.964646,49.965564,49.965998
23.42,49.964660,49.965573,49.966006
23.43,49.964673,49.965582,49.966014
23.44,49.964687,49.965591,49.966022
23.45,49.964700,49.965600,49.966030
23.46,49.964714,49.965609,49.966038
23.47,49.964728,49.965618,49.966046
23.48,49.964742,49.965627,49.966054
23.49,49.964755,49.965636,49.966061
23.50,49.964769,49.965645,49.966069
23.51,49.964783,49.965654,49.966077
23.52,49.964797,49.965663,49.966084
23.53,49.964810,49.965672,49.966092
23.54,49.964824,49.965681,49.966099
23.55,49.964838,49.965690,49.966107
23.56,49.964852,49.965698,49.966114
23.57,49.964866,49.965707,49.966121
23.58,49.964880,49.965716,49.966129
23.59,49.964894,49.965725,49.966136
23.60,49.964908,49.965733,49.966143
23.61,49.964922,49.965742,49.966150
23.62,49.964936,49.965751,49.966157
23.63,49.964950,49.965759,49.966164
23.64,49.964964,49.965768,49.966171
23.65,49.964979,49.965776,49.966178
23.66,49.964993,49.965785,49.966185
23.67,49.965007,49.965793,49.966192
23.68,49.965021,49.965802,49.966199
23.69,49.965035,49.965810,49.966205
23.70,49.965050,49.965819,49.966212
23.71,49.965064,49.965827,49.966219
23.72,49.965078,49.965835,49.966225
23.73,49.965092,49.965844,49.966232
23.74,49.965107,49.965852,49.966238
23.75,49.965121,49.965860,49.966245
23.76,49.965135,49.965869,49.966251
23.77,49.965150,49.965877,49.966258
23.78,49.965164,49.965885,49.966264
23.79,49.965179,49.965893,49.966270
23.80,49.965193,49.965901,49.966277
23.81,49.965207,49.965909,49.966283
23.82,49.965222,49.965918,49.966289
23.83,49.965236,49.965926,49.966295
23.84,49.965251,49.965934,49.966301
23.85,49.965265,49.965942,49.966307
23.86,49.965280,49.965950,49.966313
23.87,49.965294,49.965958,49.966319
23.88,49.965309,49.965966,49.966325
23.89,49.965323,49.965974,49.966331
23.90,49.965338,49.965981,49.966337
23.91,49.965353,49.965989,49.966343
23.92,49.965367,49.965997,49.966348
23.93,49.965382,49.966005,49.966354
23.94,49.965396,49.966013,49.966360
23.95,49.965411,49.966021,49.966365
23.96,49.965425,49.966028,49.966371
23.97,49.965440,49.966036,49.966376
23.98,49.965455,49.966044,49.966382
23.99,49.965469,49.966052,49.966387
24.00,49.965484,49.966059,49.966393
24.01,49.965498,49.966067,49.966398
24.02,49.965513,49.966075,49.966403
24.03,49.965527,49.966082,49.966409
24.04,49.965542,49.966090,49.966414
24.05,49.965557,49.966097,49.966419
24.06,49.965571,49.966105,49.966424
24.07,49.965586,49.966112,49.966429
24.08,49.965600,49.966120,49.966435
24.09,49.965615,49.966127,49.966440
24.10,49.965630,49.966135,49.966445
24.11,49.965644,49.966142,49.966450
24.12,49.965659,49.966150,49.966455
24.13,49.965673,49.966157,49.966459
24.14,49.965688,49.966165,49.966464
24.15,49.965702,49.966172,49.966469
24.16,49.965717,49.966179,49.966474
24.17,49.965731,49.966187,49.966479
24.18,49.965746,49.966194,49.966483
24.19,49.965760,49.966201,49.966488
24.20,49.965775,49.966208,49.966493
24.21,49.965789,49.966216,49.966497
24.22,49.965804,49.966223,49.966502
24.23,49.965818,49.966230,49.966507
24.24,49.965833,49.966237,49.966511
24.25,49.965847,49.966245,49.966516
24.26,49.965862,49.966252,49.966520
24.27,49.965876,49.966259,49.966525
24.28,49.965891,49.966266,49.966529
24.29,49.965905,49.966273,49.966533
24.30,49.965920,49.966280,49.966538
24.31,49.965934,49.966287,49.966542
24.32,49.965948,49.966294,49.966546
24.33,49.965963,49.966301,49.966551
24.34,49.965977,49.966308,49.966555
24.35,49.965992,49.966315,49.966559
24.36,49.966006,49.966322,49.966563
24.37,49.966020,49.966329,49.966567
24.38,49.966035,49.966336,49.966571
24.39,49.966049,49.966343,49.966575
24.40,49.966063,49.966350,49.966579
24.41,49.966077,49.966357,49.966583
24.42,49.966092,49.966364,49.966587
24.43,49.966106,49.966371,49.966591
24.44,49.966120,49.966378,49.966595
24.45,49.966134,49.966385,49.966599
24.46,49.966149,49.966391,49.966603
24.47,49.966163,49.966398,49.966607
24.48,49.966177,49.966405,49.966611
24.49,49.966191,49.966412,49.966615
24.50,49.966205,49.966419,49.966618
24.51,49.966219,49.966425,49.966622
24.52,49.966233,49.966432,49.966626
24.53,49.966247,49.966439,49.966629
24.54,49.966261,49.966445,49.966633
24.55,49.966276,49.966452,49.966637
24.56,49.966290,49.966459,49.966640
24.57,49.966303,49.966466,49.966644
24.58,49.966317,49.966472,49.966648
24.59,49.966331,49.966479,49.966651
24.60,49.966345,49.966486,49.966655
24.61,49.966359,49.966492,49.966658
24.62,49.966373,49.966499,49.966662
24.63,49.966387,49.966505,49.966665
24.64,49.966401,49.966512,49.966669
24.65,49.966414,49.966519,49.966672
24.66,49.966428,49.966525,49.966675
24.67,49.966442,49.966532,49.966679
24.68,49.966456,49.966538,49.966682
24.69,49.966469,49.966545,49.966686
24.70,49.966483,49.966551,49.966689
24.71,49.966497,49.966558,49.966692
24.72,49.966510,49.966564,49.966695
24.73,49.966524,49.966571,49.966699
24.74,49.966537,49.966577,49.966702
24.75,49.966551,49.966584,49.966705
24.76,49.966564,49.966590,49.966708
24.77,49.966578,49.966597,49.966712
24.78,49.966591,49.966603,49.966715
24.79,49.966604,49.966609,49.966718
24.80,49.966618,49.966616,49.966721
24.81,49.966631,49.966622,49.966724
24.82,49.966644,49.966629,49.966727
24.83,49.966658,49.966635,49.966731
24.84,49.966671,49.966641,49.966734
24.85,49.966684,49.966648,49.966737
24.86,49.966697,49.966654,49.966740
24.87,49.966710,49.966660,49.966743
24.88,49.966723,49.966667,49.966746
24.89,49.966736,49.966673,49.966749
24.90,49.966750,49.966679,49.966752
24.91,49.966762,49.966686,49.966755
24.92,49.966775,49.966692,49.966758
24.93,49.966788,49.966698,49.966761
24.94,49.966801,49.966705,49.966764
24.95,49.966814,49.966711,49.966767
24.96,49.966827,49.966717,49.966770
24.97,49.966840,49.966723,49.966773
24.98,49.966852,49.966730,49.966776
24.99,49.966865,49.966736,49.966779
25.00,49.966878,49.966742,49.966782
25.01,49.966890,49.966748,49.966785
25.02,49.966903,49.966755,49.966787
25.03,49.966915,49.966761,49.966790
25.04,49.966928,49.966767,49.966793
25.05,49.966940,49.966773,49.966796
25.06,49.966953,49.966779,49.966799
25.07,49.966965,49.966786,49.966802
25.08,49.966977,49.966792,49.966805
25.09,49.966990,49.966798,49.966808
25.10,49.967002,49.966804,49.966810
25.11,49.967014,49.966810,49.966813
25.12,49.967026,49.966816,49.966816
25.13,49.967038,49.966823,49.966819
25.14,49.967050,49.966829,49.966822
25.15,49.967062,49.966835,49.966825
25.16,49.967074,49.966841,49.966827
25.17,49.967086,49.966847,49.966830
25.18,49.967098,49.966853,49.966833
25.19,49.967110,49.966859,49.966836
25.20,49.967122,49.966865,49.966839
25.21,49.967133,49.966871,49.966841
25.22,49.967145,49.966878,49.966844
25.23,49.967157,49.966884,49.966847
25.24,49.967168,49.966890,49.966850
25.25,49.967180,49.966896,49.966853
25.26,49.967191,49.966902,49.966855
25.27,49.967203,49.966908,49.966858
25.28,49.967214,49.966914,49.966861
25.29,49.967225,49.966920,49.966864
25.30,49.967237,49.966926,49.966867
25.31,49.967248,49.966932,49.966869
25.32,49.967259,49.966938,49.966872
25.33,49.967270,49.966944,49.966875
25.34,49.967282,49.966950,49.966878
25.35,49.967293,49.966956,49.966881
25.36,49.967304,49.966962,49.966883
25.37,49.967315,49.966968,49.966886
25.38,49.967325,49.966974,49.966889
25.39,49.967336,49.966981,49.966892
25.40,49.967347,49.966987,49.966895
25.41,49.967358,49.966993,49.966898
25.42,49.967369,49.966999,49.966900
25.43,49.967379,49.967005,49.966903
25.44,49.967390,49.967011,49.966906
25.45,49.967401,49.967017,49.966909
25.46,49.967411,49.967023,49.966912
25.47,49.967422,49.967029,49.966915
25.48,49.967432,49.967035,49.966918
25.49,49.967442,49.967041,49.966920
25.50,49.967453,49.967046,49.966923
25.51,49.967463,49.967052,49.966926
25.52,49.967473,49.967058,49.966929
25.53,49.967484,49.967064,49.966932
25.54,49.967494,49.967070,49.966935
25.55,49.967504,49.967076,49.966938
25.56,49.967514,49.967082,49.966941
25.57,49.967524,49.967088,49.966944
25.58,49.967534,49.967094,49.966947
25.59,49.967544,49.967100,49.966950
25.60,49.967554,49.967106,49.966953
25.61,49.967563,49.967112,49.966956
25.62,49.967573,49.967118,49.966959
25.63,49.967583,49.967124,49.966962
25.64,49.967592,49.967130,49.966965
25.65,49.967602,49.967136,49.966968
25.66,49.967612,49.967142,49.966971
25.67,49.967621,49.967148,49.966974
25.68,49.967630,49.967154,49.966977
25.69,49.967640,49.967160,49.966980
25.70,49.967649,49.967166,49.966983
25.71,49.967659,49.967172,49.966986
25.72,49.967668,49.967177,49.966989
25.73,49.967677,49.967183,49.966992
25.74,49.967686,49.967189,49.966995
25.75,49.967695,49.967195,49.966998
25.76,49.967704,49.967201,49.967002
25.77,49.967713,49.967207,49.967005
25.78,49.967722,49.967213,49.967008
25.79,49.967731,49.967219,49.967011
25.80,49.967740,49.967225,49.967014
25.81,49.967748,49.967231,49.967018
25.82,49.967757,49.967237,49.967021
25.83,49.967766,49.967243,49.967024
25.84,49.967774,49.967249,49.967027
25.85,49.967783,49.967254,49.967031
25.86,49.967791,49.967260,49.967034
25.87,49.967800,49.967266,49.967037
25.88,49.967808,49.967272,49.967041
25.89,49.967817,49.967278,49.967044
25.90,49.967825,49.967284,49.967047
25.91,49.967833,49.967290,49.967051
25.92,49.967841,49.967296,49.967054
25.93,49.967849,49.967302,49.967058
25.94,49.967857,49.967308,49.967061
25.95,49.967865,49.967313,49.967065
25.96,49.967873,49.967319,49.967068
25.97,49.967881,49.967325,49.967072
25.98,49.967889,49.967331,49.967075
25.99,49.967897,49.967337,49.967079
26.00,49.967905,49.967343,49.967082
26.01,49.967912,49.967349,49.967086
26.02,49.967920,49.967355,49.967089
26.03,49.967928,49.967361,49.967093
26.04,49.967935,49.967366,49.967097
26.05,49.967943,49.967372,49.967100
26.06,49.967950,49.967378,49.967104
26.07,49.967957,49.967384,49.967108
26.08,49.967965,49.967390,49.967112
26.09,49.967972,49.967396,49.967115
26.10,49.967979,49.967402,49.967119
26.11,49.967986,49.967408,49.967123
26.12,49.967993,49.967413,49.967127
26.13,49.968000,49.967419,49.967130
26.14,49.968007,49.967425,49.967134
26.15,49.968014,49.967431,49.967138
26.16,49.968021,49.967437,49.967142
26.17,49.968028,49.967443,49.967146
26.18,49.968035,49.967449,49.967150
26.19,49.968042,49.967455,49.967154
26.20,49.968048,49.967460,49.967158
26.21,49.968055,49.967466,49.967162
26.22,49.968061,49.967472,49.967166
26.23,49.968068,49.967478,49.967170
26.24,49.968074,49.967484,49.967174
26.25,49.968081,49.967490,49.967178
26.26,49.968087,49.967496,49.967182
26.27,49.968093,49.967501,49.967186
26.28,49.968100,49.967507,49.967191
26.29,49.968106,49.967513,49.967195
26.30,49.968112,49.967519,49.967199
26.31,49.968118,49.967525,49.967203
26.32,49.968124,49.967531,49.967208
26.33,49.968130,49.967537,49.967212
26.34,49.968136,49.967542,49.967216
26.35,49.968142,49.967548,49.967220
26.36,49.968148,49.967554,49.967225
26.37,49.968154,49.967560,49.967229
26.38,49.968159,49.967566,49.967234
26.39,49.968165,49.967572,49.967238
26.40,49.968171,49.967577,49.967243
26.41,49.968176,49.967583,49.967247
26.42,49.968182,49.967589,49.967252
26.43,49.968187,49.967595,49.967256
26.44,49.968193,49.967601,49.967261
26.45,49.968198,49.967607,49.967265
26.46,49.968204,49.967612,49.967270
26.47,49.968209,49.967618,49.967274
26.48,49.968214,49.967624,49.967279
26.49,49.968219,49.967630,49.967284
26.50,49.968224,49.967636,49.967288
26.51,49.968230,49.967641,49.967293
26.52,49.968235,49.967647,49.967298
26.53,49.968240,49.967653,49.967303
26.54,49.968245,49.967659,49.967308
26.55,49.968249,49.967665,49.967312
26.56,49.968254,49.967671,49.967317
26.57,49.968259,49.967676,49.967322
26.58,49.968264,49.967682,49.967327
26.59,49.968269,49.967688,49.967332
26.60,49.968273,49.967694,49.967337
26.61,49.968278,49.967700,49.967342
26.62,49.968283,49.967705,49.967347
26.63,49.968287,49.967711,49.967352
26.64,49.968292,49.967717,49.967357
26.65,49.968296,49.967723,49.967362
26.66,49.968301,49.967728,49.967367
26.67,49.968305,49.967734,49.967372
26.68,49.968309,49.967740,49.967378
26.69,49.968313,49.967746,49.967383
26.70,49.968318,49.967752,49.967388
26.71,49.968322,49.967757,49.967393
26.72,49.968326,49.967763,49.967399
26.73,49.968330,49.967769,49.967404
26.74,49.968334,49.967775,49.967409
26.75,49.968338,49.967780,49.967415
26.76,49.968342,49.967786,49.967420
26.77,49.968346,49.967792,49.967425
26.78,49.968350,49.967798,49.967431
26.79,49.968354,49.967803,49.967436
26.80,49.968358,49.967809,49.967442
26.81,49.968362,49.967815,49.967447
26.82,49.968365,49.967820,49.967453
26.83,49.968369,49.967826,49.967458
26.84,49.968373,49.967832,49.967464
26.85,49.968376,49.967838,49.967469
26.86,49.968380,49.967843,49.967475
26.87,49.968383,49.967849,49.967481
26.88,49.968387,49.967855,49.967486
26.89,49.968390,49.967860,49.967492
26.90,49.968394,49.967866,49.967498
26.91,49.968397,49.967872,49.967504
26.92,49.968400,49.967878,49.967509
26.93,49.968404,49.967883,49.967515
26.94,49.968407,49.967889,49.967521
26.95,49.968410,49.967895,49.967527
26.96,49.968413,49.967900,49.967533
26.97,49.968416,49.967906,49.967539
26.98,49.968419,49.967912,49.967545
26.99,49.968422,49.967917,49.967551
27.00,49.968425,49.967923,49.967557
27.01,49.968428,49.967929,49.967562
27.02,49.968431,49.967934,49.967569
27.03,49.968434,49.967940,49.967575
27.04,49.968437,49.967945,49.967581
27.05,49.968440,49.967951,49.967587
27.06,49.968443,49.967957,49.967593
27.07,49.968445,49.967962,49.967599
27.08,49.968448,49.967968,49.967605
27.09,49.968451,49.967974,49.967611
27.10,49.968453,49.967979,49.967618
27.11,49.968456,49.967985,49.967624
27.12,49.968459,49.967990,49.967630
27.13,49.968461,49.967996,49.967636
27.14,49.968464,49.968001,49.967643
27.15,49.968466,49.968007,49.967649
27.16,49.968468,49.968013,49.967655
27.17,49.968471,49.968018,49.967662
27.18,49.968473,49.968024,49.967668
27.19,49.968475,49.968029,49.967674
27.20,49.968478,49.968035,49.967681
27.21,49.968480,49.968040,49.967687
27.22,49.968482,49.968046,49.967694
27.23,49.968484,49.968051,49.967700
27.24,49.968486,49.968057,49.967707
27.25,49.968489,49.968062,49.967713
27.26,49.968491,49.968068,49.967720
27.27,49.968493,49.968073,49.967726
27.28,49.968495,49.968079,49.967733
27.29,49.968497,49.968084,49.967740
27.30,49.968499,49.968090,49.967746
27.31,49.968501,49.968095,49.967753
27.32,49.968503,49.968101,49.967760
27.33,49.968504,49.968106,49.967766
27.34,49.968506,49.968112,49.967773
27.35,49.968508,49.968117,49.967780
27.36,49.968510,49.968123,49.967786
27.37,49.968512,49.968128,49.967793
27.38,49.968513,49.968133,49.967800
27.39,49.968515,49.968139,49.967807
27.40,49.968517,49.968144,49.967814
27.41,49.968519,49.968150,49.967820
27.42,49.968520,49.968155,49.967827
27.43,49.968522,49.968160,49.967834
27.44,49.968523,49.968166,49.967841
27.45,49.968525,49.968171,49.967848
27.46,49.968527,49.968177,49.967855
27.47,49.968528,49.968182,49.967862
27.48,49.968530,49.968187,49.967869
27.49,49.968531,49.968193,49.967876
27.50,49.968532,49.968198,49.967883
27.51,49.968534,49.968203,49.967890
27.52,49.968535,49.968208,49.967897
27.53,49.968537,49.968214,49.967904
27.54,49.968538,49.968219,49.967911
27.55,49.968539,49.968224,49.967918
27.56,49.968541,49.968230,49.967925
27.57,49.968542,49.968235,49.967932
27.58,49.968543,49.968240,49.967939
27.59,49.968544,49.968245,49.967946
27.60,49.968546,49.968251,49.967953
27.61,49.968547,49.968256,49.967960
27.62,49.968548,49.968261,49.967967
27.63,49.968549,49.968266,49.967975
27.64,49.968550,49.968271,49.967982
27.65,49.968551,49.968277,49.967989
27.66,49.968553,49.968282,49.967996
27.67,49.968554,49.968287,49.968003
27.68,49.968555,49.968292,49.968011
27.69,49.968556,49.968297,49.968018
27.70,49.968557,49.968302,49.968025
27.71,49.968558,49.968308,49.968032
27.72,49.968559,49.968313,49.968040
27.73,49.968560,49.968318,49.968047
27.74,49.968561,49.968323,49.968054
27.75,49.968562,49.968328,49.968061
27.76,49.968563,49.968333,49.968069
27.77,49.968564,49.968338,49.968076
27.78,49.968564,49.968343,49.968083
27.79,49.968565,49.968348,49.968091
27.80,49.968566,49.968353,49.968098
27.81,49.968567,49.968358,49.968105
27.82,49.968568,49.968363,49.968113
27.83,49.968569,49.968368,49.968120
27.84,49.968570,49.968373,49.968127
27.85,49.968570,49.968378,49.968135
27.86,49.968571,49.968383,49.968142
27.87,49.968572,49.968388,49.968149
27.88,49.968573,49.968393,49.968157
27.89,49.968573,49.968398,49.968164
27.90,49.968574,49.968403,49.968171
27.91,49.968575,49.968408,49.968179
27.92,49.968575,49.968413,49.968186
27.93,49.968576,49.968418,49.968194
27.94,49.968577,49.968422,49.968201
27.95,49.968578,49.968427,49.968208
27.96,49.968578,49.968432,49.968216
27.97,49.968579,49.968437,49.968223
27.98,49.968579,49.968442,49.968231
27.99,49.968580,49.968447,49.968238
28.00,49.968581,49.968451,49.968246
28.01,49.968581,49.968456,49.968253
28.02,49.968582,49.968461,49.968260
28.03,49.968582,49.968466,49.968268
28.04,49.968583,49.968471,49.968275
28.05,49.968584,49.968475,49.968283
28.06,49.968584,49.968480,49.968290
28.07,49.968585,49.968485,49.968297
28.08,49.968585,49.968489,49.968305
28.09,49.968586,49.968494,49.968312
28.10,49.968586,49.968499,49.968320
28.11,49.968587,49.968503,49.968327
28.12,49.968587,49.968508,49.968335
28.13,49.968588,49.968513,49.968342
28.14,49.968588,49.968517,49.968349
28.15,49.968589,49.968522,49.968357
28.16,49.968589,49.968527,49.968364
28.17,49.968590,49.968531,49.968372
28.18,49.968590,49.968536,49.968379
28.19,49.968590,49.968540,49.968386
28.20,49.968591,49.968545,49.968394
28.21,49.968591,49.968549,49.968401
28.22,49.968592,49.968554,49.968408
28.23,49.968592,49.968558,49.968416
28.24,49.968593,49.968563,49.968423
28.25,49.968593,49.968567,49.968431
28.26,49.968593,49.968572,49.968438
28.27,49.968594,49.968576,49.968445
28.28,49.968594,49.968581,49.968453
28.29,49.968595,49.968585,49.968460
28.30,49.968595,49.968590,49.968467
28.31,49.968595,49.968594,49.968475
28.32,49.968596,49.968598,49.968482
28.33,49.968596,49.968603,49.968489
28.34,49.968597,49.968607,49.968496
28.35,49.968597,49.968611,49.968504
28.36,49.968597,49.968616,49.968511
28.37,49.968598,49.968620,49.968518
28.38,49.968598,49.968624,49.968525
28.39,49.968599,49.968629,49.968533
28.40,49.968599,49.968633,49.968540
28.41,49.968599,49.968637,49.968547
28.42,49.968600,49.968641,49.968554
28.43,49.968600,49.968645,49.968562
28.44,49.968601,49.968650,49.968569
28.45,49.968601,49.968654,49.968576
28.46,49.968601,49.968658,49.968583
28.47,49.968602,49.968662,49.968590
28.48,49.968602,49.968666,49.968597
28.49,49.968603,49.968670,49.968604
28.50,49.968603,49.968675,49.968612
28.51,49.968603,49.968679,49.968619
28.52,49.968604,49.968683,49.968626
28.53,49.968604,49.968687,49.968633
28.54,49.968605,49.968691,49.968640
28.55,49.968605,49.968695,49.968647
28.56,49.968606,49.968699,49.968654
28.57,49.968606,49.968703,49.968661
28.58,49.968606,49.968707,49.968668
28.59,49.968607,49.968711,49.968675
28.60,49.968607,49.968715,49.968682
28.61,49.968608,49.968719,49.968689
28.62,49.968608,49.968723,49.968696
28.63,49.968609,49.968727,49.968702
28.64,49.968609,49.968731,49.968709
28.65,49.968610,49.968734,49.968716
28.66,49.968610,49.968738,49.968723
28.67,49.968610,49.968742,49.968730
28.68,49.968611,49.968746,49.968737
28.69,49.968611,49.968750,49.968743
28.70,49.968612,49.968754,49.968750
28.71,49.968612,49.968757,49.968757
28.72,49.968613,49.968761,49.968764
28.73,49.968613,49.968765,49.968770
28.74,49.968614,49.968769,49.968777
28.75,49.968614,49.968772,49.968784
28.76,49.968615,49.968776,49.968790
28.77,49.968615,49.968780,49.968797
28.78,49.968616,49.968783,49.968803
28.79,49.968616,49.968787,49.968810
28.80,49.968617,49.968791,49.968816
28.81,49.968618,49.968794,49.968823
28.82,49.968618,49.968798,49.968829
28.83,49.968619,49.968802,49.968836
28.84,49.968619,49.968805,49.968842
28.85,49.968620,49.968809,49.968849
28.86,49.968620,49.968812,49.968855
28.87,49.968621,49.968816,49.968862
28.88,49.968622,49.968819,49.968868
28.89,49.968622,49.968823,49.968874
28.90,49.968623,49.968826,49.968881
28.91,49.968623,49.968830,49.968887
28.92,49.968624,49.968833,49.968893
28.93,49.968625,49.968837,49.968899
28.94,49.968625,49.968840,49.968905
28.95,49.968626,49.968843,49.968912
28.96,49.968627,49.968847,49.968918
28.97,49.968627,49.968850,49.968924
28.98,49.968628,49.968853,49.968930
28.99,49.968629,49.968857,49.968936
29.00,49.968629,49.968860,49.968942
29.01,49.968630,49.968863,49.968948
29.02,49.968631,49.968867,49.968954
29.03,49.968632,49.968870,49.968960
29.04,49.968632,49.968873,49.968966
29.05,49.968633,49.968876,49.968972
29.06,49.968634,49.968880,49.968977
29.07,49.968635,49.968883,49.968983
29.08,49.968635,49.968886,49.968989
29.09,49.968636,49.968889,49.968995
29.10,49.968637,49.968892,49.969001
29.11,49.968638,49.968895,49.969006
29.12,49.968638,49.968899,49.969012
29.13,49.968639,49.968902,49.969018
29.14,49.968640,49.968905,49.969023
29.15,49.968641,49.968908,49.969029
29.16,49.968642,49.968911,49.969034
29.17,49.968643,49.968914,49.969040
29.18,49.968644,49.968917,49.969045
29.19,49.968644,49.968920,49.969051
29.20,49.968645,49.968923,49.969056
29.21,49.968646,49.968926,49.969061
29.22,49.968647,49.968929,49.969067
29.23,49.968648,49.968932,49.969072
29.24,49.968649,49.968935,49.969077
29.25,49.968650,49.968937,49.969083
29.26,49.968651,49.968940,49.969088
29.27,49.968652,49.968943,49.969093
29.28,49.968653,49.968946,49.969098
29.29,49.968654,49.968949,49.969103
29.30,49.968655,49.968952,49.969108
29.31,49.968656,49.968954,49.969113
29.32,49.968657,49.968957,49.969118
29.33,49.968658,49.968960,49.969123
29.34,49.968659,49.968963,49.969128
29.35,49.968660,49.968965,49.969133
29.36,49.968661,49.968968,49.969138
29.37,49.968662,49.968971,49.969143
29.38,49.968663,49.968973,49.969148
29.39,49.968664,49.968976,49.969152
29.40,49.968666,49.968979,49.969157
29.41,49.968667,49.968981,49.969162
29.42,49.968668,49.968984,49.969166
29.43,49.968669,49.968987,49.969171
29.44,49.968670,49.968989,49.969176
29.45,49.968671,49.968992,49.969180
29.46,49.968673,49.968994,49.969185
29.47,49.968674,49.968997,49.969189
29.48,49.968675,49.968999,49.969193
29.49,49.968676,49.969002,49.969198
29.50,49.968677,49.969004,49.969202
29.51,49.968679,49.969007,49.969206
29.52,49.968680,49.969009,49.969211
29.53,49.968681,49.969011,49.969215
29.54,49.968683,49.969014,49.969219
29.55,49.968684,49.969016,49.969223
29.56,49.968685,49.969019,49.969227
29.57,49.968687,49.969021,49.969231
29.58,49.968688,49.969023,49.969236
29.59,49.968689,49.969026,49.969240
29.60,49.968691,49.969028,49.969243
29.61,49.968692,49.969030,49.969247
29.62,49.968693,49.969032,49.969251
29.63,49.968695,49.969035,49.969255
29.64,49.968696,49.969037,49.969259
29.65,49.968698,49.969039,49.969263
29.66,49.968699,49.969041,49.969266
29.67,49.968701,49.969043,49.969270
29.68,49.968702,49.969046,49.969274
29.69,49.968704,49.969048,49.969277
29.70,49.968705,49.969050,49.969281
29.71,49.968707,49.969052,49.969284
29.72,49.968708,49.969054,49.969288
29.73,49.968710,49.969056,49.969291
29.74,49.968711,49.969058,49.969295
29.75,49.968713,49.969060,49.969298
29.76,49.968714,49.969062,49.969301
29.77,49.968716,49.969064,49.969305
29.78,49.968718,49.969066,49.969308
29.79,49.968719,49.969068,49.969311
29.80,49.968721,49.969070,49.969314
29.81,49.968722,49.969072,49.969317
29.82,49.968724,49.969074,49.969320
29.83,49.968726,49.969076,49.969323
29.84,49.968727,49.969078,49.969326
29.85,49.968729,49.969080,49.969329
29.86,49.968731,49.969082,49.969332
29.87,49.968732,49.969084,49.969335
29.88,49.968734,49.969085,49.969338
29.89,49.968736,49.969087,49.969341
29.90,49.968738,49.969089,49.969344
29.91,49.968739,49.969091,49.969346
29.92,49.968741,49.969093,49.969349
29.93,49.968743,49.969094,49.969352
29.94,49.968745,49.969096,49.969354
29.95,49.968746,49.969098,49.969357
29.96,49.968748,49.969100,49.969359
29.97,49.968750,49.969101,49.969362
29.98,49.968752,49.969103,49.969364
29.99,49.968754,49.969105,49.969367
30.00,49.968756,49.969106,49.969369
30.01,49.968757,49.969108,49.969371
30.02,49.968759,49.969109,49.969373
30.03,49.968761,49.969111,49.969376
30.04,49.968763,49.969113,49.969378
30.05,49.968765,49.969114,49.969380
30.06,49.968767,49.969116,49.969382
30.07,49.968769,49.969117,49.969384
30.08,49.968771,49.969119,49.969386
30.09,49.968773,49.969120,49.969388
30.10,49.968775,49.969122,49.969390
30.11,49.968776,49.969123,49.969392
30.12,49.968778,49.969125,49.969394
30.13,49.968780,49.969126,49.969396
30.14,49.968782,49.969128,49.969397
30.15,49.968784,49.969129,49.969399
30.16,49.968786,49.969130,49.969401
30.17,49.968788,49.969132,49.969403
30.18,49.968790,49.969133,49.969404
30.19,49.968792,49.969134,49.969406
30.20,49.968794,49.969136,49.969407
30.21,49.968796,49.969137,49.969409
30.22,49.968799,49.969138,49.969410
30.23,49.968801,49.969140,49.969412
30.24,49.968803,49.969141,49.969413
30.25,49.968805,49.969142,49.969414
30.26,49.968807,49.969143,49.969416
30.27,49.968809,49.969145,49.969417
30.28,49.968811,49.969146,49.969418
30.29,49.968813,49.969147,49.969419
30.30,49.968815,49.969148,49.969420
30.31,49.968817,49.969149,49.969421
30.32,49.968819,49.969151,49.969423
30.33,49.968822,49.969152,49.969424
30.34,49.968824,49.969153,49.969425
30.35,49.968826,49.969154,49.969425
30.36,49.968828,49.969155,49.969426
30.37,49.968830,49.969156,49.969427
30.38,49.968832,49.969157,49.969428
30.39,49.968835,49.969158,49.969429
30.40,49.968837,49.969159,49.969430
30.41,49.968839,49.969160,49.969430
30.42,49.968841,49.969161,49.969431
30.43,49.968843,49.969162,49.969432
30.44,49.968846,49.969163,49.969432
30.45,49.968848,49.969164,49.969433
30.46,49.968850,49.969165,49.969433
30.47,49.968852,49.969166,49.969434
30.48,49.968855,49.969167,49.969434
30.49,49.968857,49.969168,49.969435
30.50,49.968859,49.969169,49.969435
30.51,49.968861,49.969170,49.969435
30.52,49.968864,49.969171,49.969436
30.53,49.968866,49.969171,49.969436
30.54,49.968868,49.969172,49.969436
30.55,49.968871,49.969173,49.969436
30.56,49.968873,49.969174,49.969436
30.57,49.968875,49.969175,49.969437
30.58,49.968878,49.969175,49.969437
30.59,49.968880,49.969176,49.969437
30.60,49.968882,49.969177,49.969437
30.61,49.968884,49.969178,49.969437
30.62,49.968887,49.969178,49.969437
30.63,49.968889,49.969179,49.969436
30.64,49.968891,49.969180,49.969436
30.65,49.968894,49.969181,49.969436
30.66,49.968896,49.969181,49.969436
30.67,49.968899,49.969182,49.969436
30.68,49.968901,49.969183,49.969435
30.69,49.968903,49.969183,49.969435
30.70,49.968906,49.969184,49.969435
30.71,49.968908,49.969184,49.969434
30.72,49.968910,49.969185,49.969434
30.73,49.968913,49.969186,49.969434
30.74,49.968915,49.969186,49.969433
30.75,49.968917,49.969187,49.969433
30.76,49.968920,49.969187,49.969432
30.77,49.968922,49.969188,49.969432
30.78,49.968925,49.969188,49.969431
30.79,49.968927,49.969189,49.969430
30.80,49.968929,49.969189,49.969430
30.81,49.968932,49.969190,49.969429
30.82,49.968934,49.969190,49.969428
30.83,49.968937,49.969191,49.969427
30.84,49.968939,49.969191,49.969427
30.85,49.968941,49.969192,49.969426
30.86,49.968944,49.969192,49.969425
30.87,49.968946,49.969192,49.969424
30.88,49.968949,49.969193,49.969423
30.89,49.968951,49.969193,49.969422
30.90,49.968953,49.969194,49.969421
30.91,49.968956,49.969194,49.969420
30.92,49.968958,49.969194,49.969419
30.93,49.968961,49.969195,49.969418
30.94,49.968963,49.969195,49.969417
30.95,49.968965,49.969195,49.969416
30.96,49.968968,49.969196,49.969415
30.97,49.968970,49.969196,49.969414
30.98,49.968973,49.969196,49.969412
30.99,49.968975,49.969196,49.969411
31.00,49.968977,49.969197,49.969410
31.01,49.968980,49.969197,49.969409
31.02,49.968982,49.969197,49.969407
31.03,49.968984,49.969197,49.969406
31.04,49.968987,49.969198,49.969405
31.05,49.968989,49.969198,49.969403
31.06,49.968992,49.969198,49.969402
31.07,49.968994,49.969198,49.969400
31.08,49.968996,49.969198,49.969399
31.09,49.968999,49.969198,49.969397
31.10,49.969001,49.969199,49.969396
31.11,49.969003,49.969199,49.969394
31.12,49.969006,49.969199,49.969393
31.13,49.969008,49.969199,49.969391
31.14,49.969011,49.969199,49.969389
31.15,49.969013,49.969199,49.969388
31.16,49.969015,49.969199,49.969386
31.17,49.969018,49.969199,49.969384
31.18,49.969020,49.969199,49.969383
31.19,49.969022,49.969199,49.969381
31.20,49.969025,49.969199,49.969379
31.21,49.969027,49.969200,49.969377
31.22,49.969029,49.969200,49.969376
31.23,49.969032,49.969200,49.969374
31.24,49.969034,49.969200,49.969372
31.25,49.969036,49.969200,49.969370
31.26,49.969039,49.969199,49.969368
31.27,49.969041,49.969199,49.969366
31.28,49.969043,49.969199,49.969364
31.29,49.969046,49.969199,49.969362
31.30,49.969048,49.969199,49.969360
31.31,49.969050,49.969199,49.969358
31.32,49.969052,49.969199,49.969356
31.33,49.969055,49.969199,49.969354
31.34,49.969057,49.969199,49.969352
31.35,49.969059,49.969199,49.969350
31.36,49.969061,49.969199,49.969348
31.37,49.969064,49.969199,49.969346
31.38,49.969066,49.969198,49.969344
31.39,49.969068,49.969198,49.969341
31.40,49.969070,49.969198,49.969339
31.41,49.969073,49.969198,49.969337
31.42,49.969075,49.969198,49.969335
31.43,49.969077,49.969198,49.969333
31.44,49.969079,49.969197,49.969330
31.45,49.969082,49.969197,49.969328
31.46,49.969084,49.969197,49.969326
31.47,49.969086,49.969197,49.969324
31.48,49.969088,49.969196,49.969321
31.49,49.969090,49.969196,49.969319
31.50,49.969092,49.969196,49.969317
31.51,49.969095,49.969196,49.969314
31.52,49.969097,49.969195,49.969312
31.53,49.969099,49.969195,49.969309
31.54,49.969101,49.969195,49.969307
31.55,49.969103,49.969195,49.969305
31.56,49.969105,49.969194,49.969302
31.57,49.969107,49.969194,49.969300
31.58,49.969110,49.969194,49.969297
31.59,49.969112,49.969193,49.969295
31.60,49.969114,49.969193,49.969292
31.61,49.969116,49.969193,49.969290
31.62,49.969118,49.969192,49.969287
31.63,49.969120,49.969192,49.969285
31.64,49.969122,49.969192,49.969282
31.65,49.969124,49.969191,49.969280
31.66,49.969126,49.969191,49.969277
31.67,49.969128,49.969190,49.969275
31.68,49.969130,49.969190,49.969272
31.69,49.969132,49.969190,49.969269
31.70,49.969134,49.969189,49.969267
31.71,49.969136,49.969189,49.969264
31.72,49.969138,49.969188,49.969262
31.73,49.969140,49.969188,49.969259
31.74,49.969142,49.969187,49.969256
31.75,49.969144,49.969187,49.969254
31.76,49.969146,49.969186,49.969251
31.77,49.969148,49.969186,49.969248
31.78,49.969149,49.969185,49.969246
31.79,49.969151,49.969185,49.969243
31.80,49.969153,49.969184,49.969240
31.81,49.969155,49.969184,49.969238
31.82,49.969157,49.969183,49.969235
31.83,49.969159,49.969183,49.969232
31.84,49.969161,49.969182,49.969230
31.85,49.969162,49.969182,49.969227
31.86,49.969164,49.969181,49.969224
31.87,49.969166,49.969181,49.969221
31.88,49.969168,49.969180,49.969219
31.89,49.969170,49.969180,49.969216
31.90,49.969171,49.969179,49.969213
31.91,49.969173,49.969179,49.969210
31.92,49.969175,49.969178,49.969208
31.93,49.969176,49.969177,49.969205
31.94,49.969178,49.969177,49.969202
31.95,49.969180,49.969176,49.969199
31.96,49.969181,49.969176,49.969197
31.97,49.969183,49.969175,49.969194
31.98,49.969185,49.969174,49.969191
31.99,49.969186,49.969174,49.969188
32.00,49.969188,49.969173,49.969186
32.01,49.969190,49.969172,49.969183
32.02,49.969191,49.969172,49.969180
32.03,49.969193,49.969171,49.969177
32.04,49.969194,49.969170,49.969174
32.05,49.969196,49.969170,49.969172
32.06,49.969197,49.969169,49.969169
32.07,49.969199,49.969168,49.969166
32.08,49.969200,49.969168,49.969163
32.09,49.969202,49.969167,49.969160
32.10,49.969203,49.969166,49.969158
32.11,49.969205,49.969166,49.969155
32.12,49.969206,49.969165,49.969152
32.13,49.969207,49.969164,49.969149
32.14,49.969209,49.969163,49.969146
32.15,49.969210,49.969163,49.969144
32.16,49.969212,49.969162,49.969141
32.17,49.969213,49.969161,49.969138
32.18,49.969214,49.969161,49.969135
32.19,49.969216,49.969160,49.969132
32.20,49.969217,49.969159,49.969130
32.21,49.969218,49.969158,49.969127
32.22,49.969219,49.969157,49.969124
32.23,49.969221,49.969157,49.969121
32.24,49.969222,49.969156,49.969118
32.25,49.969223,49.969155,49.969116
32.26,49.969224,49.969154,49.969113
32.27,49.969226,49.969154,49.969110
32.28,49.969227,49.969153,49.969107
32.29,49.969228,49.969152,49.969105
32.30,49.969229,49.969151,49.969102
32.31,49.969230,49.969150,49.969099
32.32,49.969231,49.969149,49.969096
32.33,49.969232,49.969149,49.969094
32.34,49.969233,49.969148,49.969091
32.35,49.969234,49.969147,49.969088
32.36,49.969236,49.969146,49.969085
32.37,49.969237,49.969145,49.969083
32.38,49.969238,49.969144,49.969080
32.39,49.969239,49.969144,49.969077
32.40,49.969239,49.969143,49.969074
32.41,49.969240,49.969142,49.969072
32.42,49.969241,49.969141,49.969069
32.43,49.969242,49.969140,49.969066
32.44,49.969243,49.969139,49.969064
32.45,49.969244,49.969138,49.969061
32.46,49.969245,49.969137,49.969058
32.47,49.969246,49.969137,49.969056
32.48,49.969247,49.969136,49.969053
32.49,49.969247,49.969135,49.969050
32.50,49.969248,49.969134,49.969048
32.51,49.969249,49.969133,49.969045
32.52,49.969250,49.969132,49.969042
32.53,49.969250,49.969131,49.969040
32.54,49.969251,49.969130,49.969037
32.55,49.969252,49.969129,49.969034
32.56,49.969253,49.969128,49.969032
32.57,49.969253,49.969127,49.969029
32.58,49.969254,49.969126,49.969027
32.59,49.969255,49.969126,49.969024
32.60,49.969255,49.969125,49.969022
32.61,49.969256,49.969124,49.969019
32.62,49.969256,49.969123,49.969016
32.63,49.969257,49.969122,49.969014
32.64,49.969257,49.969121,49.969011
32.65,49.969258,49.969120,49.969009
32.66,49.969258,49.969119,49.969006
32.67,49.969259,49.969118,49.969004
32.68,49.969259,49.969117,49.969001
32.69,49.969260,49.969116,49.968999
32.70,49.969260,49.969115,49.968996
32.71,49.969261,49.969114,49.968994
32.72,49.969261,49.969113,49.968992
32.73,49.969261,49.969112,49.968989
32.74,49.969262,49.969111,49.968987
32.75,49.969262,49.969110,49.968984
32.76,49.969262,49.969109,49.968982
32.77,49.969263,49.969108,49.968979
32.78,49.969263,49.969107,49.968977
32.79,49.969263,49.969106,49.968975
32.80,49.969264,49.969105,49.968972
32.81,49.969264,49.969104,49.968970
32.82,49.969264,49.969103,49.968968
32.83,49.969264,49.969102,49.968965
32.84,49.969264,49.969101,49.968963
32.85,49.969264,49.969100,49.968961
32.86,49.969265,49.969099,49.968959
32.87,49.969265,49.969098,49.968956
32.88,49.969265,49.969097,49.968954
32.89,49.969265,49.969095,49.968952
32.90,49.969265,49.969094,49.968950
32.91,49.969265,49.969093,49.968947
32.92,49.969265,49.969092,49.968945
32.93,49.969265,49.969091,49.968943
32.94,49.969265,49.969090,49.968941
32.95,49.969265,49.969089,49.968939
32.96,49.969265,49.969088,49.968936
32.97,49.969265,49.969087,49.968934
32.98,49.969264,49.969086,49.968932
32.99,49.969264,49.969085,49.968930
33.00,49.969264,49.969084,49.968928
33.01,49.969264,49.969083,49.968926
33.02,49.969264,49.969082,49.968924
33.03,49.969264,49.969080,49.968922
33.04,49.969263,49.969079,49.968920
33.05,49.969263,49.969078,49.968918
33.06,49.969263,49.969077,49.968916
33.07,49.969262,49.969076,49.968914
33.08,49.969262,49.969075,49.968912
33.09,49.969262,49.969074,49.968910
33.10,49.969261,49.969073,49.968908
33.11,49.969261,49.969072,49.968906
33.12,49.969261,49.969070,49.968904
33.13,49.969260,49.969069,49.968902
33.14,49.969260,49.969068,49.968900
33.15,49.969259,49.969067,49.968898
33.16,49.969259,49.969066,49.968896
33.17,49.969258,49.969065,49.968894
33.18,49.969258,49.969064,49.968892
33.19,49.969257,49.969063,49.968891
33.20,49.969257,49.969061,49.968889
33.21,49.969256,49.969060,49.968887
33.22,49.969256,49.969059,49.968885
33.23,49.969255,49.969058,49.968883
33.24,49.969255,49.969057,49.968882
33.25,49.969254,49.969056,49.968880
33.26,49.969253,49.969055,49.968878
33.27,49.969253,49.969053,49.968877
33.28,49.969252,49.969052,49.968875
33.29,49.969251,49.969051,49.968873
33.30,49.969250,49.969050,49.968871
33.31,49.969250,49.969049,49.968870
33.32,49.969249,49.969048,49.968868
33.33,49.969248,49.969046,49.968867
33.34,49.969247,49.969045,49.968865
33.35,49.969247,49.969044,49.968863
33.36,49.969246,49.969043,49.968862
33.37,49.969245,49.969042,49.968860
33.38,49.969244,49.969041,49.968859
33.39,49.969243,49.969039,49.968857
33.40,49.969242,49.969038,49.968856
33.41,49.969241,49.969037,49.968854
33.42,49.969240,49.969036,49.968853
33.43,49.969239,49.969035,49.968851
33.44,49.969238,49.969034,49.968850
33.45,49.969237,49.969032,49.968848
33.46,49.969236,49.969031,49.968847
33.47,49.969235,49.969030,49.968845
33.48,49.969234,49.969029,49.968844
33.49,49.969233,49.969028,49.968843
33.50,49.969232,49.969026,49.968841
33.51,49.969231,49.969025,49.968840
33.52,49.969230,49.969024,49.968839
33.53,49.969229,49.969023,49.968837
33.54,49.969227,49.969022,49.968836
33.55,49.969226,49.969020,49.968835
33.56,49.969225,49.969019,49.968833
33.57,49.969224,49.969018,49.968832
33.58,49.969223,49.969017,49.968831
33.59,49.969221,49.969016,49.968830
33.60,49.969220,49.969014,49.968828
33.61,49.969219,49.969013,49.968827
33.62,49.969217,49.969012,49.968826
33.63,49.969216,49.969011,49.968825
33.64,49.969215,49.969009,49.968824
33.65,49.969213,49.969008,49.968822
33.66,49.969212,49.969007,49.968821
33.67,49.969211,49.969006,49.968820
33.68,49.969209,49.969004,49.968819
33.69,49.969208,49.969003,49.968818
33.70,49.969206,49.969002,49.968817
33.71,49.969205,49.969001,49.968816
33.72,49.969203,49.969000,49.968815
33.73,49.969202,49.968998,49.968814
33.74,49.969200,49.968997,49.968813
33.75,49.969199,49.968996,49.968812
33.76,49.969197,49.968995,49.968811
33.77,49.969196,49.968993,49.968810
33.78,49.969194,49.968992,49.968809
33.79,49.969193,49.968991,49.968808
33.80,49.969191,49.968990,49.968807
33.81,49.969189,49.968988,49.968806
33.82,49.969188,49.968987,49.968805
33.83,49.969186,49.968986,49.968804
33.84,49.969184,49.968985,49.968803
33.85,49.969183,49.968983,49.968802
33.86,49.969181,49.968982,49.968802
33.87,49.969179,49.968981,49.968801
33.88,49.969178,49.968980,49.968800
33.89,49.969176,49.968978,49.968799
33.90,49.969174,49.968977,49.968798
33.91,49.969172,49.968976,49.968798
33.92,49.969170,49.968975,49.968797
33.93,49.969169,49.968973,49.968796
33.94,49.969167,49.968972,49.968795
33.95,49.969165,49.968971,49.968794
33.96,49.969163,49.968969,49.968794
33.97,49.969161,49.968968,49.968793
33.98,49.969159,49.968967,49.968792
33.99,49.969157,49.968966,49.968792
34.00,49.969156,49.968964,49.968791
34.01,49.969154,49.968963,49.968790
34.02,49.969152,49.968962,49.968790
34.03,49.969150,49.968961,49.968789
34.04,49.969148,49.968959,49.968788
34.05,49.969146,49.968958,49.968788
34.06,49.969144,49.968957,49.968787
34.07,49.969142,49.968955,49.968786
34.08,49.969140,49.968954,49.968786
34.09,49.969138,49.968953,49.968785
34.10,49.969136,49.968952,49.968785
34.11,49.969133,49.968950,49.968784
34.12,49.969131,49.968949,49.968784
34.13,49.969129,49.968948,49.968783
34.14,49.969127,49.968946,49.968783
34.15,49.969125,49.968945,49.968782
34.16,49.969123,49.968944,49.968782
34.17,49.969121,49.968942,49.968781
34.18,49.969119,49.968941,49.968781
34.19,49.969116,49.968940,49.968780
34.20,49.969114,49.968939,49.968780
34.21,49.969112,49.968937,49.968779
34.22,49.969110,49.968936,49.968779
34.23,49.969108,49.968935,49.968778
34.24,49.969105,49.968933,49.968778
34.25,49.969103,49.968932,49.968777
34.26,49.969101,49.968931,49.968777
34.27,49.969099,49.968929,49.968777
34.28,49.969096,49.968928,49.968776
34.29,49.969094,49.968927,49.968776
34.30,49.969092,49.968925,49.968776
34.31,49.969089,49.968924,49.968775
34.32,49.969087,49.968923,49.968775
34.33,49.969085,49.968921,49.968774
34.34,49.969082,49.968920,49.968774
34.35,49.969080,49.968919,49.968774
34.36,49.969078,49.968917,49.968774
34.37,49.969075,49.968916,49.968773
34.38,49.969073,49.968915,49.968773
34.39,49.969070,49.968913,49.968773
34.40,49.969068,49.968912,49.968772
34.41,49.969066,49.968911,49.968772
34.42,49.969063,49.968909,49.968772
34.43,49.969061,49.968908,49.968771
34.44,49.969058,49.968907,49.968771
34.45,49.969056,49.968905,49.968771
34.46,49.969053,49.968904,49.968771
34.47,49.969051,49.968903,49.968770
34.48,49.969048,49.968901,49.968770
34.49,49.969046,49.968900,49.968770
34.50,49.969043,49.968899,49.968770
34.51,49.969041,49.968897,49.968770
34.52,49.969038,49.968896,49.968769
34.53,49.969036,49.968895,49.968769
34.54,49.969033,49.968893,49.968769
34.55,49.969031,49.968892,49.968769
34.56,49.969028,49.968891,49.968769
34.57,49.969025,49.968889,49.968768
34.58,49.969023,49.968888,49.968768
34.59,49.969020,49.968887,49.968768
34.60,49.969018,49.968885,49.968768
34.61,49.969015,49.968884,49.968768
34.62,49.969012,49.968882,49.968768
34.63,49.969010,49.968881,49.968767
34.64,49.969007,49.968880,49.968767
34.65,49.969005,49.968878,49.968767
34.66,49.969002,49.968877,49.968767
34.67,49.968999,49.968876,49.968767
34.68,49.968997,49.968874,49.968767
34.69,49.968994,49.968873,49.968767
34.70,49.968991,49.968872,49.968767
34.71,49.968989,49.968870,49.968766
34.72,49.968986,49.968869,49.968766
34.73,49.968983,49.968867,49.968766
34.74,49.968980,49.968866,49.968766
34.75,49.968978,49.968865,49.968766
34.76,49.968975,49.968863,49.968766
34.77,49.968972,49.968862,49.968766
34.78,49.968970,49.968860,49.968766
34.79,49.968967,49.968859,49.968766
34.80,49.968964,49.968858,49.968765
34.81,49.968961,49.968856,49.968765
34.82,49.968959,49.968855,49.968765
34.83,49.968956,49.968854,49.968765
34.84,49.968953,49.968852,49.968765
34.85,49.968950,49.968851,49.968765
34.86,49.968947,49.968849,49.968765
34.87,49.968945,49.968848,49.968765
34.88,49.968942,49.968846,49.968765
34.89,49.968939,49.968845,49.968765
34.90,49.968936,49.968844,49.968765
34.91,49.968933,49.968842,49.968765
34.92,49.968931,49.968841,49.968764
34.93,49.968928,49.968839,49.968764
34.94,49.968925,49.968838,49.968764
34.95,49.968922,49.968837,49.968764
34.96,49.968919,49.968835,49.968764
34.97,49.968916,49.968834,49.968764
34.98,49.968914,49.968832,49.968764
34.99,49.968911,49.968831,49.968764
35.00,49.968908,49.968830,49.968764
35.01,49.968905,49.968828,49.968764
35.02,49.968902,49.968827,49.968764
35.03,49.968899,49.968825,49.968764
35.04,49.968896,49.968824,49.968764
35.05,49.968894,49.968822,49.968763
35.06,49.968891,49.968821,49.968763
35.07,49.968888,49.968819,49.968763
35.08,49.968885,49.968818,49.968763
35.09,49.968882,49.968817,49.968763
35.10,49.968879,49.968815,49.968763
35.11,49.968876,49.968814,49.968763
35.12,49.968873,49.968812,49.968763
35.13,49.968871,49.968811,49.968763
35.14,49.968868,49.968809,49.968763
35.15,49.968865,49.968808,49.968763
35.16,49.968862,49.968806,49.968762
35.17,49.968859,49.968805,49.968762
35.18,49.968856,49.968804,49.968762
35.19,49.968853,49.968802,49.968762
35.20,49.968850,49.968801,49.968762
35.21,49.968847,49.968799,49.968762
35.22,49.968844,49.968798,49.968762
35.23,49.968841,49.968796,49.968762
35.24,49.968839,49.968795,49.968761
35.25,49.968836,49.968793,49.968761
35.26,49.968833,49.968792,49.968761
35.27,49.968830,49.968790,49.968761
35.28,49.968827,49.968789,49.968761
35.29,49.968824,49.968787,49.968761
35.30,49.968821,49.968786,49.968761
35.31,49.968818,49.968784,49.968760
35.32,49.968815,49.968783,49.968760
35.33,49.968812,49.968781,49.968760
35.34,49.968809,49.968780,49.968760
35.35,49.968806,49.968778,49.968760
35.36,49.968803,49.968777,49.968760
35.37,49.968801,49.968775,49.968759
35.38,49.968798,49.968774,49.968759
35.39,49.968795,49.968772,49.968759
35.40,49.968792,49.968771,49.968759
35.41,49.968789,49.968769,49.968759
35.42,49.968786,49.968768,49.968758
35.43,49.968783,49.968766,49.968758
35.44,49.968780,49.968765,49.968758
35.45,49.968777,49.968763,49.968758
35.46,49.968774,49.968762,49.968757
35.47,49.968771,49.968760,49.968757
35.48,49.968768,49.968759,49.968757
35.49,49.968765,49.968757,49.968757
35.50,49.968763,49.968756,49.968756
35.51,49.968760,49.968754,49.968756
35.52,49.968757,49.968753,49.968756
35.53,49.968754,49.968751,49.968755
35.54,49.968751,49.968750,49.968755
35.55,49.968748,49.968748,49.968755
35.56,49.968745,49.968747,49.968755
35.57,49.968742,49.968745,49.968754
35.58,49.968739,49.968743,49.968754
35.59,49.968736,49.968742,49.968754
35.60,49.968733,49.968740,49.968753
35.61,49.968731,49.968739,49.968753
35.62,49.968728,49.968737,49.968752
35.63,49.968725,49.968736,49.968752
35.64,49.968722,49.968734,49.968752
35.65,49.968719,49.968733,49.968751
35.66,49.968716,49.968731,49.968751
35.67,49.968713,49.968729,49.968751
35.68,49.968710,49.968728,49.968750
35.69,49.968707,49.968726,49.968750
35.70,49.968705,49.968725,49.968749
35.71,49.968702,49.968723,49.968749
35.72,49.968699,49.968722,49.968748
35.73,49.968696,49.968720,49.968748
35.74,49.968693,49.968718,49.968748
35.75,49.968690,49.968717,49.968747
35.76,49.968687,49.968715,49.968747
35.77,49.968684,49.968714,49.968746
35.78,49.968682,49.968712,49.968746
35.79,49.968679,49.968710,49.968745
35.80,49.968676,49.968709,49.968745
35.81,49.968673,49.968707,49.968744
35.82,49.968670,49.968706,49.968743
35.83,49.968667,49.968704,49.968743
35.84,49.968665,49.968702,49.968742
35.85,49.968662,49.968701,49.968742
35.86,49.968659,49.968699,49.968741
35.87,49.968656,49.968698,49.968741
35.88,49.968653,49.968696,49.968740
35.89,49.968650,49.968694,49.968739
35.90,49.968648,49.968693,49.968739
35.91,49.968645,49.968691,49.968738
35.92,49.968642,49.968689,49.968738
35.93,49.968639,49.968688,49.968737
35.94,49.968636,49.968686,49.968736
35.95,49.968634,49.968685,49.968736
35.96,49.968631,49.968683,49.968735
35.97,49.968628,49.968681,49.968734
35.98,49.968625,49.968680,49.968733
35.99,49.968623,49.968678,49.968733
36.00,49.968620,49.968676,49.968732
36.01,49.968617,49.968675,49.968731
36.02,49.968614,49.968673,49.968731
36.03,49.968611,49.968671,49.968730
36.04,49.968609,49.968670,49.968729
36.05,49.968606,49.968668,49.968728
36.06,49.968603,49.968666,49.968727
36.07,49.968601,49.968665,49.968727
36.08,49.968598,49.968663,49.968726
36.09,49.968595,49.968661,49.968725
36.10,49.968592,49.968660,49.968724
36.11,49.968590,49.968658,49.968723
36.12,49.968587,49.968656,49.968722
36.13,49.968584,49.968655,49.968722
36.14,49.968582,49.968653,49.968721
36.15,49.968579,49.968651,49.968720
36.16,49.968576,49.968650,49.968719
36.17,49.968574,49.968648,49.968718
36.18,49.968571,49.968646,49.968717
36.19,49.968568,49.968644,49.968716
36.20,49.968566,49.968643,49.968715
36.21,49.968563,49.968641,49.968714
36.22,49.968560,49.968639,49.968713
36.23,49.968558,49.968638,49.968712
36.24,49.968555,49.968636,49.968711
36.25,49.968552,49.968634,49.968710
36.26,49.968550,49.968632,49.968709
36.27,49.968547,49.968631,49.968708
36.28,49.968544,49.968629,49.968707
36.29,49.968542,49.968627,49.968706
36.30,49.968539,49.968626,49.968705
36.31,49.968537,49.968624,49.968704
36.32,49.968534,49.968622,49.968703
36.33,49.968532,49.968620,49.968701
36.34,49.968529,49.968619,49.968700
36.35,49.968526,49.968617,49.968699
36.36,49.968524,49.968615,49.968698
36.37,49.968521,49.968613,49.968697
36.38,49.968519,49.968612,49.968696
36.39,49.968516,49.968610,49.968695
36.40,49.968514,49.968608,49.968693
36.41,49.968511,49.968606,49.968692
36.42,49.968509,49.968604,49.968691
36.43,49.968506,49.968603,49.968690
36.44,49.968504,49.968601,49.968688
36.45,49.968501,49.968599,49.968687
36.46,49.968499,49.968597,49.968686
36.47,49.968496,49.968596,49.968685
36.48,49.968494,49.968594,49.968683
36.49,49.968491,49.968592,49.968682
36.50,49.968489,49.968590,49.968681
36.51,49.968486,49.968588,49.968679
36.52,49.968484,49.968587,49.968678
36.53,49.968481,49.968585,49.968676
36.54,49.968479,49.968583,49.968675
36.55,49.968476,49.968581,49.968674
36.56,49.968474,49.968579,49.968672
36.57,49.968472,49.968578,49.968671
36.58,49.968469,49.968576,49.968669
36.59,49.968467,49.968574,49.968668
36.60,49.968464,49.968572,49.968667
36.61,49.968462,49.968570,49.968665
36.62,49.968460,49.968568,49.968664
36.63,49.968457,49.968567,49.968662
36.64,49.968455,49.968565,49.968661
36.65,49.968453,49.968563,49.968659
36.66,49.968450,49.968561,49.968657
36.67,49.968448,49.968559,49.968656
36.68,49.968446,49.968557,49.968654
36.69,49.968443,49.968556,49.968653
36.70,49.968441,49.968554,49.968651
36.71,49.968439,49.968552,49.968650
36.72,49.968436,49.968550,49.968648
36.73,49.968434,49.968548,49.968646
36.74,49.968432,49.968546,49.968645
36.75,49.968429,49.968544,49.968643
36.76,49.968427,49.968543,49.968641
36.77,49.968425,49.968541,49.968640
36.78,49.968423,49.968539,49.968638
36.79,49.968420,49.968537,49.968636
36.80,49.968418,49.968535,49.968635
36.81,49.968416,49.968533,49.968633
36.82,49.968414,49.968531,49.968631
36.83,49.968411,49.968529,49.968629
36.84,49.968409,49.968527,49.968628
36.85,49.968407,49.968526,49.968626
36.86,49.968405,49.968524,49.968624
36.87,49.968403,49.968522,49.968622
36.88,49.968400,49.968520,49.968621
36.89,49.968398,49.968518,49.968619
36.90,49.968396,49.968516,49.968617
36.91,49.968394,49.968514,49.968615
36.92,49.968392,49.968512,49.968613
36.93,49.968390,49.968510,49.968611
36.94,49.968388,49.968508,49.968609
36.95,49.968385,49.968506,49.968608
36.96,49.968383,49.968504,49.968606
36.97,49.968381,49.968503,49.968604
36.98,49.968379,49.968501,49.968602
36.99,49.968377,49.968499,49.968600
37.00,49.968375,49.968497,49.968598
37.01,49.968373,49.968495,49.968596
37.02,49.968371,49.968493,49.968594
37.03,49.968369,49.968491,49.968592
37.04,49.968366,49.968489,49.968590
37.05,49.968364,49.968487,49.968588
37.06,49.968362,49.968485,49.968586
37.07,49.968360,49.968483,49.968584
37.08,49.968358,49.968481,49.968582
37.09,49.968356,49.968479,49.968580
37.10,49.968354,49.968477,49.968578
37.11,49.968352,49.968475,49.968576
37.12,49.968350,49.968473,49.968574
37.13,49.968348,49.968471,49.968571
37.14,49.968346,49.968469,49.968569
37.15,49.968344,49.968467,49.968567
37.16,49.968342,49.968465,49.968565
37.17,49.968340,49.968463,49.968563
37.18,49.968338,49.968461,49.968561
37.19,49.968336,49.968459,49.968559
37.20,49.968334,49.968457,49.968556
37.21,49.968332,49.968455,49.968554
37.22,49.968330,49.968453,49.968552
37.23,49.968329,49.968451,49.968550
37.24,49.968327,49.968449,49.968548
37.25,49.968325,49.968447,49.968545
37.26,49.968323,49.968445,49.968543
37.27,49.968321,49.968443,49.968541
37.28,49.968319,49.968441,49.968539
37.29,49.968317,49.968439,49.968536
37.30,49.968315,49.968437,49.968534
37.31,49.968313,49.968435,49.968532
37.32,49.968311,49.968433,49.968529
37.33,49.968310,49.968431,49.968527
37.34,49.968308,49.968429,49.968525
37.35,49.968306,49.968427,49.968522
37.36,49.968304,49.968425,49.968520
37.37,49.968302,49.968423,49.968518
37.38,49.968300,49.968421,49.968515
37.39,49.968299,49.968419,49.968513
37.40,49.968297,49.968417,49.968511
37.41,49.968295,49.968415,49.968508
37.42,49.968293,49.968413,49.968506
37.43,49.968291,49.968411,49.968503
37.44,49.968290,49.968409,49.968501
37.45,49.968288,49.968407,49.968499
37.46,49.968286,49.968405,49.968496
37.47,49.968284,49.968403,49.968494
37.48,49.968282,49.968400,49.968491
37.49,49.968281,49.968398,49.968489
37.50,49.968279,49.968396,49.968486
37.51,49.968277,49.968394,49.968484
37.52,49.968276,49.968392,49.968481
37.53,49.968274,49.968390,49.968479
37.54,49.968272,49.968388,49.968476
37.55,49.968270,49.968386,49.968474
37.56,49.968269,49.968384,49.968471
37.57,49.968267,49.968382,49.968469
37.58,49.968265,49.968380,49.968466
37.59,49.968264,49.968378,49.968464
37.60,49.968262,49.968376,49.968461
37.61,49.968260,49.968373,49.968459
37.62,49.968258,49.968371,49.968456
37.63,49.968257,49.968369,49.968453
37.64,49.968255,49.968367,49.968451
37.65,49.968253,49.968365,49.968448
37.66,49.968252,49.968363,49.968446
37.67,49.968250,49.968361,49.968443
37.68,49.968249,49.968359,49.968440
37.69,49.968247,49.968357,49.968438
37.70,49.968245,49.968354,49.968435
37.71,49.968244,49.968352,49.968433
37.72,49.968242,49.968350,49.968430
37.73,49.968240,49.968348,49.968427
37.74,49.968239,49.968346,49.968425
37.75,49.968237,49.968344,49.968422
37.76,49.968236,49.968342,49.968419
37.77,49.968234,49.968340,49.968417
37.78,49.968232,49.968337,49.968414
37.79,49.968231,49.968335,49.968411
37.80,49.968229,49.968333,49.968408
37.81,49.968228,49.968331,49.968406
37.82,49.968226,49.968329,49.968403
37.83,49.968225,49.968327,49.968400
37.84,49.968223,49.968325,49.968398
37.85,49.968221,49.968323,49.968395
37.86,49.968220,49.968320,49.968392
37.87,49.968218,49.968318,49.968389
37.88,49.968217,49.968316,49.968387
37.89,49.968215,49.968314,49.968384
37.90,49.968214,49.968312,49.968381
37.91,49.968212,49.968310,49.968378
37.92,49.968211,49.968307,49.968376
37.93,49.968209,49.968305,49.968373
37.94,49.968208,49.968303,49.968370
37.95,49.968206,49.968301,49.968367
37.96,49.968205,49.968299,49.968364
37.97,49.968203,49.968297,49.968362
37.98,49.968202,49.968294,49.968359
37.99,49.968200,49.968292,49.968356
38.00,49.968199,49.968290,49.968353
38.01,49.968197,49.968288,49.968350
38.02,49.968196,49.968286,49.968348
38.03,49.968194,49.968284,49.968345
38.04,49.968193,49.968281,49.968342
38.05,49.968191,49.968279,49.968339
38.06,49.968190,49.968277,49.968336
38.07,49.968188,49.968275,49.968333
38.08,49.968187,49.968273,49.968331
38.09,49.968185,49.968271,49.968328
38.10,49.968184,49.968268,49.968325
38.11,49.968183,49.968266,49.968322
38.12,49.968181,49.968264,49.968319
38.13,49.968180,49.968262,49.968316
38.14,49.968178,49.968260,49.968313
38.15,49.968177,49.968257,49.968311
38.16,49.968175,49.968255,49.968308
38.17,49.968174,49.968253,49.968305
38.18,49.968173,49.968251,49.968302
38.19,49.968171,49.968249,49.968299
38.20,49.968170,49.968247,49.968296
38.21,49.968168,49.968244,49.968293
38.22,49.968167,49.968242,49.968290
38.23,49.968165,49.968240,49.968288
38.24,49.968164,49.968238,49.968285
38.25,49.968163,49.968236,49.968282
38.26,49.968161,49.968233,49.968279
38.27,49.968160,49.968231,49.968276
38.28,49.968159,49.968229,49.968273
38.29,49.968157,49.968227,49.968270
38.30,49.968156,49.968225,49.968267
38.31,49.968154,49.968222,49.968264
38.32,49.968153,49.968220,49.968261
38.33,49.968152,49.968218,49.968259
38.34,49.968150,49.968216,49.968256
38.35,49.968149,49.968213,49.968253
38.36,49.968148,49.968211,49.968250
38.37,49.968146,49.968209,49.968247
38.38,49.968145,49.968207,49.968244
38.39,49.968143,49.968205,49.968241
38.40,49.968142,49.968202,49.968238
38.41,49.968141,49.968200,49.968235
38.42,49.968139,49.968198,49.968232
38.43,49.968138,49.968196,49.968229
38.44,49.968137,49.968194,49.968226
38.45,49.968135,49.968191,49.968223
38.46,49.968134,49.968189,49.968221
38.47,49.968133,49.968187,49.968218
38.48,49.968131,49.968185,49.968215
38.49,49.968130,49.968182,49.968212
38.50,49.968129,49.968180,49.968209
38.51,49.968127,49.968178,49.968206
38.52,49.968126,49.968176,49.968203
38.53,49.968125,49.968174,49.968200
38.54,49.968123,49.968171,49.968197
38.55,49.968122,49.968169,49.968194
38.56,49.968121,49.968167,49.968191
38.57,49.968119,49.968165,49.968188
38.58,49.968118,49.968163,49.968185
38.59,49.968117,49.968160,49.968182
38.60,49.968115,49.968158,49.968180
38.61,49.968114,49.968156,49.968177
38.62,49.968113,49.968154,49.968174
38.63,49.968111,49.968151,49.968171
38.64,49.968110,49.968149,49.968168
38.65,49.968109,49.968147,49.968165
38.66,49.968107,49.968145,49.968162
38.67,49.968106,49.968143,49.968159
38.68,49.968105,49.968140,49.968156
38.69,49.968103,49.968138,49.968153
38.70,49.968102,49.968136,49.968150
38.71,49.968101,49.968134,49.968147
38.72,49.968099,49.968131,49.968144
38.73,49.968098,49.968129,49.968142
38.74,49.968097,49.968127,49.968139
38.75,49.968095,49.968125,49.968136
38.76,49.968094,49.968123,49.968133
38.77,49.968093,49.968120,49.968130
38.78,49.968091,49.968118,49.968127
38.79,49.968090,49.968116,49.968124
38.80,49.968089,49.968114,49.968121
38.81,49.968087,49.968111,49.968118
38.82,49.968086,49.968109,49.968115
38.83,49.968085,49.968107,49.968113
38.84,49.968083,49.968105,49.968110
38.85,49.968082,49.968103,49.968107
38.86,49.968081,49.968100,49.968104
38.87,49.968080,49.968098,49.968101
38.88,49.968078,49.968096,49.968098
38.89,49.968077,49.968094,49.968095
38.90,49.968076,49.968091,49.968092
38.91,49.968074,49.968089,49.968089
38.92,49.968073,49.968087,49.968087
38.93,49.968072,49.968085,49.968084
38.94,49.968070,49.968083,49.968081
38.95,49.968069,49.968080,49.968078
38.96,49.968068,49.968078,49.968075
38.97,49.968066,49.968076,49.968072
38.98,49.968065,49.968074,49.968069
38.99,49.968064,49.968072,49.968067
39.00,49.968062,49.968069,49.968064
39.01,49.968061,49.968067,49.968061
39.02,49.968060,49.968065,49.968058
39.03,49.968058,49.968063,49.968055
39.04,49.968057,49.968060,49.968052
39.05,49.968056,49.968058,49.968050
39.06,49.968054,49.968056,49.968047
39.07,49.968053,49.968054,49.968044
39.08,49.968052,49.968052,49.968041
39.09,49.968050,49.968049,49.968038
39.10,49.968049,49.968047,49.968036
39.11,49.968048,49.968045,49.968033
39.12,49.968046,49.968043,49.968030
39.13,49.968045,49.968041,49.968027
39.14,49.968044,49.968038,49.968024
39.15,49.968042,49.968036,49.968022
39.16,49.968041,49.968034,49.968019
39.17,49.968040,49.968032,49.968016
39.18,49.968038,49.968030,49.968013
39.19,49.968037,49.968027,49.968011
39.20,49.968036,49.968025,49.968008
39.21,49.968034,49.968023,49.968005
39.22,49.968033,49.968021,49.968002
39.23,49.968031,49.968019,49.967999
39.24,49.968030,49.968016,49.967997
39.25,49.968029,49.968014,49.967994
39.26,49.968027,49.968012,49.967991
39.27,49.968026,49.968010,49.967989
39.28,49.968025,49.968008,49.967986
39.29,49.968023,49.968006,49.967983
39.30,49.968022,49.968003,49.967980
39.31,49.968021,49.968001,49.967978
39.32,49.968019,49.967999,49.967975
39.33,49.968018,49.967997,49.967972
39.34,49.968016,49.967995,49.967970
39.35,49.968015,49.967992,49.967967
39.36,49.968014,49.967990,49.967964
39.37,49.968012,49.967988,49.967962
39.38,49.968011,49.967986,49.967959
39.39,49.968009,49.967984,49.967956
39.40,49.968008,49.967982,49.967954
39.41,49.968007,49.967979,49.967951
39.42,49.968005,49.967977,49.967948
39.43,49.968004,49.967975,49.967946
39.44,49.968002,49.967973,49.967943
39.45,49.968001,49.967971,49.967940
39.46,49.968000,49.967969,49.967938
39.47,49.967998,49.967967,49.967935
39.48,49.967997,49.967964,49.967933
39.49,49.967995,49.967962,49.967930
39.50,49.967994,49.967960,49.967927
39.51,49.967993,49.967958,49.967925
39.52,49.967991,49.967956,49.967922
39.53,49.967990,49.967954,49.967920
39.54,49.967988,49.967952,49.967917
39.55,49.967987,49.967949,49.967914
39.56,49.967985,49.967947,49.967912
39.57,49.967984,49.967945,49.967909
39.58,49.967983,49.967943,49.967907
39.59,49.967981,49.967941,49.967904
39.60,49.967980,49.967939,49.967902
39.61,49.967978,49.967937,49.967899
39.62,49.967977,49.967934,49.967897
39.63,49.967975,49.967932,49.967894
39.64,49.967974,49.967930,49.967892
39.65,49.967972,49.967928,49.967889
39.66,49.967971,49.967926,49.967887
39.67,49.967969,49.967924,49.967884
39.68,49.967968,49.967922,49.967882
39.69,49.967967,49.967920,49.967879
39.70,49.967965,49.967918,49.967877
39.71,49.967964,49.967915,49.967874
39.72,49.967962,49.967913,49.967872
39.73,49.967961,49.967911,49.967869
39.74,49.967959,49.967909,49.967867
39.75,49.967958,49.967907,49.967864
39.76,49.967956,49.967905,49.967862
39.77,49.967955,49.967903,49.967860
39.78,49.967953,49.967901,49.967857
39.79,49.967952,49.967899,49.967855
39.80,49.967950,49.967897,49.967852
39.81,49.967949,49.967894,49.967850
39.82,49.967947,49.967892,49.967848
39.83,49.967946,49.967890,49.967845
39.84,49.967944,49.967888,49.967843
39.85,49.967943,49.967886,49.967841
39.86,49.967941,49.967884,49.967838
39.87,49.967939,49.967882,49.967836
39.88,49.967938,49.967880,49.967833
39.89,49.967936,49.967878,49.967831
39.90,49.967935,49.967876,49.967829
39.91,49.967933,49.967874,49.967827
39.92,49.967932,49.967872,49.967824
39.93,49.967930,49.967870,49.967822
39.94,49.967929,49.967868,49.967820
39.95,49.967927,49.967866,49.967817
39.96,49.967925,49.967863,49.967815
39.97,49.967924,49.967861,49.967813
39.98,49.967922,49.967859,49.967810
39.99,49.967921,49.967857,49.967808
40.00,49.967919,49.967855,49.967806
40.01,49.967918,49.967853,49.967804
40.02,49.967916,49.967851,49.967801
40.03,49.967914,49.967849,49.967799
40.04,49.967913,49.967847,49.967797
40.05,49.967911,49.967845,49.967795
40.06,49.967910,49.967843,49.967793
40.07,49.967908,49.967841,49.967790
40.08,49.967906,49.967839,49.967788
40.09,49.967905,49.967837,49.967786
40.10,49.967903,49.967835,49.967784
40.11,49.967902,49.967833,49.967782
40.12,49.967900,49.967831,49.967779
40.13,49.967898,49.967829,49.967777
40.14,49.967897,49.967827,49.967775
40.15,49.967895,49.967825,49.967773
40.16,49.967893,49.967823,49.967771
40.17,49.967892,49.967821,49.967769
40.18,49.967890,49.967819,49.967767
40.19,49.967889,49.967817,49.967765
40.20,49.967887,49.967815,49.967762
40.21,49.967885,49.967813,49.967760
40.22,49.967884,49.967811,49.967758
40.23,49.967882,49.967809,49.967756
40.24,49.967880,49.967807,49.967754
40.25,49.967879,49.967805,49.967752
40.26,49.967877,49.967803,49.967750
40.27,49.967875,49.967801,49.967748
40.28,49.967874,49.967799,49.967746
40.29,49.967872,49.967797,49.967744
40.30,49.967870,49.967795,49.967742
40.31,49.967869,49.967793,49.967740
40.32,49.967867,49.967792,49.967738
40.33,49.967865,49.967790,49.967736
40.34,49.967863,49.967788,49.967734
40.35,49.967862,49.967786,49.967732
40.36,49.967860,49.967784,49.967730
40.37,49.967858,49.967782,49.967728
40.38,49.967857,49.967780,49.967726
40.39,49.967855,49.967778,49.967724
40.40,49.967853,49.967776,49.967722
40.41,49.967851,49.967774,49.967720
40.42,49.967850,49.967772,49.967718
40.43,49.967848,49.967770,49.967716
40.44,49.967846,49.967768,49.967714
40.45,49.967845,49.967767,49.967712
40.46,49.967843,49.967765,49.967710
40.47,49.967841,49.967763,49.967708
40.48,49.967839,49.967761,49.967707
40.49,49.967838,49.967759,49.967705
40.50,49.967836,49.967757,49.967703
40.51,49.967834,49.967755,49.967701
40.52,49.967832,49.967753,49.967699
40.53,49.967830,49.967751,49.967697
40.54,49.967829,49.967749,49.967695
40.55,49.967827,49.967748,49.967693
40.56,49.967825,49.967746,49.967692
40.57,49.967823,49.967744,49.967690
40.58,49.967822,49.967742,49.967688
40.59,49.967820,49.967740,49.967686
40.60,49.967818,49.967738,49.967684
40.61,49.967816,49.967736,49.967683
40.62,49.967814,49.967735,49.967681
40.63,49.967813,49.967733,49.967679
40.64,49.967811,49.967731,49.967677
40.65,49.967809,49.967729,49.967675
40.66,49.967807,49.967727,49.967674
40.67,49.967805,49.967725,49.967672
40.68,49.967804,49.967724,49.967670
40.69,49.967802,49.967722,49.967668
40.70,49.967800,49.967720,49.967667
40.71,49.967798,49.967718,49.967665
40.72,49.967796,49.967716,49.967663
40.73,49.967795,49.967714,49.967662
40.74,49.967793,49.967713,49.967660
40.75,49.967791,49.967711,49.967658
40.76,49.967789,49.967709,49.967656
40.77,49.967787,49.967707,49.967655
40.78,49.967785,49.967705,49.967653
40.79,49.967784,49.967704,49.967651
40.80,49.967782,49.967702,49.967650
40.81,49.967780,49.967700,49.967648
40.82,49.967778,49.967698,49.967646
40.83,49.967776,49.967696,49.967645
40.84,49.967774,49.967695,49.967643
40.85,49.967772,49.967693,49.967641
40.86,49.967771,49.967691,49.967640
40.87,49.967769,49.967689,49.967638
40.88,49.967767,49.967688,49.967637
40.89,49.967765,49.967686,49.967635
40.90,49.967763,49.967684,49.967633
40.91,49.967761,49.967682,49.967632
40.92,49.967759,49.967680,49.967630
40.93,49.967757,49.967679,49.967629
40.94,49.967756,49.967677,49.967627
40.95,49.967754,49.967675,49.967626
40.96,49.967752,49.967674,49.967624
40.97,49.967750,49.967672,49.967622
40.98,49.967748,49.967670,49.967621
40.99,49.967746,49.967668,49.967619
41.00,49.967744,49.967667,49.967618
41.01,49.967742,49.967665,49.967616
41.02,49.967740,49.967663,49.967615
41.03,49.967738,49.967661,49.967613
41.04,49.967737,49.967660,49.967612
41.05,49.967735,49.967658,49.967610
41.06,49.967733,49.967656,49.967609
41.07,49.967731,49.967655,49.967607
41.08,49.967729,49.967653,49.967606
41.09,49.967727,49.967651,49.967604
41.10,49.967725,49.967649,49.967603
41.11,49.967723,49.967648,49.967601
41.12,49.967721,49.967646,49.967600
41.13,49.967719,49.967644,49.967598
41.14,49.967717,49.967643,49.967597
41.15,49.967715,49.967641,49.967596
41.16,49.967714,49.967639,49.967594
41.17,49.967712,49.967638,49.967593
41.18,49.967710,49.967636,49.967591
41.19,49.967708,49.967634,49.967590
41.20,49.967706,49.967633,49.967588
41.21,49.967704,49.967631,49.967587
41.22,49.967702,49.967629,49.967586
41.23,49.967700,49.967628,49.967584
41.24,49.967698,49.967626,49.967583
41.25,49.967696,49.967624,49.967581
41.26,49.967694,49.967623,49.967580
41.27,49.967692,49.967621,49.967579
41.28,49.967690,49.967620,49.967577
41.29,49.967688,49.967618,49.967576
41.30,49.967686,49.967616,49.967575
41.31,49.967684,49.967615,49.967573
41.32,49.967682,49.967613,49.967572
41.33,49.967681,49.967611,49.967571
41.34,49.967679,49.967610,49.967569
41.35,49.967677,49.967608,49.967568
41.36,49.967675,49.967607,49.967567
41.37,49.967673,49.967605,49.967565
41.38,49.967671,49.967603,49.967564
41.39,49.967669,49.967602,49.967563
41.40,49.967667,49.967600,49.967561
41.41,49.967665,49.967599,49.967560
41.42,49.967663,49.967597,49.967559
41.43,49.967661,49.967595,49.967557
41.44,49.967659,49.967594,49.967556
41.45,49.967657,49.967592,49.967555
41.46,49.967655,49.967591,49.967554
41.47,49.967653,49.967589,49.967552
41.48,49.967651,49.967588,49.967551
41.49,49.967649,49.967586,49.967550
41.50,49.967647,49.967584,49.967549
41.51,49.967645,49.967583,49.967547
41.52,49.967643,49.967581,49.967546
41.53,49.967641,49.967580,49.967545
41.54,49.967639,49.967578,49.967544
41.55,49.967637,49.967577,49.967542
41.56,49.967635,49.967575,49.967541
41.57,49.967633,49.967574,49.967540
41.58,49.967631,49.967572,49.967539
41.59,49.967629,49.967571,49.967538
41.60,49.967627,49.967569,49.967536
41.61,49.967625,49.967567,49.967535
41.62,49.967623,49.967566,49.967534
41.63,49.967621,49.967564,49.967533
41.64,49.967620,49.967563,49.967532
41.65,49.967618,49.967561,49.967530
41.66,49.967616,49.967560,49.967529
41.67,49.967614,49.967558,49.967528
41.68,49.967612,49.967557,49.967527
41.69,49.967610,49.967555,49.967526
41.70,49.967608,49.967554,49.967525
41.71,49.967606,49.967552,49.967523
41.72,49.967604,49.967551,49.967522
41.73,49.967602,49.967549,49.967521
41.74,49.967600,49.967548,49.967520
41.75,49.967598,49.967546,49.967519
41.76,49.967596,49.967545,49.967518
41.77,49.967594,49.967543,49.967516
41.78,49.967592,49.967542,49.967515
41.79,49.967590,49.967540,49.967514
41.80,49.967588,49.967539,49.967513
41.81,49.967586,49.967538,49.967512
41.82,49.967584,49.967536,49.967511
41.83,49.967582,49.967535,49.967510
41.84,49.967580,49.967533,49.967509
41.85,49.967578,49.967532,49.967508
41.86,49.967576,49.967530,49.967506
41.87,49.967574,49.967529,49.967505
41.88,49.967572,49.967527,49.967504
41.89,49.967570,49.967526,49.967503
41.90,49.967568,49.967525,49.967502
41.91,49.967566,49.967523,49.967501
41.92,49.967564,49.967522,49.967500
41.93,49.967562,49.967520,49.967499
41.94,49.967560,49.967519,49.967498
41.95,49.967558,49.967517,49.967497
41.96,49.967557,49.967516,49.967496
41.97,49.967555,49.967515,49.967495
41.98,49.967553,49.967513,49.967493
41.99,49.967551,49.967512,49.967492
42.00,49.967549,49.967510,49.967491
42.01,49.967547,49.967509,49.967490
42.02,49.967545,49.967507,49.967489
42.03,49.967543,49.967506,49.967488
42.04,49.967541,49.967505,49.967487
42.05,49.967539,49.967503,49.967486
42.06,49.967537,49.967502,49.967485
42.07,49.967535,49.967500,49.967484
42.08,49.967533,49.967499,49.967483
42.09,49.967531,49.967498,49.967482
42.10,49.967529,49.967496,49.967481
42.11,49.967527,49.967495,49.967480
42.12,49.967525,49.967494,49.967479
42.13,49.967524,49.967492,49.967478
42.14,49.967522,49.967491,49.967477
42.15,49.967520,49.967489,49.967476
42.16,49.967518,49.967488,49.967475
42.17,49.967516,49.967487,49.967474
42.18,49.967514,49.967485,49.967473
42.19,49.967512,49.967484,49.967472
42.20,49.967510,49.967483,49.967471
42.21,49.967508,49.967481,49.967470
42.22,49.967506,49.967480,49.967469
42.23,49.967504,49.967479,49.967468
42.24,49.967502,49.967477,49.967467
42.25,49.967501,49.967476,49.967466
42.26,49.967499,49.967475,49.967465
42.27,49.967497,49.967473,49.967464
42.28,49.967495,49.967472,49.967463
42.29,49.967493,49.967471,49.967462
42.30,49.967491,49.967469,49.967461
42.31,49.967489,49.967468,49.967460
42.32,49.967487,49.967467,49.967459
42.33,49.967485,49.967465,49.967458
42.34,49.967484,49.967464,49.967457
42.35,49.967482,49.967463,49.967456
42.36,49.967480,49.967461,49.967455
42.37,49.967478,49.967460,49.967454
42.38,49.967476,49.967459,49.967453
42.39,49.967474,49.967457,49.967452
42.40,49.967472,49.967456,49.967451
42.41,49.967470,49.967455,49.967450
42.42,49.967469,49.967453,49.967449
42.43,49.967467,49.967452,49.967448
42.44,49.967465,49.967451,49.967447
42.45,49.967463,49.967450,49.967446
42.46,49.967461,49.967448,49.967445
42.47,49.967459,49.967447,49.967444
42.48,49.967457,49.967446,49.967444
42.49,49.967456,49.967444,49.967443
42.50,49.967454,49.967443,49.967442
42.51,49.967452,49.967442,49.967441
42.52,49.967450,49.967441,49.967440
42.53,49.967448,49.967439,49.967439
42.54,49.967447,49.967438,49.967438
42.55,49.967445,49.967437,49.967437
42.56,49.967443,49.967436,49.967436
42.57,49.967441,49.967434,49.967435
42.58,49.967439,49.967433,49.967434
42.59,49.967437,49.967432,49.967433
42.60,49.967436,49.967431,49.967432
42.61,49.967434,49.967429,49.967431
42.62,49.967432,49.967428,49.967430
42.63,49.967430,49.967427,49.967429
42.64,49.967429,49.967426,49.967428
42.65,49.967427,49.967424,49.967428
42.66,49.967425,49.967423,49.967427
42.67,49.967423,49.967422,49.967426
42.68,49.967421,49.967421,49.967425
42.69,49.967420,49.967419,49.967424
42.70,49.967418,49.967418,49.967423
42.71,49.967416,49.967417,49.967422
42.72,49.967414,49.967416,49.967421
42.73,49.967413,49.967414,49.967420
42.74,49.967411,49.967413,49.967419
42.75,49.967409,49.967412,49.967418
42.76,49.967407,49.967411,49.967417
42.77,49.967406,49.967410,49.967416
42.78,49.967404,49.967408,49.967416
42.79,49.967402,49.967407,49.967415
42.80,49.967400,49.967406,49.967414
42.81,49.967399,49.967405,49.967413
42.82,49.967397,49.967403,49.967412
42.83,49.967395,49.967402,49.967411
42.84,49.967394,49.967401,49.967410
42.85,49.967392,49.967400,49.967409
42.86,49.967390,49.967399,49.967408
42.87,49.967389,49.967397,49.967407
42.88,49.967387,49.967396,49.967406
42.89,49.967385,49.967395,49.967405
42.90,49.967383,49.967394,49.967405
42.91,49.967382,49.967393,49.967404
42.92,49.967380,49.967392,49.967403
42.93,49.967378,49.967390,49.967402
42.94,49.967377,49.967389,49.967401
42.95,49.967375,49.967388,49.967400
42.96,49.967373,49.967387,49.967399
42.97,49.967372,49.967386,49.967398
42.98,49.967370,49.967384,49.967397
42.99,49.967369,49.967383,49.967396
43.00,49.967367,49.967382,49.967395
43.01,49.967365,49.967381,49.967395
43.02,49.967364,49.967380,49.967394
43.03,49.967362,49.967379,49.967393
43.04,49.967360,49.967377,49.967392
43.05,49.967359,49.967376,49.967391
43.06,49.967357,49.967375,49.967390
43.07,49.967356,49.967374,49.967389
43.08,49.967354,49.967373,49.967388
43.09,49.967352,49.967372,49.967387
43.10,49.967351,49.967370,49.967386
43.11,49.967349,49.967369,49.967385
43.12,49.967348,49.967368,49.967385
43.13,49.967346,49.967367,49.967384
43.14,49.967344,49.967366,49.967383
43.15,49.967343,49.967365,49.967382
43.16,49.967341,49.967364,49.967381
43.17,49.967340,49.967362,49.967380
43.18,49.967338,49.967361,49.967379
43.19,49.967337,49.967360,49.967378
43.20,49.967335,49.967359,49.967377
43.21,49.967334,49.967358,49.967376
43.22,49.967332,49.967357,49.967375
43.23,49.967331,49.967356,49.967374
43.24,49.967329,49.967355,49.967374
43.25,49.967328,49.967353,49.967373
43.26,49.967326,49.967352,49.967372
43.27,49.967325,49.967351,49.967371
43.28,49.967323,49.967350,49.967370
43.29,49.967322,49.967349,49.967369
43.30,49.967320,49.967348,49.967368
43.31,49.967319,49.967347,49.967367
43.32,49.967317,49.967346,49.967366
43.33,49.967316,49.967344,49.967365
43.34,49.967314,49.967343,49.967364
43.35,49.967313,49.967342,49.967364
43.36,49.967311,49.967341,49.967363
43.37,49.967310,49.967340,49.967362
43.38,49.967308,49.967339,49.967361
43.39,49.967307,49.967338,49.967360
43.40,49.967305,49.967337,49.967359
43.41,49.967304,49.967336,49.967358
43.42,49.967303,49.967335,49.967357
43.43,49.967301,49.967333,49.967356
43.44,49.967300,49.967332,49.967355
43.45,49.967298,49.967331,49.967354
43.46,49.967297,49.967330,49.967353
43.47,49.967296,49.967329,49.967352
43.48,49.967294,49.967328,49.967352
43.49,49.967293,49.967327,49.967351
43.50,49.967291,49.967326,49.967350
43.51,49.967290,49.967325,49.967349
43.52,49.967289,49.967324,49.967348
43.53,49.967287,49.967323,49.967347
43.54,49.967286,49.967321,49.967346
43.55,49.967285,49.967320,49.967345
43.56,49.967283,49.967319,49.967344
43.57,49.967282,49.967318,49.967343
43.58,49.967280,49.967317,49.967342
43.59,49.967279,49.967316,49.967341
43.60,49.967278,49.967315,49.967340
43.61,49.967276,49.967314,49.967340
43.62,49.967275,49.967313,49.967339
43.63,49.967274,49.967312,49.967338
43.64,49.967273,49.967311,49.967337
43.65,49.967271,49.967310,49.967336
43.66,49.967270,49.967309,49.967335
43.67,49.967269,49.967308,49.967334
43.68,49.967267,49.967307,49.967333
43.69,49.967266,49.967306,49.967332
43.70,49.967265,49.967304,49.967331
43.71,49.967264,49.967303,49.967330
43.72,49.967262,49.967302,49.967329
43.73,49.967261,49.967301,49.967328
43.74,49.967260,49.967300,49.967327
43.75,49.967259,49.967299,49.967326
43.76,49.967257,49.967298,49.967326
43.77,49.967256,49.967297,49.967325
43.78,49.967255,49.967296,49.967324
43.79,49.967254,49.967295,49.967323
43.80,49.967252,49.967294,49.967322
43.81,49.967251,49.967293,49.967321
43.82,49.967250,49.967292,49.967320
43.83,49.967249,49.967291,49.967319
43.84,49.967248,49.967290,49.967318
43.85,49.967246,49.967289,49.967317
43.86,49.967245,49.967288,49.967316
43.87,49.967244,49.967287,49.967315
43.88,49.967243,49.967286,49.967314
43.89,49.967242,49.967285,49.967313
43.90,49.967240,49.967284,49.967312
43.91,49.967239,49.967283,49.967311
43.92,49.967238,49.967282,49.967310
43.93,49.967237,49.967281,49.967309
43.94,49.967236,49.967280,49.967308
43.95,49.967235,49.967279,49.967308
43.96,49.967234,49.967278,49.967307
43.97,49.967232,49.967277,49.967306
43.98,49.967231,49.967276,49.967305
43.99,49.967230,49.967275,49.967304
44.00,49.967229,49.967274,49.967303
44.01,49.967228,49.967273,49.967302
44.02,49.967227,49.967272,49.967301
44.03,49.967226,49.967271,49.967300
44.04,49.967225,49.967270,49.967299
44.05,49.967224,49.967269,49.967298
44.06,49.967223,49.967268,49.967297
44.07,49.967221,49.967267,49.967296
44.08,49.967220,49.967266,49.967295
44.09,49.967219,49.967265,49.967294
44.10,49.967218,49.967264,49.967293
44.11,49.967217,49.967263,49.967292
44.12,49.967216,49.967262,49.967291
44.13,49.967215,49.967261,49.967290
44.14,49.967214,49.967260,49.967289
44.15,49.967213,49.967259,49.967288
44.16,49.967212,49.967258,49.967287
44.17,49.967211,49.967257,49.967286
44.18,49.967210,49.967256,49.967285
44.19,49.967209,49.967255,49.967284
44.20,49.967208,49.967254,49.967283
44.21,49.967207,49.967253,49.967282
44.22,49.967206,49.967252,49.967282
44.23,49.967205,49.967251,49.967281
44.24,49.967204,49.967250,49.967280
44.25,49.967203,49.967249,49.967279
44.26,49.967202,49.967248,49.967278
44.27,49.967201,49.967247,49.967277
44.28,49.967200,49.967246,49.967276
44.29,49.967199,49.967245,49.967275
44.30,49.967198,49.967244,49.967274
44.31,49.967197,49.967243,49.967273
44.32,49.967196,49.967242,49.967272
44.33,49.967195,49.967241,49.967271
44.34,49.967194,49.967240,49.967270
44.35,49.967194,49.967239,49.967269
44.36,49.967193,49.967238,49.967268
44.37,49.967192,49.967237,49.967267
44.38,49.967191,49.967236,49.967266
44.39,49.967190,49.967235,49.967265
44.40,49.967189,49.967234,49.967264
44.41,49.967188,49.967233,49.967263
44.42,49.967187,49.967232,49.967262
44.43,49.967186,49.967232,49.967261
44.44,49.967185,49.967231,49.967260
44.45,49.967185,49.967230,49.967259
44.46,49.967184,49.967229,49.967258
44.47,49.967183,49.967228,49.967257
44.48,49.967182,49.967227,49.967256
44.49,49.967181,49.967226,49.967255
44.50,49.967180,49.967225,49.967254
44.51,49.967179,49.967224,49.967253
44.52,49.967179,49.967223,49.967252
44.53,49.967178,49.967222,49.967251
44.54,49.967177,49.967221,49.967250
44.55,49.967176,49.967220,49.967249
44.56,49.967175,49.967219,49.967248
44.57,49.967174,49.967218,49.967247
44.58,49.967174,49.967217,49.967246
44.59,49.967173,49.967217,49.967245
44.60,49.967172,49.967216,49.967244
44.61,49.967171,49.967215,49.967243
44.62,49.967170,49.967214,49.967242
44.63,49.967170,49.967213,49.967241
44.64,49.967169,49.967212,49.967240
44.65,49.967168,49.967211,49.967239
44.66,49.967167,49.967210,49.967238
44.67,49.967167,49.967209,49.967237
44.68,49.967166,49.967208,49.967236
44.69,49.967165,49.967207,49.967235
44.70,49.967164,49.967206,49.967234
44.71,49.967164,49.967206,49.967233
44.72,49.967163,49.967205,49.967232
44.73,49.967162,49.967204,49.967231
44.74,49.967161,49.967203,49.967230
44.75,49.967161,49.967202,49.967229
44.76,49.967160,49.967201,49.967228
44.77,49.967159,49.967200,49.967227
44.78,49.967158,49.967199,49.967226
44.79,49.967158,49.967198,49.967225
44.80,49.967157,49.967197,49.967224
44.81,49.967156,49.967197,49.967223
44.82,49.967156,49.967196,49.967222
44.83,49.967155,49.967195,49.967221
44.84,49.967154,49.967194,49.967220
44.85,49.967153,49.967193,49.967219
44.86,49.967153,49.967192,49.967218
44.87,49.967152,49.967191,49.967217
44.88,49.967151,49.967190,49.967216
44.89,49.967151,49.967189,49.967215
44.90,49.967150,49.967189,49.967214
44.91,49.967149,49.967188,49.967213
44.92,49.967149,49.967187,49.967212
44.93,49.967148,49.967186,49.967211
44.94,49.967147,49.967185,49.967210
44.95,49.967147,49.967184,49.967209
44.96,49.967146,49.967183,49.967208
44.97,49.967146,49.967183,49.967207
44.98,49.967145,49.967182,49.967206
44.99,49.967144,49.967181,49.967205
45.00,49.967144,49.967180,49.967204
45.01,49.967143,49.967179,49.967203
45.02,49.967142,49.967178,49.967202
45.03,49.967142,49.967177,49.967201
45.04,49.967141,49.967176,49.967200
45.05,49.967141,49.967176,49.967199
45.06,49.967140,49.967175,49.967198
45.07,49.967139,49.967174,49.967197
45.08,49.967139,49.967173,49.967197
45.09,49.967138,49.967172,49.967196
45.10,49.967138,49.967171,49.967195
45.11,49.967137,49.967171,49.967194
45.12,49.967136,49.967170,49.967193
45.13,49.967136,49.967169,49.967192
45.14,49.967135,49.967168,49.967191
45.15,49.967135,49.967167,49.967190
45.16,49.967134,49.967166,49.967189
45.17,49.967134,49.967166,49.967188
45.18,49.967133,49.967165,49.967187
45.19,49.967132,49.967164,49.967186
45.20,49.967132,49.967163,49.967185
45.21,49.967131,49.967162,49.967184
45.22,49.967131,49.967161,49.967183
45.23,49.967130,49.967161,49.967182
45.24,49.967130,49.967160,49.967181
45.25,49.967129,49.967159,49.967180
45.26,49.967129,49.967158,49.967179
45.27,49.967128,49.967157,49.967178
45.28,49.967128,49.967156,49.967177
45.29,49.967127,49.967156,49.967176
45.30,49.967127,49.967155,49.967175
45.31,49.967126,49.967154,49.967174
45.32,49.967126,49.967153,49.967173
45.33,49.967125,49.967152,49.967172
45.34,49.967125,49.967152,49.967171
45.35,49.967124,49.967151,49.967170
45.36,49.967124,49.967150,49.967169
45.37,49.967123,49.967149,49.967168
45.38,49.967123,49.967148,49.967167
45.39,49.967122,49.967148,49.967166
45.40,49.967122,49.967147,49.967165
45.41,49.967121,49.967146,49.967164
45.42,49.967121,49.967145,49.967163
45.43,49.967120,49.967144,49.967162
45.44,49.967120,49.967144,49.967161
45.45,49.967119,49.967143,49.967160
45.46,49.967119,49.967142,49.967159
45.47,49.967118,49.967141,49.967158
45.48,49.967118,49.967140,49.967157
45.49,49.967117,49.967140,49.967157
45.50,49.967117,49.967139,49.967156
45.51,49.967116,49.967138,49.967155
45.52,49.967116,49.967137,49.967154
45.53,49.967116,49.967137,49.967153
45.54,49.967115,49.967136,49.967152
45.55,49.967115,49.967135,49.967151
45.56,49.967114,49.967134,49.967150
45.57,49.967114,49.967134,49.967149
45.58,49.967113,49.967133,49.967148
45.59,49.967113,49.967132,49.967147
45.60,49.967112,49.967131,49.967146
45.61,49.967112,49.967131,49.967145
45.62,49.967112,49.967130,49.967144
45.63,49.967111,49.967129,49.967143
45.64,49.967111,49.967128,49.967142
45.65,49.967110,49.967128,49.967141
45.66,49.967110,49.967127,49.967140
45.67,49.967110,49.967126,49.967140
45.68,49.967109,49.967125,49.967139
45.69,49.967109,49.967125,49.967138
45.70,49.967108,49.967124,49.967137
45.71,49.967108,49.967123,49.967136
45.72,49.967107,49.967122,49.967135
45.73,49.967107,49.967122,49.967134
45.74,49.967107,49.967121,49.967133
45.75,49.967106,49.967120,49.967132
45.76,49.967106,49.967119,49.967131
45.77,49.967106,49.967119,49.967130
45.78,49.967105,49.967118,49.967129
45.79,49.967105,49.967117,49.967128
45.80,49.967104,49.967117,49.967128
45.81,49.967104,49.967116,49.967127
45.82,49.967104,49.967115,49.967126
45.83,49.967103,49.967114,49.967125
45.84,49.967103,49.967114,49.967124
45.85,49.967102,49.967113,49.967123
45.86,49.967102,49.967112,49.967122
45.87,49.967102,49.967112,49.967121
45.88,49.967101,49.967111,49.967120
45.89,49.967101,49.967110,49.967119
45.90,49.967101,49.967109,49.967119
45.91,49.967100,49.967109,49.967118
45.92,49.967100,49.967108,49.967117
45.93,49.967100,49.967107,49.967116
45.94,49.967099,49.967107,49.967115
45.95,49.967099,49.967106,49.967114
45.96,49.967098,49.967105,49.967113
45.97,49.967098,49.967105,49.967112
45.98,49.967098,49.967104,49.967112
45.99,49.967097,49.967103,49.967111
46.00,49.967097,49.967103,49.967110
46.01,49.967097,49.967102,49.967109
46.02,49.967096,49.967101,49.967108
46.03,49.967096,49.967101,49.967107
46.04,49.967096,49.967100,49.967106
46.05,49.967095,49.967099,49.967105
46.06,49.967095,49.967099,49.967105
46.07,49.967095,49.967098,49.967104
46.08,49.967094,49.967097,49.967103
46.09,49.967094,49.967097,49.967102
46.10,49.967094,49.967096,49.967101
46.11,49.967093,49.967095,49.967100
46.12,49.967093,49.967095,49.967099
46.13,49.967093,49.967094,49.967099
46.14,49.967092,49.967093,49.967098
46.15,49.967092,49.967093,49.967097
46.16,49.967092,49.967092,49.967096
46.17,49.967091,49.967091,49.967095
46.18,49.967091,49.967091,49.967094
46.19,49.967091,49.967090,49.967094
46.20,49.967090,49.967090,49.967093
46.21,49.967090,49.967089,49.967092
46.22,49.967090,49.967088,49.967091
46.23,49.967090,49.967088,49.967090
46.24,49.967089,49.967087,49.967090
46.25,49.967089,49.967086,49.967089
46.26,49.967089,49.967086,49.967088
46.27,49.967088,49.967085,49.967087
46.28,49.967088,49.967085,49.967086
46.29,49.967088,49.967084,49.967086
46.30,49.967087,49.967083,49.967085
46.31,49.967087,49.967083,49.967084
46.32,49.967087,49.967082,49.967083
46.33,49.967086,49.967081,49.967082
46.34,49.967086,49.967081,49.967082
46.35,49.967086,49.967080,49.967081
46.36,49.967086,49.967080,49.967080
46.37,49.967085,49.967079,49.967079
46.38,49.967085,49.967078,49.967078
46.39,49.967085,49.967078,49.967078
46.40,49.967084,49.967077,49.967077
46.41,49.967084,49.967077,49.967076
46.42,49.967084,49.967076,49.967075
46.43,49.967084,49.967076,49.967075
46.44,49.967083,49.967075,49.967074
46.45,49.967083,49.967074,49.967073
46.46,49.967083,49.967074,49.967072
46.47,49.967082,49.967073,49.967072
46.48,49.967082,49.967073,49.967071
46.49,49.967082,49.967072,49.967070
46.50,49.967082,49.967072,49.967069
46.51,49.967081,49.967071,49.967069
46.52,49.967081,49.967070,49.967068
46.53,49.967081,49.967070,49.967067
46.54,49.967080,49.967069,49.967066
46.55,49.967080,49.967069,49.967066
46.56,49.967080,49.967068,49.967065
46.57,49.967080,49.967068,49.967064
46.58,49.967079,49.967067,49.967063
46.59,49.967079,49.967067,49.967063
46.60,49.967079,49.967066,49.967062
46.61,49.967078,49.967065,49.967061
46.62,49.967078,49.967065,49.967061
46.63,49.967078,49.967064,49.967060
46.64,49.967078,49.967064,49.967059
46.65,49.967077,49.967063,49.967059
46.66,49.967077,49.967063,49.967058
46.67,49.967077,49.967062,49.967057
46.68,49.967076,49.967062,49.967056
46.69,49.967076,49.967061,49.967056
46.70,49.967076,49.967061,49.967055
46.71,49.967076,49.967060,49.967054
46.72,49.967075,49.967060,49.967054
46.73,49.967075,49.967059,49.967053
46.74,49.967075,49.967059,49.967052
46.75,49.967075,49.967058,49.967052
46.76,49.967074,49.967058,49.967051
46.77,49.967074,49.967057,49.967050
46.78,49.967074,49.967057,49.967050
46.79,49.967073,49.967056,49.967049
46.80,49.967073,49.967056,49.967048
46.81,49.967073,49.967055,49.967048
46.82,49.967073,49.967055,49.967047
46.83,49.967072,49.967054,49.967047
46.84,49.967072,49.967054,49.967046
46.85,49.967072,49.967053,49.967045
46.86,49.967072,49.967053,49.967045
46.87,49.967071,49.967052,49.967044
46.88,49.967071,49.967052,49.967043
46.89,49.967071,49.967051,49.967043
46.90,49.967071,49.967051,49.967042
46.91,49.967070,49.967050,49.967042
46.92,49.967070,49.967050,49.967041
46.93,49.967070,49.967049,49.967040
46.94,49.967069,49.967049,49.967040
46.95,49.967069,49.967049,49.967039
46.96,49.967069,49.967048,49.967039
46.97,49.967069,49.967048,49.967038
46.98,49.967068,49.967047,49.967037
46.99,49.967068,49.967047,49.967037
47.00,49.967068,49.967046,49.967036
47.01,49.967068,49.967046,49.967036
47.02,49.967067,49.967045,49.967035
47.03,49.967067,49.967045,49.967035
47.04,49.967067,49.967044,49.967034
47.05,49.967067,49.967044,49.967033
47.06,49.967066,49.967044,49.967033
47.07,49.967066,49.967043,49.967032
47.08,49.967066,49.967043,49.967032
47.09,49.967066,49.967042,49.967031
47.10,49.967065,49.967042,49.967031
47.11,49.967065,49.967041,49.967030
47.12,49.967065,49.967041,49.967030
47.13,49.967064,49.967041,49.967029
47.14,49.967064,49.967040,49.967029
47.15,49.967064,49.967040,49.967028
47.16,49.967064,49.967039,49.967028
47.17,49.967063,49.967039,49.967027
47.18,49.967063,49.967039,49.967026
47.19,49.967063,49.967038,49.967026
47.20,49.967063,49.967038,49.967025
47.21,49.967062,49.967037,49.967025
47.22,49.967062,49.967037,49.967024
47.23,49.967062,49.967037,49.967024
47.24,49.967062,49.967036,49.967023
47.25,49.967061,49.967036,49.967023
47.26,49.967061,49.967035,49.967023
47.27,49.967061,49.967035,49.967022
47.28,49.967061,49.967035,49.967022
47.29,49.967060,49.967034,49.967021
47.30,49.967060,49.967034,49.967021
47.31,49.967060,49.967034,49.967020
47.32,49.967060,49.967033,49.967020
47.33,49.967059,49.967033,49.967019
47.34,49.967059,49.967032,49.967019
47.35,49.967059,49.967032,49.967018
47.36,49.967058,49.967032,49.967018
47.37,49.967058,49.967031,49.967017
47.38,49.967058,49.967031,49.967017
47.39,49.967058,49.967031,49.967017
47.40,49.967057,49.967030,49.967016
47.41,49.967057,49.967030,49.967016
47.42,49.967057,49.967030,49.967015
47.43,49.967057,49.967029,49.967015
47.44,49.967056,49.967029,49.967014
47.45,49.967056,49.967029,49.967014
47.46,49.967056,49.967028,49.967014
47.47,49.967056,49.967028,49.967013
47.48,49.967055,49.967028,49.967013
47.49,49.967055,49.967027,49.967012
47.50,49.967055,49.967027,49.967012
47.51,49.967055,49.967027,49.967012
47.52,49.967054,49.967026,49.967011
47.53,49.967054,49.967026,49.967011
47.54,49.967054,49.967026,49.967010
47.55,49.967054,49.967025,49.967010
47.56,49.967053,49.967025,49.967010
47.57,49.967053,49.967025,49.967009
47.58,49.967053,49.967024,49.967009
47.59,49.967052,49.967024,49.967009
47.60,49.967052,49.967024,49.967008
47.61,49.967052,49.967024,49.967008
47.62,49.967052,49.967023,49.967008
47.63,49.967051,49.967023,49.967007
47.64,49.967051,49.967023,49.967007
47.65,49.967051,49.967022,49.967007
47.66,49.967051,49.967022,49.967006
47.67,49.967050,49.967022,49.967006
47.68,49.967050,49.967022,49.967006
47.69,49.967050,49.967021,49.967005
47.70,49.967050,49.967021,49.967005
47.71,49.967049,49.967021,49.967005
47.72,49.967049,49.967020,49.967004
47.73,49.967049,49.967020,49.967004
47.74,49.967049,49.967020,49.967004
47.75,49.967048,49.967020,49.967003
47.76,49.967048,49.967019,49.967003
47.77,49.967048,49.967019,49.967003
47.78,49.967048,49.967019,49.967003
47.79,49.967047,49.967019,49.967002
47.80,49.967047,49.967018,49.967002
47.81,49.967047,49.967018,49.967002
47.82,49.967047,49.967018,49.967001
47.83,49.967046,49.967018,49.967001
47.84,49.967046,49.967017,49.967001
47.85,49.967046,49.967017,49.967001
47.86,49.967045,49.967017,49.967000
47.87,49.967045,49.967017,49.967000
47.88,49.967045,49.967016,49.967000
47.89,49.967045,49.967016,49.967000
47.90,49.967044,49.967016,49.966999
47.91,49.967044,49.967016,49.966999
47.92,49.967044,49.967015,49.966999
47.93,49.967044,49.967015,49.966999
47.94,49.967043,49.967015,49.966998
47.95,49.967043,49.967015,49.966998
47.96,49.967043,49.967015,49.966998
47.97,49.967043,49.967014,49.966998
47.98,49.967042,49.967014,49.966998
47.99,49.967042,49.967014,49.966997
48.00,49.967042,49.967014,49.966997
48.01,49.967042,49.967013,49.966997
48.02,49.967041,49.967013,49.966997
48.03,49.967041,49.967013,49.966996
48.04,49.967041,49.967013,49.966996
48.05,49.967041,49.967013,49.966996
48.06,49.967040,49.967012,49.966996
48.07,49.967040,49.967012,49.966996
48.08,49.967040,49.967012,49.966996
48.09,49.967040,49.967012,49.966995
48.10,49.967039,49.967012,49.966995
48.11,49.967039,49.967011,49.966995
48.12,49.967039,49.967011,49.966995
48.13,49.967039,49.967011,49.966995
48.14,49.967038,49.967011,49.966995
48.15,49.967038,49.967011,49.966994
48.16,49.967038,49.967011,49.966994
48.17,49.967037,49.967010,49.966994
48.18,49.967037,49.967010,49.966994
48.19,49.967037,49.967010,49.966994
48.20,49.967037,49.967010,49.966994
48.21,49.967036,49.967010,49.966994
48.22,49.967036,49.967010,49.966993
48.23,49.967036,49.967009,49.966993
48.24,49.967036,49.967009,49.966993
48.25,49.967035,49.967009,49.966993
48.26,49.967035,49.967009,49.966993
48.27,49.967035,49.967009,49.966993
48.28,49.967035,49.967009,49.966993
48.29,49.967034,49.967009,49.966993
48.30,49.967034,49.967008,49.966992
48.31,49.967034,49.967008,49.966992
48.32,49.967034,49.967008,49.966992
48.33,49.967033,49.967008,49.966992
48.34,49.967033,49.967008,49.966992
48.35,49.967033,49.967008,49.966992
48.36,49.967033,49.967008,49.966992
48.37,49.967032,49.967007,49.966992
48.38,49.967032,49.967007,49.966992
48.39,49.967032,49.967007,49.966992
48.40,49.967032,49.967007,49.966992
48.41,49.967032,49.967007,49.966992
48.42,49.967031,49.967007,49.966991
48.43,49.967031,49.967007,49.966991
48.44,49.967031,49.967007,49.966991
48.45,49.967031,49.967006,49.966991
48.46,49.967030,49.967006,49.966991
48.47,49.967030,49.967006,49.966991
48.48,49.967030,49.967006,49.966991
48.49,49.967030,49.967006,49.966991
48.50,49.967029,49.967006,49.966991
48.51,49.967029,49.967006,49.966991
48.52,49.967029,49.967006,49.966991
48.53,49.967029,49.967006,49.966991
48.54,49.967028,49.967006,49.966991
48.55,49.967028,49.967005,49.966991
48.56,49.967028,49.967005,49.966991
48.57,49.967028,49.967005,49.966991
48.58,49.967027,49.967005,49.966991
48.59,49.967027,49.967005,49.966991
48.60,49.967027,49.967005,49.966991
48.61,49.967027,49.967005,49.966991
48.62,49.967026,49.967005,49.966991
48.63,49.967026,49.967005,49.966991
48.64,49.967026,49.967005,49.966991
48.65,49.967026,49.967005,49.966991
48.66,49.967026,49.967005,49.966991
48.67,49.967025,49.967004,49.966991
48.68,49.967025,49.967004,49.966991
48.69,49.967025,49.967004,49.966991
48.70,49.967025,49.967004,49.966991
48.71,49.967024,49.967004,49.966991
48.72,49.967024,49.967004,49.966991
48.73,49.967024,49.967004,49.966991
48.74,49.967024,49.967004,49.966991
48.75,49.967024,49.967004,49.966991
48.76,49.967023,49.967004,49.966991
48.77,49.967023,49.967004,49.966991
48.78,49.967023,49.967004,49.966991
48.79,49.967023,49.967004,49.966991
48.80,49.967022,49.967004,49.966991
48.81,49.967022,49.967004,49.966991
48.82,49.967022,49.967004,49.966991
48.83,49.967022,49.967004,49.966991
48.84,49.967022,49.967004,49.966992
48.85,49.967021,49.967004,49.966992
48.86,49.967021,49.967003,49.966992
48.87,49.967021,49.967003,49.966992
48.88,49.967021,49.967003,49.966992
48.89,49.967020,49.967003,49.966992
48.90,49.967020,49.967003,49.966992
48.91,49.967020,49.967003,49.966992
48.92,49.967020,49.967003,49.966992
48.93,49.967020,49.967003,49.966992
48.94,49.967019,49.967003,49.966992
48.95,49.967019,49.967003,49.966992
48.96,49.967019,49.967003,49.966992
48.97,49.967019,49.967003,49.966993
48.98,49.967019,49.967003,49.966993
48.99,49.967018,49.967003,49.966993
49.00,49.967018,49.967003,49.966993
49.01,49.967018,49.967003,49.966993
49.02,49.967018,49.967003,49.966993
49.03,49.967018,49.967003,49.966993
49.04,49.967017,49.967003,49.966993
49.05,49.967017,49.967003,49.966993
49.06,49.967017,49.967003,49.966993
49.07,49.967017,49.967003,49.966994
49.08,49.967017,49.967003,49.966994
49.09,49.967016,49.967003,49.966994
49.10,49.967016,49.967003,49.966994
49.11,49.967016,49.967003,49.966994
49.12,49.967016,49.967003,49.966994
49.13,49.967016,49.967003,49.966994
49.14,49.967015,49.967003,49.966994
49.15,49.967015,49.967003,49.966995
49.16,49.967015,49.967003,49.966995
49.17,49.967015,49.967003,49.966995
49.18,49.967015,49.967003,49.966995
49.19,49.967015,49.967003,49.966995
49.20,49.967014,49.967003,49.966995
49.21,49.967014,49.967003,49.966995
49.22,49.967014,49.967003,49.966996
49.23,49.967014,49.967003,49.966996
49.24,49.967014,49.967003,49.966996
49.25,49.967014,49.967003,49.966996
49.26,49.967013,49.967003,49.966996
49.27,49.967013,49.967003,49.966996
49.28,49.967013,49.967004,49.966996
49.29,49.967013,49.967004,49.966997
49.30,49.967013,49.967004,49.966997
49.31,49.967013,49.967004,49.966997
49.32,49.967012,49.967004,49.966997
49.33,49.967012,49.967004,49.966997
49.34,49.967012,49.967004,49.966997
49.35,49.967012,49.967004,49.966998
49.36,49.967012,49.967004,49.966998
49.37,49.967012,49.967004,49.966998
49.38,49.967011,49.967004,49.966998
49.39,49.967011,49.967004,49.966998
49.40,49.967011,49.967004,49.966999
49.41,49.967011,49.967004,49.966999
49.42,49.967011,49.967004,49.966999
49.43,49.967011,49.967004,49.966999
49.44,49.967011,49.967004,49.966999
49.45,49.967010,49.967004,49.966999
49.46,49.967010,49.967004,49.967000
49.47,49.967010,49.967004,49.967000
49.48,49.967010,49.967005,49.967000
49.49,49.967010,49.967005,49.967000
49.50,49.967010,49.967005,49.967000
49.51,49.967010,49.967005,49.967001
49.52,49.967009,49.967005,49.967001
49.53,49.967009,49.967005,49.967001
49.54,49.967009,49.967005,49.967001
49.55,49.967009,49.967005,49.967001
49.56,49.967009,49.967005,49.967002
49.57,49.967009,49.967005,49.967002
49.58,49.967009,49.967005,49.967002
49.59,49.967009,49.967005,49.967002
49.60,49.967008,49.967005,49.967003
49.61,49.967008,49.967005,49.967003
49.62,49.967008,49.967006,49.967003
49.63,49.967008,49.967006,49.967003
49.64,49.967008,49.967006,49.967003
49.65,49.967008,49.967006,49.967004
49.66,49.967008,49.967006,49.967004
49.67,49.967008,49.967006,49.967004
49.68,49.967008,49.967006,49.967004
49.69,49.967007,49.967006,49.967004
49.70,49.967007,49.967006,49.967005
49.71,49.967007,49.967006,49.967005
49.72,49.967007,49.967006,49.967005
49.73,49.967007,49.967007,49.967005
49.74,49.967007,49.967007,49.967006
49.75,49.967007,49.967007,49.967006
49.76,49.967007,49.967007,49.967006
49.77,49.967007,49.967007,49.967006
49.78,49.967007,49.967007,49.967007
49.79,49.967007,49.967007,49.967007
49.80,49.967006,49.967007,49.967007
49.81,49.967006,49.967007,49.967007
49.82,49.967006,49.967007,49.967007
49.83,49.967006,49.967008,49.967008
49.84,49.967006,49.967008,49.967008
49.85,49.967006,49.967008,49.967008
49.86,49.967006,49.967008,49.967008
49.87,49.967006,49.967008,49.967009
49.88,49.967006,49.967008,49.967009
49.89,49.967006,49.967008,49.967009
49.90,49.967006,49.967008,49.967009
49.91,49.967006,49.967008,49.967010
49.92,49.967006,49.967009,49.967010
49.93,49.967006,49.967009,49.967010
49.94,49.967005,49.967009,49.967010
49.95,49.967005,49.967009,49.967011
49.96,49.967005,49.967009,49.967011
49.97,49.967005,49.967009,49.967011
49.98,49.967005,49.967009,49.967011
49.99,49.967005,49.967009,49.967012
50.00,49.967005,49.967010,49.967012
